title,totalScore,reviewsCount,street,city,website,phone,url,categoryName,Instagram,Tiktok,Facebook,YT,Jumlah OTA,Status,jumlah_sosmed_ota,kategori,kategori_ota,has_website,has_phone,cluster,tier
Collection O Bali near Beachwalk Shoppin,1.0,1,"75J9+VPH Budget Door Legian Inn, Jl. Poppies II",Bali,,62 838-3838-387,https://www.google.com/maps/search/?api=1&query=Collection%20O%20Bali%20near%20Beachwalk%20Shoppin&query_place_id=ChIJrWnMlL5G0i0R8gcDmzXYVlo,Hotel,True,False,True,True,6,UDA DI CEK,9,Sedang,Rendah,0,1,1,3
RedDoorz @ Sriwijaya Legian 2,1.0,1,Jl. Sriwijaya No.23,Badung Regency,https://www.reddoorz.com/id-id/hotel/indonesia/bali/raya-kuta/padma-beach/reddoorz-sriwijaya-legian-2?utm_campaign=webclick&utm_medium=mybusiness&utm_source=google,62 21 80629666,https://www.google.com/maps/search/?api=1&query=RedDoorz%20%40%20Sriwijaya%20Legian%202&query_place_id=ChIJCyNVzcVG0i0RrYpHM8Mbs2Q,Hotel,True,True,True,True,5,UDA DI CEK,9,Sedang,Rendah,1,1,0,1
OYO 92607 Simalem Guest House,2.0,4,Jl. Raya Kuta No.100,Badung Regency,,62 817-788-016,https://www.google.com/maps/search/?api=1&query=OYO%2092607%20Simalem%20Guest%20House&query_place_id=ChIJQVhPiq9G0i0Ra9i2XoTMHFM,Hotel,True,True,True,True,8,UDA DI CEK,12,Sedang,Sedang,0,1,1,3
Airy Eco Jimbaran Bantas Kangin 6 Bali,3.0,2,Jl. Batas Kangin No.6,Badung Regency,,62 804 111 2479,https://www.google.com/maps/search/?api=1&query=Airy%20Eco%20Jimbaran%20Bantas%20Kangin%206%20Bali&query_place_id=ChIJ53SKUXtE0i0RJ21oJiNQf7U,Hotel,True,False,True,False,3,UDA DI CEK,5,Rendah,Rendah,0,1,1,3
Airy Kuta Buni Sari Bali,3.0,1,Jl. Bunisari No.14A,Badung Regency,,62 804 111 2479,https://www.google.com/maps/search/?api=1&query=Airy%20Kuta%20Buni%20Sari%20Bali&query_place_id=ChIJk3UEyrpG0i0Rpyx_XqEGOzM,Hotel,True,False,True,False,3,UDA DI CEK,5,Rendah,Rendah,0,1,1,3
Amanda Resort,3.0,3,"75WF+483, Jl. Raya Petitenget Kerobokan Benoa Kuta Selatan Badung Bali",Badung Regency,,62 361 731350,https://www.google.com/maps/search/?api=1&query=Amanda%20Resort&query_place_id=ChIJg0U7w8RG0i0RCyNd_5Jz9vM,Hotel,False,False,False,False,4,UDA DI CEK,4,Rendah,Rendah,0,1,1,3
Collection O 14 Sun Boutique Hotel,3.0,19,Jl. Sunset Road No.23,Badung Regency,https://www.oyorooms.com/h/76131?utm_source=Google_gmb_ID&utm_medium=Organic&utm_campaign=ID_BLI058&latitude=-8.70748&longitude=115.184&locale=id,62 21 29707601,https://www.google.com/maps/search/?api=1&query=Collection%20O%2014%20Sun%20Boutique%20Hotel&query_place_id=ChIJERXO3NlG0i0RWJ7P9lbCf4s,Hotel,True,False,True,True,6,UDA DI CEK,9,Sedang,Rendah,1,1,0,1
Hotel Ratna,3.0,30,Jl. Raya Kuta No.100X,Badung Regency,,62 361 754038,https://www.google.com/maps/search/?api=1&query=Hotel%20Ratna&query_place_id=ChIJpTC26CWHyi0RDrer2FejJgU,Hotel,True,False,False,False,6,UDA DI CEK,7,Sedang,Rendah,0,1,1,3
Legian Village Hotel,3.0,2,"855F+WVJ, JL. Yudistira, Legian",Badung Regency,,,https://www.google.com/maps/search/?api=1&query=Legian%20Village%20Hotel&query_place_id=ChIJP4QKUCZH0i0RlNCid94R588,Hotel,True,False,True,False,14,UDA DI CEK,16,Tinggi,Tinggi,0,0,3,4
OYO 90055 Sadewa Guest House,3.0,2,Jl. Sahadewa No.21,Badung Regency,https://www.oyorooms.com/h/107016?utm_source=Google_gmb_ID&utm_medium=Organic&utm_campaign=ID_BLI229&latitude=-8.70651&longitude=115.1688&locale=id,62 21 29707601,https://www.google.com/maps/search/?api=1&query=OYO%2090055%20Sadewa%20Guest%20House&query_place_id=ChIJlwPJRI1H0i0RMdGtGHMklPk,Hotel,True,True,True,True,8,UDA DI CEK,12,Sedang,Sedang,1,1,0,1
Pension Joni,3.0,1,"75V9+MJ9, Jl. Padma",Badung Regency,,62 361 751182,https://www.google.com/maps/search/?api=1&query=Pension%20Joni&query_place_id=ChIJ2_wyDsNG0i0RkRYYU3fXjPc,Hotel,False,False,True,False,2,UDA DI CEK,3,Rendah,Rendah,0,1,1,3
RedDoorz @ Bidadari Seminyak,3.0,1,"I, Jl. Gunung Atena No.36",Denpasar City,,62 21 80629555,https://www.google.com/maps/search/?api=1&query=RedDoorz%20%40%20Bidadari%20Seminyak&query_place_id=ChIJxz2tOztH0i0RkDXSssSk9rw,Hotel,True,True,True,True,8,UDA DI CEK,12,Sedang,Sedang,0,1,1,3
Sayang Maha Mertha Hotel,3.0,3,Jl. Melasti,Badung Regency,,,https://www.google.com/maps/search/?api=1&query=Sayang%20Maha%20Mertha%20Hotel&query_place_id=ChIJh1rg__8j0i0RRUlZGV5O7C4,Hotel,False,False,True,False,3,UDA DI CEK,4,Rendah,Rendah,0,0,3,4
ZEN Rooms Basic Sunset Road Boutique Hotel,3.0,4,"Jl. Sunset Road No.23, 80361",Badung Regency,https://www.zenrooms.com/id/hotel/9/zen-rooms-basic-sunset-road-boutique-hotel-bali-4552?utm_source=local&utm_medium=organic&utm_campaign=gmb,62 855-7467-1004,https://www.google.com/maps/search/?api=1&query=ZEN%20Rooms%20Basic%20Sunset%20Road%20Boutique%20Hotel&query_place_id=ChIJ409tCcxG0i0RIEo8ti94-ME,Hotel,True,False,True,False,3,UDA DI CEK,5,Rendah,Rendah,1,1,0,1
Ab Hotel Kuta,4.0,160,"75GF+4CP, Jl. Bakung Sari",Badung Regency,https://abhotelkuta.com/,,https://www.google.com/maps/search/?api=1&query=Ab%20Hotel%20Kuta&query_place_id=ChIJDz8_AQBH0i0RwIx9lE13qmY,Hotel,True,True,False,False,3,UDA DI CEK,5,Rendah,Rendah,1,0,2,2
Amaris Hotel Dewi Sri - Bali,4.0,975,Jl. Dewi Sri No.88x,Badung Regency,https://mysantika.com/indonesia/badung/amaris-hotel-dewi-sri-bali,62 361 8496633,https://www.google.com/maps/search/?api=1&query=Amaris%20Hotel%20Dewi%20Sri%20-%20Bali&query_place_id=ChIJo6aTes9G0i0R4XlZ7Klzenc,Hotel,False,False,False,False,9,UDA DI CEK,9,Sedang,Sedang,1,1,0,1
Amaris Hotel Sunset Road,4.0,1134,Jl. Sunset Road No.57,Badung Regency,https://mysantika.com/indonesia/badung/amaris-hotel-sunset-road,62 361 8496555,https://www.google.com/maps/search/?api=1&query=Amaris%20Hotel%20Sunset%20Road&query_place_id=ChIJgbYcU8pG0i0RR1pILHoq7xY,Hotel,True,False,False,False,5,UDA DI CEK,6,Rendah,Rendah,1,1,0,1
Amor Bali Villas & Spa Resort,4.0,154,Jl. Bidadari No.110C Seminyak Kuta,Badung Regency,,62 811-3883-2222,https://www.google.com/maps/search/?api=1&query=Amor%20Bali%20Villas%20%26%20Spa%20Resort&query_place_id=ChIJx6iHvev0aS4RyegrJLY0944,Villa,True,False,True,False,6,UDA DI CEK,8,Sedang,Rendah,0,1,1,3
Arya Hotel,4.0,135,"75JJ+H66, Jalan Raya",Badung Regency,,62 361 756729,https://www.google.com/maps/search/?api=1&query=Arya%20Hotel&query_place_id=ChIJRdtH5rZG0i0RCPASEL33KBA,Hotel,False,False,False,False,8,UDA DI CEK,8,Sedang,Sedang,0,1,1,3
Bali Globe Hotel,4.0,2,Jl. Dhyana Pura No.9A,Badung Regency,,62 361 730098,https://www.google.com/maps/search/?api=1&query=Bali%20Globe%20Hotel&query_place_id=ChIJKRFjtCFH0i0R-v6iZGj_L2k,Hotel,False,False,False,False,4,UDA DI CEK,4,Rendah,Rendah,0,1,1,3
Berry Biz Hotel Sunset Road,4.0,1892,Jl. Sunset Road No.99,Badung Regency,http://www.berrybizhotel.id/,62 857-3844-5754,https://www.google.com/maps/search/?api=1&query=Berry%20Biz%20Hotel%20Sunset%20Road&query_place_id=ChIJraDxU9dG0i0Rc7mVS8U4XJg,Hotel,True,True,True,False,12,UDA DI CEK,15,Tinggi,Sedang,1,1,0,1
Champlung Mas Hotel Kuta Legian,4.0,1661,Jl. Lb. Bene No.16,Badung Regency,http://www.champlungmaslegian.com/,62 361 756448,https://www.google.com/maps/search/?api=1&query=Champlung%20Mas%20Hotel%20Kuta%20Legian&query_place_id=ChIJXw77_sNG0i0RnZPG06LeGoU,Hotel,True,True,True,False,12,UDA DI CEK,15,Tinggi,Sedang,1,1,0,1
Collection O Bali near Beachwalk Shopping Center formerly Budget Door Legian Inn,4.0,289,Jl. Poppies Lane II Gg. Gora No.7,Badung Regency,https://www.oyorooms.com/ID/308023/,62 21 29707601,https://www.google.com/maps/search/?api=1&query=Collection%20O%20Bali%20near%20Beachwalk%20Shopping%20Center%20formerly%20Budget%20Door%20Legian%20Inn&query_place_id=ChIJC91IG7lG0i0RV9SL5ELpMHY,Hotel,True,False,True,True,9,UDA DI CEK,12,Sedang,Sedang,1,1,0,1
Fourteen Roses Beach Hotel,4.0,452,"Jalan Melasti, Gg Intan No.1. Legian Klod",Badung Regency,http://www.frblissfulexperience.com/,62 361 759990,https://www.google.com/maps/search/?api=1&query=Fourteen%20Roses%20Beach%20Hotel&query_place_id=ChIJ4-RxdMFG0i0RcxYwFGfdgYQ,Hotel,True,False,True,False,13,UDA DI CEK,15,Tinggi,Tinggi,1,1,0,1
"G' Sign Style Hotel, Kuta",4.0,593,Jl. Raya Tuban No.111,Badung Regency,https://www.gsignstylehotel.top/en/,62 361 757532,https://www.google.com/maps/search/?api=1&query=G'%20Sign%20Style%20Hotel%2C%20Kuta&query_place_id=ChIJhZQR3gRE0i0RNvNkrpPiqdY,Hotel,True,True,True,False,11,UDA DI CEK,14,Tinggi,Sedang,1,1,0,1
Gana Inn Legian,4.0,256,Jl. Patimura No.32,Badung Regency,,62 361 753634,https://www.google.com/maps/search/?api=1&query=Gana%20Inn%20Legian&query_place_id=ChIJiXHxusdG0i0R8io8AlgY2QA,Hotel,False,False,True,False,8,UDA DI CEK,9,Sedang,Sedang,0,1,1,3
Gazebo Beach Hotel,4.0,498,Jl. Danau Tamblingan No.35-37,Denpasar City,https://gazebohotelbali.com/,62 361 288212,https://www.google.com/maps/search/?api=1&query=Gazebo%20Beach%20Hotel&query_place_id=ChIJZ9iNP8tB0i0R9wZv-lpqbBc,Hotel,True,False,False,False,12,UDA DI CEK,13,Tinggi,Sedang,1,1,0,1
Gemini Star Hotel Kuta,4.0,229,,Badung Regency,http://geministarhotel.zoombookdirect.com//?utm_source=googlemybusiness&utm_medium=organic&utm_campaign=google_my_business,62 819-9912-4855,https://www.google.com/maps/search/?api=1&query=Gemini%20Star%20Hotel%20Kuta&query_place_id=ChIJ40mQeLlG0i0Rig1lmP5Hi98,Hotel,False,False,False,True,11,UDA DI CEK,12,Sedang,Sedang,1,1,0,1
Grand Bimasena Hostel,4.0,44,Jln Legian No.190,Badung Regency,,62 818-0564-4611,https://www.google.com/maps/search/?api=1&query=Grand%20Bimasena%20Hostel&query_place_id=ChIJKdACGcdG0i0RzuYBozEDHwg,Hotel,False,False,True,False,6,UDA DI CEK,7,Sedang,Rendah,0,1,1,3
Grand Mega Resort & Spa Bali,4.0,3303,Jl. Bypass Ngurah Rai No.234,Badung Regency,https://www.grandmegaresortbali.com/,62 361 767672,https://www.google.com/maps/search/?api=1&query=Grand%20Mega%20Resort%20%26%20Spa%20Bali&query_place_id=ChIJtZQ2FbJG0i0RCVpQrXDV9E8,Resort hotel,True,True,True,False,10,UDA DI CEK,13,Tinggi,Sedang,1,1,0,1
Griya SUNSET KUTA,4.0,198,Jl. Pura Merta Sari V No.29,Denpasar City,,62 361 8480912,https://www.google.com/maps/search/?api=1&query=Griya%20SUNSET%20KUTA&query_place_id=ChIJ5SazYMxG0i0RVX0hulvRv4w,Hotel,False,False,True,False,7,UDA DI CEK,8,Sedang,Sedang,0,1,1,3
Homestay PadmaLimaSatu legian,4.0,10,Jl. Padma No.51,Badung Regency,,62 821-4646-5151,https://www.google.com/maps/search/?api=1&query=Homestay%20PadmaLimaSatu%20legian&query_place_id=ChIJraR3C8NG0i0REsPlkh7W6yI,Hotel,True,False,True,False,4,UDA DI CEK,6,Rendah,Rendah,0,1,1,3
Hotel Darmadi,4.0,257,Jl. Raya Tuban No.85X,Badung Regency,http://hoteldarmadi-bke.zoombookdirect.com/,62 361 751788,https://www.google.com/maps/search/?api=1&query=Hotel%20Darmadi&query_place_id=ChIJZW-MhKhG0i0R_BRt01uik-I,Hotel,True,False,True,False,8,UDA DI CEK,10,Sedang,Sedang,1,1,0,1
Hotel Kendi Mas,4.0,85,Jl. Bakung Sari,Badung Regency,,62 361 750019,https://www.google.com/maps/search/?api=1&query=Hotel%20Kendi%20Mas&query_place_id=ChIJqf1b16RG0i0RH5F9mkzL1XY,Hotel,False,False,True,False,6,UDA DI CEK,7,Sedang,Rendah,0,1,1,3
Hotel The Flora Kuta Bali,4.0,516,Jl. Bakung Sari No.13A,Badung Regency,http://www.hoteltheflorakutabali.com/,62 811-3931-964,https://www.google.com/maps/search/?api=1&query=Hotel%20The%20Flora%20Kuta%20Bali&query_place_id=ChIJdbJj_a1G0i0RbMzogKS8JeA,Hotel,True,False,True,False,15,UDA DI CEK,17,Tinggi,Tinggi,1,1,0,1
Jimbaran bay hotel,4.0,1,Jl. Pantai Kedonganan No.18X,Badung Regency,,,https://www.google.com/maps/search/?api=1&query=Jimbaran%20bay%20hotel&query_place_id=ChIJWxigbQBF0i0REslFNDw058Q,Hotel,True,True,True,False,15,UDA DI CEK,18,Tinggi,Tinggi,0,0,3,4
Keola hotel,4.0,206,Gg. Cempaka No.3,Badung Regency,,62 361 4753395,https://www.google.com/maps/search/?api=1&query=Keola%20hotel&query_place_id=ChIJWVC6JchH0i0RhiHrvQ4hjws,Hotel,True,False,False,False,10,UDA DI CEK,11,Sedang,Sedang,0,1,1,3
Komala Indah 2,4.0,98,Jl. Benesari Gang Komala Indah No.2,Badung Regency,,62 361 754258,https://www.google.com/maps/search/?api=1&query=Komala%20Indah%202&query_place_id=ChIJTdiLkcBG0i0RM58xWmxPrhc,Hotel,False,False,False,False,8,UDA DI CEK,8,Sedang,Sedang,0,1,1,3
Kuta Angel Boutique Hotel,4.0,563,Jl. Pantai Kuta Br. Pande Mas No.33,Badung Regency,,62 361 751132,https://www.google.com/maps/search/?api=1&query=Kuta%20Angel%20Boutique%20Hotel&query_place_id=ChIJEY2tJLtG0i0RPfpRpEPtIR0,Hotel,True,False,True,False,11,UDA DI CEK,13,Tinggi,Sedang,0,1,1,3
Liberta Hotel Jimbaran,4.0,709,Jl. Uluwatu Kedonganan Kuta No.389,Badung Regency,https://libertahotels.com/hotel/index?uid=4b8eb8d0-d5fc-4134-9d02-5a47ee7efc8a&id=2&checkin=2024/10/31&checkout=2024/11/01&room=1&guest=1,62 812-3902-9141,https://www.google.com/maps/search/?api=1&query=Liberta%20Hotel%20Jimbaran&query_place_id=ChIJP3p1aoJF0i0RW5vMcKMmKrA,Hotel,True,True,True,False,9,UDA DI CEK,12,Sedang,Sedang,1,1,0,1
Losari Hotel Sunset Road Bali,4.0,734,"75RM+7G, Jl. Sunset Road No.169",Badung Regency,http://www.losarihotels.com/,62 878-8919-9050,https://www.google.com/maps/search/?api=1&query=Losari%20Hotel%20Sunset%20Road%20Bali&query_place_id=ChIJrRU5gc9G0i0RSO7B-6hL2Gs,Hotel,True,True,True,False,9,UDA DI CEK,12,Sedang,Sedang,1,1,0,1
Mahe Garden Inn and Villas Formerly Mahita Brana Homestay,4.0,136,Jl. Kubu Anyar No.8A,Badung Regency,https://www.mahegardeninn.com/,62 878-6178-0418,https://www.google.com/maps/search/?api=1&query=Mahe%20Garden%20Inn%20and%20Villas%20Formerly%20Mahita%20Brana%20Homestay&query_place_id=ChIJe2JpTqRG0i0RPDEda2ETWpU,Hotel,True,False,False,False,10,UDA DI CEK,11,Sedang,Sedang,1,1,0,1
Mutiara Bali Collections,4.0,4,Jl. Braban No.77,Badung Regency,https://mutiarabalicollections.com/,62 813-2993-2930,https://www.google.com/maps/search/?api=1&query=Mutiara%20Bali%20Collections&query_place_id=ChIJZ3Ah_0xH0i0RkkIXfp_saow,Villa,True,True,True,False,3,UDA DI CEK,6,Rendah,Rendah,1,1,0,1
NB Bali Guest House,4.0,220,Jl. Bhineka Jati Jaya XI Gg. Turi No.9,Badung Regency,http://www.nbbaliguesthouse.com/,62 819-9943-2299,https://www.google.com/maps/search/?api=1&query=NB%20Bali%20Guest%20House&query_place_id=ChIJSZCnnB1E0i0RFZEwZeYlQvk,Lodge,True,True,True,False,8,UDA DI CEK,11,Sedang,Sedang,1,1,0,1
OYO 1934 Sedana Inn,4.0,72,Jl. Samudra,Badung Regency,https://www.oyorooms.com/h/86058?utm_source=Google_gmb_ID&utm_medium=Organic&utm_campaign=ID_BLI086&latitude=-8.73478&longitude=115.1654&locale=id,62 21 29707601,https://www.google.com/maps/search/?api=1&query=OYO%201934%20Sedana%20Inn&query_place_id=ChIJ73hZgvdF0i0RDeRo4kzyqpg,Hotel,True,True,True,True,8,UDA DI CEK,12,Sedang,Sedang,1,1,0,1
OYO 734 Tuban Torres Accommodation,4.0,134,Jl. Kakatua No.7,Badung Regency,https://www.oyorooms.com/ID/54630/?utm_source=GMB_ID&utm_medium=Organic&utm_campaign=ID_BLI031&latitude=-8.743689&longitude=115.173067&locale=id,62 21 29707601,https://www.google.com/maps/search/?api=1&query=OYO%20734%20Tuban%20Torres%20Accommodation&query_place_id=ChIJb8hrDBpE0i0RCNbf0v6iR1c,Hotel,True,True,True,True,8,UDA DI CEK,12,Sedang,Sedang,1,1,0,1
Padma Surya,4.0,23,Jl. Padma No.12,Badung Regency,,62 361 4755517,https://www.google.com/maps/search/?api=1&query=Padma%20Surya&query_place_id=ChIJuSpgesNG0i0Rl46GUIM6YlI,Hotel,False,False,False,False,2,UDA DI CEK,2,Rendah,Rendah,0,1,1,3
Paradiso Beach Inn,4.0,188,"Jalan Legian No. 61, Kuta",Badung Regency,,62 361 752270,https://www.google.com/maps/search/?api=1&query=Paradiso%20Beach%20Inn&query_place_id=ChIJLyTBXsNG0i0RMu4hMSaT_Ws,Hotel,True,True,True,False,7,UDA DI CEK,10,Sedang,Sedang,0,1,1,3
Pendawa Gapura,4.0,133,"Kartika Plasa Street, Pendawa Lane no.3",Badung Regency,,62 815-7341-2221,https://www.google.com/maps/search/?api=1&query=Pendawa%20Gapura&query_place_id=ChIJGWGlgaBG0i0RUZUNO7TzWC4,Hotel,True,False,True,False,5,UDA DI CEK,7,Sedang,Rendah,0,1,1,3
RedDoorz @ Sehati Raya Kuta,4.0,21,Jl. Raya Kuta No.2,Badung Regency,,62 21 80629666,https://www.google.com/maps/search/?api=1&query=RedDoorz%20%40%20Sehati%20Raya%20Kuta&query_place_id=ChIJ4-OGAbBG0i0RQPcBTzkoR3Q,Hotel,True,True,True,True,5,UDA DI CEK,9,Sedang,Rendah,0,1,1,3
RedDoorz @ Seminyak Sunset,4.0,3,"8597+GX5, Gg. Meduri",Badung Regency,,62 817-9752-305,https://www.google.com/maps/search/?api=1&query=RedDoorz%20%40%20Seminyak%20Sunset&query_place_id=ChIJtZkJKxZH0i0RiYPJos7GK-Y,Hotel,True,True,True,True,5,UDA DI CEK,9,Sedang,Rendah,0,1,1,3
RedDoorz Plus near Mall Bali Galeria,4.0,3,Jl. Bypass Ngurah Rai No.999,Badung Regency,,62 21 80629666,https://www.google.com/maps/search/?api=1&query=RedDoorz%20Plus%20near%20Mall%20Bali%20Galeria&query_place_id=ChIJC5Fn6ahG0i0RxXlm6jf01l4,Hotel,True,True,True,True,5,UDA DI CEK,9,Sedang,Rendah,0,1,1,3
Sarinande Hotel,4.0,193,"15, Jl. Sarinande",Badung Regency,http://www.sarinandehotels.com/,62 361 730383,https://www.google.com/maps/search/?api=1&query=Sarinande%20Hotel&query_place_id=ChIJP8UQHhxH0i0RUSH-1PyeK58,Hotel,True,False,True,False,9,UDA DI CEK,11,Sedang,Sedang,1,1,0,1
Seminyak Townhouse,4.0,351,Jl. Nakula Jl. Dewi Ratih No.3,Badung Regency,http://www.seminyaktownhousebali.com/,62 361 4471519,https://www.google.com/maps/search/?api=1&query=Seminyak%20Townhouse&query_place_id=ChIJP6sTzd5G0i0RDiUW5ZXodOY,Lodging,True,True,True,False,7,UDA DI CEK,10,Sedang,Sedang,1,1,0,1
Serela Legian Hotel Bali,4.0,1017,Jl. Lb. Bene No.168,Badung Regency,,62 361 4727168,https://www.google.com/maps/search/?api=1&query=Serela%20Legian%20Hotel%20Bali&query_place_id=ChIJb5YIQ8FG0i0R-7AtTPQ2RRs,Hotel,True,False,True,True,8,UDA DI CEK,11,Sedang,Sedang,0,1,1,3
Simpang Inn,4.0,575,Jln Legian No.133,Badung Regency,https://simpanginn.com/booking/,62 361 761306,https://www.google.com/maps/search/?api=1&query=Simpang%20Inn&query_place_id=ChIJg-mt-bhG0i0R67HfqGuS7NM,Hotel,True,True,False,False,12,UDA DI CEK,14,Tinggi,Sedang,1,1,0,1
Sun Royal Hotel Bali,4.0,759,Jl. Sunset Road No.6S,Badung Regency,http://www.sunroyalhotel.com/,62 361 8465828,https://www.google.com/maps/search/?api=1&query=Sun%20Royal%20Hotel%20Bali&query_place_id=ChIJ6Qi2ltBG0i0Rc975re7YX5g,Hotel,True,True,True,False,10,UDA DI CEK,13,Tinggi,Sedang,1,1,0,1
Suris Boutique Hotel,4.0,674,Jl. Blambangan No.5,Badung Regency,,62 361 751332,Suris Boutique Hotel,Hotel,True,True,True,False,9,UDA DI CEK,12,Sedang,Sedang,0,1,1,3
Taman Ayu Legian,4.0,93,"Jalan Legian No.99, Kuta",Badung Regency,,62 361 755443,https://www.google.com/maps/search/?api=1&query=Taman%20Ayu%20Legian&query_place_id=ChIJGwr_8N5G0i0RWU3MBMIhArY,Hotel,True,False,True,False,9,UDA DI CEK,11,Sedang,Sedang,0,1,1,3
The Bali Dream Villa 1,4.0,126,,Badung Regency,,,https://www.google.com/maps/search/?api=1&query=The%20Bali%20Dream%20Villa%201&query_place_id=ChIJ6djuS4NH0i0RqV5-hL2JR4w,Hotel,True,True,True,True,15,UDA DI CEK,19,Sangat tinggi,Tinggi,0,0,3,4
The Club Villas Seminyak,4.0,230,Jl. Kayu Aya Gg. Darma,Badung Regency,https://theclubvillaseminyak.com/,62 811-3891-1933,https://www.google.com/maps/search/?api=1&query=The%20Club%20Villas%20Seminyak&query_place_id=ChIJgfRJGhpH0i0R0dxNJamN8hw,Villa,True,True,True,False,10,UDA DI CEK,13,Tinggi,Sedang,1,1,0,1
villa ashira (hevri),4.0,1,Jl. Dewi Sri II No.188,Badung Regency,,,https://www.google.com/maps/search/?api=1&query=villa%20ashira%20(hevri)&query_place_id=ChIJXfds6s9G0i0RWak6alzZugs,Hotel,True,True,False,False,4,UDA DI CEK,6,Rendah,Rendah,0,0,3,4
Villa Cuatro,4.0,8,Jl. Lb. Sari,Badung Regency,http://managementbali.com/,,https://www.google.com/maps/search/?api=1&query=Villa%20Cuatro&query_place_id=ChIJZUDBkNFH0i0Ry5Fw-lQgbt8,Lodging,True,False,False,False,7,UDA DI CEK,8,Sedang,Sedang,1,0,2,2
Villa de Malicott Athena,4.0,78,Jl. Gn. Atena II No.3,Denpasar City,,62 878-6060-1446,https://www.google.com/maps/search/?api=1&query=Villa%20de%20Malicott%20Athena&query_place_id=ChIJ-_vLebpH0i0RTY5sB49tqZI,Villa,True,False,False,False,6,UDA DI CEK,7,Sedang,Rendah,0,1,1,3
Villa Naga Laut,4.0,4,75XF+JJ5,Badung Regency,,62 21 99711188,https://www.google.com/maps/search/?api=1&query=Villa%20Naga%20Laut&query_place_id=ChIJp6qqqttG0i0RKsSwJ5xQLDQ,Resort hotel,False,False,False,False,6,UDA DI CEK,6,Rendah,Rendah,0,1,1,3
Vito Sakti. CV,4.0,1,"JL. By Pass Ngurah Rai, No. 174, Kerobokan Kuta",Denpasar City,,62 361 283171,https://www.google.com/maps/search/?api=1&query=Vito%20Sakti.%20CV&query_place_id=ChIJd_Z7Nk1B0i0Rtf8oqEhzMHk,Hotel,False,False,False,False,0,UDA DI CEK,0,Rendah,Rendah,0,1,1,3
Wyndham Garden Kuta Beach Bali,4.0,2055,Jl. Pantai Kuta 99 X,Badung Regency,https://www.wyndhamgardenkutabali.com/?CID=LC:46q62bu8edfbx3y:50835&iata=00093796,62 623 61755755,https://www.google.com/maps/search/?api=1&query=Wyndham%20Garden%20Kuta%20Beach%20Bali&query_place_id=ChIJ-w1Sgr9G0i0R69LN5ladTjI,Hotel,True,True,True,False,12,UDA DI CEK,15,Tinggi,Sedang,1,1,0,1
ZEN Rooms Batu pageh legian Kuta,4.0,1,"75RF+979, Jl. Batu Pageh Gg. Melani",Badung Regency,https://zenrooms.com/hotel/9/zen-rooms-batu-pageh-legian-kuta-bali-5836?utm_source=local&utm_medium=organic&utm_campaign=gmb,62 855-7467-1004,https://www.google.com/maps/search/?api=1&query=ZEN%20Rooms%20Batu%20pageh%20legian%20Kuta&query_place_id=ChIJ2YAZm8ZG0i0RwBMkchiirgw,Hotel,True,False,True,False,3,UDA DI CEK,5,Rendah,Rendah,1,1,0,1
ZEN Rooms Denpasar Imam Bonjol 2,4.0,1,"853P+3HV Perum. Budha Cemeng Ukir, Jl. Imam Bonjol",Bali,https://zenrooms.com/hotel/9/zen-rooms-denpasar-imam-bonjol-2-bali-928?utm_source=local&utm_medium=organic&utm_campaign=gmb,62 855-7467-1004,https://www.google.com/maps/search/?api=1&query=ZEN%20Rooms%20Denpasar%20Imam%20Bonjol%202&query_place_id=ChIJPTiChNRG0i0RfvGSB7PfA6o,Hotel,True,False,True,False,3,UDA DI CEK,5,Rendah,Rendah,1,1,0,1
ZEN Rooms Kuta ByPass Ngurah Rai,4.0,3,Jl. Bypass Ngurah Rai No.999,Badung Regency,https://kay-recomends-you.eu/zen-rooms-kuta-bypass-ngurah-rai-indonesia,62 855-7467-1004,https://www.google.com/maps/search/?api=1&query=ZEN%20Rooms%20Kuta%20ByPass%20Ngurah%20Rai&query_place_id=ChIJj46o7qhG0i0R_D6qVraPWTc,Hotel,True,False,True,False,3,UDA DI CEK,5,Rendah,Rendah,1,1,0,1
ZEN Rooms Kuta Centre Kartika Plaza,4.0,1,Jl. Kartika Plaza Centre No.8X,Badung Regency,,62 855-7467-1004,https://www.google.com/maps/search/?api=1&query=ZEN%20Rooms%20Kuta%20Centre%20Kartika%20Plaza&query_place_id=ChIJr_6rsqFG0i0RydblcAQyQUk,Hotel,True,False,True,False,3,UDA DI CEK,5,Rendah,Rendah,0,1,1,3
ZEN Rooms Legian Melasti,4.0,5,Jl. Lb. Bene No.16,Badung Regency,https://www.zenrooms.com/hotel/9/zen-rooms-legian-melasti-bali-118?utm_source=local&utm_medium=organic&utm_campaign=gmb,,https://www.google.com/maps/search/?api=1&query=ZEN%20Rooms%20Legian%20Melasti&query_place_id=ChIJa4xqPsFG0i0R9ekQUXNPuJQ,Hotel,True,False,True,False,3,UDA DI CEK,5,Rendah,Rendah,1,0,2,2
Airy Kuta Pura Mertasari Dua 9 Bali,5.0,1,Jl.Pura Mertasari II/ 9 Sunset Road ( Belakang sushi tei),Bali,,62 804 111 2479,https://www.google.com/maps/search/?api=1&query=Airy%20Kuta%20Pura%20Mertasari%20Dua%209%20Bali&query_place_id=ChIJG_Br_spG0i0RHmK55q3J-7M,Hotel,True,False,True,False,3,UDA DI CEK,5,Rendah,Rendah,0,1,1,3
Airy Legian Batu Pageh Gang Melan Kuta Bali,5.0,1,"75RF+975, Jl. Batu Pageh Gg. Melani",Badung Regency,,62 804 111 2479,https://www.google.com/maps/search/?api=1&query=Airy%20Legian%20Batu%20Pageh%20Gang%20Melan%20Kuta%20Bali&query_place_id=ChIJx1oZm8ZG0i0RVd7IKsMXLpw,Hotel,True,False,True,False,3,UDA DI CEK,5,Rendah,Rendah,0,1,1,3
Airy Legian Shri Lakshmi Kuta Bali,5.0,1,Jl. Shri Lakshmi No.27,Badung Regency,,62 804 111 2479,https://www.google.com/maps/search/?api=1&query=Airy%20Legian%20Shri%20Lakshmi%20Kuta%20Bali&query_place_id=ChIJ1ST7lNlG0i0RhV659NGrhyU,Hotel,True,False,True,False,3,UDA DI CEK,5,Rendah,Rendah,0,1,1,3
Airy Premier Legian Padma Kuta Bali,5.0,1,"75V9+JH4, Jl. Padma",Badung Regency,,62 804 111 2479,https://www.google.com/maps/search/?api=1&query=Airy%20Premier%20Legian%20Padma%20Kuta%20Bali&query_place_id=ChIJqd_xDcNG0i0RzzmI1BW4jUY,Hotel,True,False,True,False,3,UDA DI CEK,5,Rendah,Rendah,0,1,1,3
Alaya Resort,5.0,2,Gg. Puspa Ayu No.99,Badung Regency,,,https://www.google.com/maps/search/?api=1&query=Alaya%20Resort&query_place_id=ChIJ08s4SKFG0i0RgMfR2m-HX4E,Hotel,True,True,True,False,5,UDA DI CEK,8,Sedang,Rendah,0,0,3,4
Amayi Resort Nusa Dua Bali,5.0,63,5695+3M,Badung Regency,https://www.amayiresort.com/,62 858-9530-8888,https://www.google.com/maps/search/?api=1&query=Amayi%20Resort%20Nusa%20Dua%20Bali&query_place_id=ChIJK2vtJwBd0i0RkU2mEwYgB-I,Villa,True,False,False,False,2,UDA DI CEK,3,Rendah,Rendah,1,1,0,1
AMELIA D. ART DECO SUITES,5.0,15,Jl. Belong I No.9,Badung Regency,https://ameliadsuites.com/,62 822-3143-1363,https://www.google.com/maps/search/?api=1&query=AMELIA%20D.%20ART%20DECO%20SUITES&query_place_id=ChIJZ3TW1GNH0i0RNxS1-7KcpqM,Hotel,True,False,True,False,2,UDA DI CEK,4,Rendah,Rendah,1,1,0,1
Asana Santhi Willy Hotel,5.0,1,Jl. Bakung Sari No.55,Badung Regency,,62 361 752273,https://www.google.com/maps/search/?api=1&query=Asana%20Santhi%20Willy%20Hotel&query_place_id=ChIJ_91tMrtG0i0RntMHONHpKQs,Hotel,False,False,False,False,0,UDA DI CEK,0,Rendah,Rendah,0,1,1,3
Aurora villa seminyak,5.0,48,Jl. Bidadari II Gg. 1 No.11,Badung Regency,,62 882-1932-9558,https://www.google.com/maps/search/?api=1&query=Aurora%20villa%20seminyak&query_place_id=ChIJh5PCf15H0i0RdSDe3H-CW70,Serviced accommodation,True,True,True,False,7,UDA DI CEK,10,Sedang,Sedang,0,1,1,3
Bagus Guest House,5.0,34,Jl. Majapahit Gg. Muria,Badung Regency,,62 819-1616-6616,https://www.google.com/maps/search/?api=1&query=Bagus%20Guest%20House&query_place_id=ChIJt8OJw2FH0i0RCKlWIqCoOxU,Guest house,True,False,False,False,8,UDA DI CEK,9,Sedang,Sedang,0,1,1,3
Bali Bidadari Villas,5.0,12,Jl. Bidadari No.9,Badung Regency,,,https://www.google.com/maps/search/?api=1&query=Bali%20Bidadari%20Villas&query_place_id=ChIJwdLXwjxH0i0RNBjnbUEurT4,Villa,True,False,True,True,11,UDA DI CEK,14,Tinggi,Sedang,0,0,3,4
Bali Cliff Top Villa,5.0,1,Jl. Dewi Sri No.98B,Badung Regency,,62 361 754370,https://www.google.com/maps/search/?api=1&query=Bali%20Cliff%20Top%20Villa&query_place_id=ChIJ5WuNgtpG0i0RPrnwlDtBYMY,Villa,False,False,False,False,4,UDA DI CEK,4,Rendah,Rendah,0,1,1,3
Belvilla Calm Woods Pandawa Beach,5.0,4,Jl. Sawangan Residence No.80361,Bali,https://www.oyorooms.com/232549/,62 21 29707601,https://www.google.com/maps/search/?api=1&query=Belvilla%20Calm%20Woods%20Pandawa%20Beach&query_place_id=ChIJ15tZxLRd0i0RLPuUHTVU7ZQ,Hotel,False,False,False,False,9,UDA DI CEK,9,Sedang,Sedang,1,1,0,1
Capital O 94458 Oka Legian Hotel,5.0,1,"75V9+HPP, Jl. Padma",Badung Regency,,62 817-788-016,https://www.google.com/maps/search/?api=1&query=Capital%20O%2094458%20Oka%20Legian%20Hotel&query_place_id=ChIJ7TEFDMNG0i0Rfy9PAtQee9Q,Hotel,True,False,True,True,11,UDA DI CEK,14,Tinggi,Sedang,0,1,1,3
Dekubu Villa 2,5.0,2,"75PG+XCQ, Gg. Pisang 3",Badung Regency,,,https://www.google.com/maps/search/?api=1&query=Dekubu%20Villa%202&query_place_id=ChIJV_wN8d1H0i0RfscAgtk7MJ4,Hotel,True,False,True,False,7,UDA DI CEK,9,Sedang,Sedang,0,0,3,4
fave hotel,5.0,1,Jl. Sunset Road No.71,Badung Regency,,,https://www.google.com/maps/search/?api=1&query=fave%20hotel&query_place_id=ChIJD1U4YQBH0i0RgGvoPR-aCAo,Hotel,True,False,True,False,12,UDA DI CEK,14,Tinggi,Sedang,0,0,3,4
Feldo Residence,5.0,2,75XF+RCF Near,Badung Regency,,,https://www.google.com/maps/search/?api=1&query=Feldo%20Residence&query_place_id=ChIJefz7GdtG0i0Ru__WYIZ28YU,Hotel,False,False,False,False,2,UDA DI CEK,2,Rendah,Rendah,0,0,3,4
Grand Inkuta,5.0,12,Jl. Dewi Saraswati III No.7,Badung Regency,https://grandinkuta.com/,62 813-9910-3999,https://www.google.com/maps/search/?api=1&query=Grand%20Inkuta&query_place_id=ChIJpfJbEu5H0i0RWB4p0iqnz_M,Serviced accommodation,True,True,True,False,8,UDA DI CEK,11,Sedang,Sedang,1,1,0,1
Hening Kuta Stay,5.0,88,Gg. Sadasari Gg. Klp. No.7,Badung Regency,,62 813-9826-7809,https://www.google.com/maps/search/?api=1&query=Hening%20Kuta%20Stay&query_place_id=ChIJH9pbGABH0i0Ro0EX9nvdEAw,Guest house,True,False,False,False,8,UDA DI CEK,9,Sedang,Sedang,0,1,1,3
Hotel Kuta Bolapelangi,5.0,1,Jl. Raya Kuta No.1,Badung Regency,,,https://www.google.com/maps/search/?api=1&query=Hotel%20Kuta%20Bolapelangi&query_place_id=ChIJsWFKkORH0i0RPtQwq1V4LBU,Hotel,False,False,False,False,6,UDA DI CEK,6,Rendah,Rendah,0,0,3,4
Hotel Kuta Doctor Hospital Tomate,5.0,1,Jl. Pararaton Raya Jl. Dewi Sri No.9,Badung Regency,,,https://www.google.com/maps/search/?api=1&query=Hotel%20Kuta%20Doctor%20Hospital%20Tomate&query_place_id=ChIJV83COtBH0i0R8e8ZU8nmZ_g,Hotel,False,False,False,False,2,UDA DI CEK,2,Rendah,Rendah,0,0,3,4
Hotel Nagasari,5.0,1,Jl. Bakung Sari No.37,Badung Regency,,62 361 751960,https://www.google.com/maps/search/?api=1&query=Hotel%20Nagasari&query_place_id=ChIJbaqzyKRG0i0RXM7wbGubDsY,Hotel,False,False,False,False,5,UDA DI CEK,5,Rendah,Rendah,0,1,1,3
Hotel O Denpasar Near Transtudio Mall Formerly Ulun Suwi Guesthouse,5.0,1,"856P+8QG, Gg. Ulun Suwi",Denpasar City,,62 817-788-016,https://www.google.com/maps/search/?api=1&query=Hotel%20O%20Denpasar%20Near%20Transtudio%20Mall%20Formerly%20Ulun%20Suwi%20Guesthouse&query_place_id=ChIJcZHjECtH0i0R86ZmDcF8A0k,Hotel,False,False,False,False,8,UDA DI CEK,8,Sedang,Sedang,0,1,1,3
Hotel Sri Kusuma,5.0,1,Jln Legian No.83a,Badung Regency,https://amaia-recomends-you.eu/hotel-sri-kusuma-indonesia,62 361 751201,https://www.google.com/maps/search/?api=1&query=Hotel%20Sri%20Kusuma&query_place_id=ChIJLQTKCrlG0i0RXE5z9Hl5hsc,Hotel,True,False,False,False,3,UDA DI CEK,4,Rendah,Rendah,1,1,0,1
Hotel Uma sapna bali vila Bali murah,5.0,1,Jl. Patih Jelantik,Badung Regency,,62 812-2991-3621,https://www.google.com/maps/search/?api=1&query=Hotel%20Uma%20sapna%20bali%20vila%20Bali%20murah&query_place_id=ChIJ7zV-EvZH0i0Ry3WJ6NVe-8U,Hotel,True,False,True,False,9,UDA DI CEK,11,Sedang,Sedang,0,1,1,3
HZ Jarod De Bali,5.0,2,"Behind Sushi Kyuden restaurant, Jl. Pura Mertasari Jl. Sunset Road No.2",Badung Regency,,62 812-4607-2394,https://www.google.com/maps/search/?api=1&query=HZ%20Jarod%20De%20Bali&query_place_id=ChIJR7kec_JH0i0RlJaktjPKMS0,Resort hotel,False,False,True,False,2,UDA DI CEK,3,Rendah,Rendah,0,1,1,3
Jepun Bali Resort,5.0,1,Jl. Singaraja Amlapura No.100 Desa tembok Benoa Kuta Selatan Badung Bali,Badung Regency,,62 813-3852-6692,https://www.google.com/maps/search/?api=1&query=Jepun%20Bali%20Resort&query_place_id=ChIJu64M58RG0i0Rt9ZANHk8zhg,Hotel,True,False,True,True,9,UDA DI CEK,12,Sedang,Sedang,0,1,1,3
Kahakai Lodge Bali,5.0,5,Jl. Beji Ayu VI,Denpasar City,https://www.instagram.com/kahakailodgebali,,https://www.google.com/maps/search/?api=1&query=Kahakai%20Lodge%20Bali&query_place_id=ChIJxa19OaBH0i0Rit6sMn5Qd7g,Hotel,True,False,False,False,6,UDA DI CEK,7,Sedang,Rendah,1,0,2,2
Mastapa Garden Hotel,5.0,1,Jln Legian No.139,Badung Regency,,62 623 61751660,https://www.google.com/maps/search/?api=1&query=Mastapa%20Garden%20Hotel&query_place_id=ChIJlTayucZG0i0Re-daGh3LRhk,Hotel,False,False,False,False,2,UDA DI CEK,2,Rendah,Rendah,0,1,1,3
Mekarsari Beach Inn,5.0,8,"75R9+3Q4, Gg. Senen",Badung Regency,,,https://www.google.com/maps/search/?api=1&query=Mekarsari%20Beach%20Inn&query_place_id=ChIJCXDHDsdH0i0Rm85uJwUBRq0,Hotel,False,False,False,False,4,UDA DI CEK,4,Rendah,Rendah,0,0,3,4
Melloni Cliff Castle,5.0,35,Jl. Asmara Villa No.lot 1,Badung Regency,http://www.melloni.cc/,62 812-2666-3343,https://www.google.com/maps/search/?api=1&query=Melloni%20Cliff%20Castle&query_place_id=ChIJywmYZQBB0i0RKFOBvTqQWqI,Villa,True,True,True,True,0,UDA DI CEK,4,Rendah,Rendah,1,1,0,1
OceaniQ Resort Nusa Dua,5.0,1,56J9+9C3,Badung Regency,https://eng.oceaniq-nusadua.com/,62 811-3960-5617,https://www.google.com/maps/search/?api=1&query=OceaniQ%20Resort%20Nusa%20Dua&query_place_id=ChIJXdWFdABd0i0R-d4XC2Bsl0E,Hotel,False,False,False,True,0,UDA DI CEK,1,Rendah,Rendah,1,1,0,1
OYO 3910 Teges Inn,5.0,6,"Ground Zero, Jl. Majapahit Gg. Teges No.39",Bali,https://www.oyorooms.com/h/105292?utm_source=Google_gmb_ID&utm_medium=Organic&utm_campaign=ID_BLI209&latitude=-8.71699&longitude=115.1784&locale=id,62 21 29707601,https://www.google.com/maps/search/?api=1&query=OYO%203910%20Teges%20Inn&query_place_id=ChIJC5j-ultH0i0RQkwRp8_RH3I,Hotel,True,True,True,True,8,UDA DI CEK,12,Sedang,Sedang,1,1,0,1
OYO 90653 Balisee Guesthouse Kedonganan,5.0,1,"80361, Jl. Batas Kangin No.14",Bali,https://www.oyorooms.com/h/115038?utm_source=Google_gmb_ID&utm_medium=Organic&utm_campaign=ID_BLI282&latitude=-8.76823&longitude=115.1764&locale=id,62 21 29707601,https://www.google.com/maps/search/?api=1&query=OYO%2090653%20Balisee%20Guesthouse%20Kedonganan&query_place_id=ChIJiYTDadBF0i0RCKDDA6uwxys,Hotel,True,True,True,True,8,UDA DI CEK,12,Sedang,Sedang,1,1,0,1
Pondok Angsaka,5.0,3,Jl. Pura Mertasari IV No.88A,Denpasar City,,62 812-3868-8033,https://www.google.com/maps/search/?api=1&query=Pondok%20Angsaka&query_place_id=ChIJzbfWq5BH0i0RCAV_k9d6Fpk,Extended stay hotel,False,False,False,False,0,UDA DI CEK,0,Rendah,Rendah,0,1,1,3
Pronoia Beach Resort - Deluxe Villa,5.0,8,,Badung Regency,https://br.bluepillow.com/search/5d40a70be24da4120ca9f9b4?dest=bkng&cat=apartment&lat=-8.76496&lng=115.17043&language=pt,,https://www.google.com/maps/search/?api=1&query=Pronoia%20Beach%20Resort%20-%20Deluxe%20Villa&query_place_id=ChIJcwTIBGZE0i0R-mBDPjVJUrw,Apartment,True,False,False,True,8,UDA DI CEK,10,Sedang,Sedang,1,0,2,2
Pronoia Beach Resort - One-Bedroom Villa,5.0,8,,Badung Regency,https://br.bluepillow.com/search/5d40a70be24da4120ca9f9b4/394260004?dest=bkng&cat=apartment&lat=-8.76496&lng=115.17043&language=pt,,https://www.google.com/maps/search/?api=1&query=Pronoia%20Beach%20Resort%20-%20One-Bedroom%20Villa&query_place_id=ChIJcwTIBGZE0i0RR3EL4gsar4w,Apartment,True,False,False,True,8,UDA DI CEK,10,Sedang,Sedang,1,0,2,2
Pronoia Beach Resort - Three-Bedroom Villa,5.0,8,,Badung Regency,https://www.freecancellations.com/search/F2cjQQEBFiUHV1BVXlkEEggLD0pgFlUQ?lat=-8.76496&lng=115.17043&language=de,,https://www.google.com/maps/search/?api=1&query=Pronoia%20Beach%20Resort%20-%20Three-Bedroom%20Villa&query_place_id=ChIJcwTIBGZE0i0REBDoRjjECak,Villa,True,False,False,True,8,UDA DI CEK,10,Sedang,Sedang,1,0,2,2
Pronoia Beach Resort - Two-Bedroom Villa,5.0,8,,Badung Regency,https://br.bluepillow.com/search/5d40a70be24da4120ca9f9b4/394260002?dest=bkng&cat=apartment&lat=-8.76496&lng=115.17043&language=pt,,https://www.google.com/maps/search/?api=1&query=Pronoia%20Beach%20Resort%20-%20Two-Bedroom%20Villa&query_place_id=ChIJcwTIBGZE0i0RsMMLk3eEyc8,Apartment,True,False,False,True,8,UDA DI CEK,10,Sedang,Sedang,1,0,2,2
Rama Hotels & Resorts Bali,5.0,2,"75GF+5J5, Jl. Bakung Sari",Badung Regency,http://ramahotelsbali.com/,62 623 61751864,https://www.google.com/maps/search/?api=1&query=Rama%20Hotels%20%26%20Resorts%20Bali&query_place_id=ChIJITh4J6VG0i0RGwGiU16bXI8,Hotel,True,False,True,False,12,UDA DI CEK,14,Tinggi,Sedang,1,1,0,1
Reddoorz Plus @ Shri Lakshmi Seminyak,5.0,1,Jl. Shri Lakshmi No.27,Badung Regency,,62 21 80629666,https://www.google.com/maps/search/?api=1&query=Reddoorz%20Plus%20%40%20Shri%20Lakshmi%20Seminyak&query_place_id=ChIJHSFQ69lG0i0REJwXKoqRz1Q,Hotel,True,True,True,True,5,UDA DI CEK,9,Sedang,Rendah,0,1,1,3
Saga Villas ULTRA,5.0,10,Jl. Braban No.29,Badung Regency,http://www.sagavillas.com/,62 811-1260-0600,https://www.google.com/maps/search/?api=1&query=Saga%20Villas%20ULTRA&query_place_id=ChIJr6neCjNH0i0RQ5KOtDd90jc,Villa,True,True,True,False,6,UDA DI CEK,9,Sedang,Rendah,1,1,0,1
Sari Jimbaran Guest House,5.0,5,Jl. Pantai Jimbaran No.2,Badung Regency,,62 361 704132,https://www.google.com/maps/search/?api=1&query=Sari%20Jimbaran%20Guest%20House&query_place_id=ChIJDaYawGZE0i0RaibJmWtUsU0,Hotel,True,False,False,False,6,UDA DI CEK,7,Sedang,Rendah,0,1,1,3
Sekeca Co-living,5.0,16,Jl. Raya Kuta Jl. Nyangnyang Sari No.8,Badung Regency,http://www.saviorealestateindonesia.com/,,https://www.google.com/maps/search/?api=1&query=Sekeca%20Co-living&query_place_id=ChIJS50ZIwBH0i0Rw6ZhRpOHvEo,Guest house,True,False,True,False,7,UDA DI CEK,9,Sedang,Sedang,1,0,2,2
Sunset Luxury Villa Bali,5.0,10,"855F+MW2, Jl. Yudistira",Badung Regency,,,https://www.google.com/maps/search/?api=1&query=Sunset%20Luxury%20Villa%20Bali&query_place_id=ChIJDd15XzFH0i0R_66WrX1RoGA,Holiday apartment,True,False,True,False,1,UDA DI CEK,3,Rendah,Rendah,0,0,3,4
Sunset Palms Beach Villa,5.0,45,,Badung Regency,https://www.sunsetpalmsbeachvilla.com/,(310) 404-8130,https://www.google.com/maps/search/?api=1&query=Sunset%20Palms%20Beach%20Villa&query_place_id=ChIJWUzs2UVF0i0RX7Eef9iZEag,Hotel,True,False,True,True,8,UDA DI CEK,11,Sedang,Sedang,1,1,0,1
The Lotus Spa,5.0,7,Jl. Pantai Kedonganan No.888,Badung Regency,https://www.lotuswellnessjimbaran.com/,62 857-9283-4965,https://www.google.com/maps/search/?api=1&query=The%20Lotus%20Spa&query_place_id=ChIJVbnd3iJF0i0RI0QXLhE6RZc,Hotel,True,True,False,False,5,UDA DI CEK,7,Sedang,Rendah,1,1,0,1
Townhouse Oak near Beach Walk Shopping,5.0,1,Jalan Werkudara Nusa No.532,Badung Regency,,62 804 104 0040,https://www.google.com/maps/search/?api=1&query=Townhouse%20Oak%20near%20Beach%20Walk%20Shopping&query_place_id=ChIJo8HL_L5G0i0RZwcAv8okOXU,Hotel,True,False,False,False,8,UDA DI CEK,9,Sedang,Sedang,0,1,1,3
TRIXIE AYU,5.0,3,Jl. Beji Ayu No.2,Badung Regency,,,https://www.google.com/maps/search/?api=1&query=TRIXIE%20AYU&query_place_id=ChIJl3RgNxpH0i0R7JRLY2bHais,Hotel,True,False,False,False,3,UDA DI CEK,4,Rendah,Rendah,0,0,3,4
Trixie Yudistira,5.0,1,Jl. Yudistira I No.1,Badung Regency,,,https://www.google.com/maps/search/?api=1&query=Trixie%20Yudistira&query_place_id=ChIJ28j1KUFH0i0RdeDLsbZNY8I,Hotel,True,False,False,True,2,UDA DI CEK,4,Rendah,Rendah,0,0,3,4
Urbanview Hotel Grand Pudjawan Near Kuta Beach,5.0,6,75GG+68R,Badung Regency,,62 813-2227-795,https://www.google.com/maps/search/?api=1&query=Urbanview%20Hotel%20Grand%20Pudjawan%20Near%20Kuta%20Beach&query_place_id=ChIJ08q6Mj5H0i0RPclp7pCZ1Wk,Hotel,True,False,False,False,1,UDA DI CEK,2,Rendah,Rendah,0,1,1,3
Villa Aditya 1,5.0,2,"Nextdoor to CK mini mart, opposite Hotel Dafam Savoya, Jl. Mertanadi No.9",Badung Regency,,62 895-0821-5081,https://www.google.com/maps/search/?api=1&query=Villa%20Aditya%201&query_place_id=ChIJr5Rcy41H0i0R8bhF8nQM3os,Hotel,False,False,True,False,7,UDA DI CEK,8,Sedang,Sedang,0,1,1,3
villa asha,5.0,1,Jl. Dewi Sri IV No.4,Badung Regency,,,https://www.google.com/maps/search/?api=1&query=villa%20asha&query_place_id=ChIJf7iLjtpG0i0R68nt62fdv7I,Hotel,True,True,True,False,3,UDA DI CEK,6,Rendah,Rendah,0,0,3,4
Villa Bali Paradise,5.0,15,"Jl. Sunset Road No.28 Seminyak, Kecamatan Kuta, Kabupaten Badung",Denpasar,,62 819-5711-7788,https://www.google.com/maps/search/?api=1&query=Villa%20Bali%20Paradise&query_place_id=ChIJQ0DrALhH0i0R5sphbu_8py0,Villa,True,False,True,True,5,UDA DI CEK,8,Sedang,Rendah,0,1,1,3
Villa Chandika,5.0,9,"Sari Dewi, Jl. Sari Dewi Gg. Sandat",Badung Regency,https://book.northern.estate/properties/624d562573c40e0033a42630,62 813-3850-6040,https://www.google.com/maps/search/?api=1&query=Villa%20Chandika&query_place_id=ChIJU7Fn1RJH0i0RfrJQAW39d88,Villa,False,False,False,False,4,UDA DI CEK,4,Rendah,Rendah,1,1,0,1
Villa Eden Seminyak,5.0,15,Jl. Bidadari No.36,Badung Regency,,,https://www.google.com/maps/search/?api=1&query=Villa%20Eden%20Seminyak&query_place_id=ChIJgcUHEl1H0i0RPnLoBPKoJPY,Hotel,True,True,True,True,12,UDA DI CEK,16,Tinggi,Sedang,0,0,3,4
Villa Jental,5.0,3,"855G+4MG, Gg. I",Badung Regency,,62 812-4640-0822,https://www.google.com/maps/search/?api=1&query=Villa%20Jental&query_place_id=ChIJ71_iEYNH0i0Rn-ebm_VFWBY,Hotel,False,False,False,False,0,UDA DI CEK,0,Rendah,Rendah,0,1,1,3
Villa Kinaree Estate - 5 Bedrooms Private Pool Villa,5.0,1,,Badung Regency,https://www.freecancellations.com/search/F2giQ1MAGSAAXFIBVVhYTQ8KV0syQF1H?lat=-8.68774&lng=115.15699&language=de,,https://www.google.com/maps/search/?api=1&query=Villa%20Kinaree%20Estate%20-%205%20Bedrooms%20Private%20Pool%20Villa&query_place_id=ChIJuXc5pRtH0i0RRRpdoCBacxc,Villa,True,False,False,False,4,UDA DI CEK,5,Rendah,Rendah,1,0,2,2
Villa Lodek Deluxe unit Villa No. 4,5.0,19,Jl. Basangkasa No. 27,Badung Regency,http://www.mavibalirentals.com/products/villa-lodek-deluxe,62 812-3814-5664,https://www.google.com/maps/search/?api=1&query=Villa%20Lodek%20Deluxe%20unit%20Villa%20No.%204&query_place_id=ChIJPRN2piJH0i0RheyLFZ1BMSQ,Villa,True,False,True,False,4,UDA DI CEK,6,Rendah,Rendah,1,1,0,1
Villa Mayo,5.0,7,Jl. Mataram,Badung Regency,,61 402 808 610,https://www.google.com/maps/search/?api=1&query=Villa%20Mayo&query_place_id=ChIJMYZhJABH0i0RLcFhHEVwVds,Villa,False,False,True,False,6,UDA DI CEK,7,Sedang,Rendah,0,1,1,3
Villa Mia Seminyak - Boutique Villas - I,5.0,21,Jl. Sari Dewi No.37,Badung Regency,https://www.villamiabali.com/,62 811-3940-3060,https://www.google.com/maps/search/?api=1&query=Villa%20Mia%20Seminyak%20-%20Boutique%20Villas%20-%20I&query_place_id=ChIJqayDu9FH0i0RU3EKbV8hRAk,Hotel,True,False,True,False,2,UDA DI CEK,4,Rendah,Rendah,1,1,0,1
Villa Pondok Puteh,5.0,2,Gg. Kepiting No.16,Badung Regency,,62 821-4745-6300,https://www.google.com/maps/search/?api=1&query=Villa%20Pondok%20Puteh&query_place_id=ChIJoyv49WJE0i0RtHOqxCBtTik,Hotel,False,False,False,False,3,UDA DI CEK,3,Rendah,Rendah,0,1,1,3
Villa Tokyo,5.0,4,"No. 8 B, Jl. Sari Temuku",Badung Regency,https://book.northern.estate/properties/61b9a4d970e1fc0036a03ab3,62 813-3850-6040,https://www.google.com/maps/search/?api=1&query=Villa%20Tokyo&query_place_id=ChIJfcoH-cpH0i0RAVr8RPWxrZw,Villa,False,False,False,False,0,UDA DI CEK,0,Rendah,Rendah,1,1,0,1
Villa Vulla,5.0,8,Jl. Gn. Atena I No.32,Denpasar City,,62 877-6149-4449,https://www.google.com/maps/search/?api=1&query=Villa%20Vulla&query_place_id=ChIJzx06EitH0i0RQeQXLqOuSC0,Resort hotel,False,False,False,False,5,UDA DI CEK,5,Rendah,Rendah,0,1,1,3
Zayana Villas Resort Seminyak - Deluxe Villa,5.0,8,,Badung Regency,https://br.bluepillow.com/search/65cad3ac671b07d23c709a3d/984700505?dest=bkng&cat=Villa&lat=-8.68615&lng=115.16297&language=pt,,https://www.google.com/maps/search/?api=1&query=Zayana%20Villas%20Resort%20Seminyak%20-%20Deluxe%20Villa&query_place_id=ChIJsfKCUBhH0i0Ryy1ii6ciLno,Villa,False,False,False,False,7,UDA DI CEK,7,Sedang,Sedang,1,0,2,2
Zayana Villas Resort Seminyak - Superior Villa,5.0,8,,Badung Regency,https://br.bluepillow.com/search/65cad3ac671b07d23c709a3d/984700503?dest=bkng&cat=Villa&lat=-8.68615&lng=115.16297&language=pt,,https://www.google.com/maps/search/?api=1&query=Zayana%20Villas%20Resort%20Seminyak%20-%20Superior%20Villa&query_place_id=ChIJsfKCUBhH0i0RXEBUml40qbc,Villa,False,False,False,False,7,UDA DI CEK,7,Sedang,Sedang,1,0,2,2
Zayana Villas Resort Seminyak - Three-Bedroom Villa,5.0,8,,Badung Regency,https://br.bluepillow.com/search/65cad3ac671b07d23c709a3d?dest=bkng&cat=Villa&lat=-8.68615&lng=115.16297&language=pt,,https://www.google.com/maps/search/?api=1&query=Zayana%20Villas%20Resort%20Seminyak%20-%20Three-Bedroom%20Villa&query_place_id=ChIJsfKCUBhH0i0RzMurugDf358,Villa,False,False,False,False,7,UDA DI CEK,7,Sedang,Sedang,1,0,2,2
Zayana Villas Resort Seminyak - Three-Bedroom Villa,5.0,8,,Badung Regency,https://www.freecancellations.com/search/F2cjQQEBGXMHV1BVXlkEEggLD000QFZH?lat=-8.68615&lng=115.16296&language=de,,https://www.google.com/maps/search/?api=1&query=Zayana%20Villas%20Resort%20Seminyak%20-%20Three-Bedroom%20Villa&query_place_id=ChIJ13uDUBhH0i0RRx0FgDzeyzU,Villa,False,False,False,False,7,UDA DI CEK,7,Sedang,Sedang,1,0,2,2
Zayana Villas Resort Seminyak - Villa with Private Pool,5.0,8,,Badung Regency,https://br.bluepillow.com/search/65cad3ac671b07d23c709a3d/984700504?dest=bkng&cat=Villa&lat=-8.68615&lng=115.16297&language=pt,,https://www.google.com/maps/search/?api=1&query=Zayana%20Villas%20Resort%20Seminyak%20-%20Villa%20with%20Private%20Pool&query_place_id=ChIJsfKCUBhH0i0R-txfVZVQmG8,Villa,False,False,False,False,7,UDA DI CEK,7,Sedang,Sedang,1,0,2,2
ZEN Rooms Kuta Kartika Plaza,5.0,3,Gg. Pendawa No.4x,Badung Regency,http://www.zenrooms.com/,62 855-7467-1004,https://www.google.com/maps/search/?api=1&query=ZEN%20Rooms%20Kuta%20Kartika%20Plaza&query_place_id=ChIJqU-tkaBG0i0RfNkxL_C4nUo,Hotel,True,False,True,False,3,UDA DI CEK,5,Rendah,Rendah,1,1,0,1
Capital O 91851 Hotel Sanjaya,1.7,32,"Bom Monumen Bali, Jl. Raya Legian Kuta, Badung",Bali,https://www.oyorooms.com/ID/195216/?utm_source=GMB_ID&utm_medium=Organic&utm_campaign=ID_BLI395&latitude=-8.717129809553352&longitude=115.17470235005021&locale=id,62 21 29707601,https://www.google.com/maps/search/?api=1&query=Capital%20O%2091851%20Hotel%20Sanjaya&query_place_id=ChIJpbV63XhH0i0RNdKMySm354k,Hotel,True,False,True,True,10,UDA DI CEK,13,Tinggi,Sedang,1,1,0,1
Pondok vrindavan,1.7,6,"No.2 X, Jl. Taman Pancing Timur",Denpasar City,,,https://www.google.com/maps/search/?api=1&query=Pondok%20vrindavan&query_place_id=ChIJcUw_721H0i0RGbp1OybUIX8,Hotel,False,False,False,False,3,UDA DI CEK,3,Rendah,Rendah,0,0,3,4
OYO 91080 Kubu D&d Guesthouse,2.6,49,"177x, Jl. Kayu Aya No.177",Bali,https://www.oyorooms.com/h/176102?utm_source=Google_gmb_ID&utm_medium=Organic&utm_campaign=ID_BLI335&latitude=-8.68477&longitude=115.1691&locale=id,62 21 29707601,https://www.google.com/maps/search/?api=1&query=OYO%2091080%20Kubu%20D%26d%20Guesthouse&query_place_id=ChIJF4a4hxdH0i0RUsxvSNfcYnY,Hotel,True,True,True,True,8,UDA DI CEK,12,Sedang,Sedang,1,1,0,1
Bali Rich Villas,2.7,587,Jl. Mertanadi No.29,Badung Regency,https://www.balirichvillas.com/,,https://www.google.com/maps/search/?api=1&query=Bali%20Rich%20Villas&query_place_id=ChIJy8RbdEJH0i0Rdw8PB2PdSKI,Hotel,True,False,True,True,15,UDA DI CEK,18,Tinggi,Tinggi,1,0,2,2
Satran Villa @ Kuta Bali,2.8,30,Jl. Raya Kuta Gg. Mawar No.8,Badung Regency,,62 817-259-335,https://www.google.com/maps/search/?api=1&query=Satran%20Villa%20%40%20Kuta%20Bali&query_place_id=ChIJ51BITpRH0i0RPEMI4vwBIBc,Villa,True,True,False,False,5,UDA DI CEK,7,Sedang,Rendah,0,1,1,3
Guest House Simalem,2.9,32,"X No.100, Jl. Raya Kuta",Badung Regency,https://www.oyorooms.com/h/213532?utm_source=Google_gmb_ID&utm_medium=Organic&utm_campaign=ID_BLI426&latitude=-8.7266&longitude=115.1766&locale=id,62 21 29707601,https://www.google.com/maps/search/?api=1&query=Guest%20House%20Simalem&query_place_id=ChIJxQOzOclG0i0Rso0JIF2dVM0,Hotel,False,False,False,False,9,UDA DI CEK,9,Sedang,Sedang,1,1,0,1
KIMONO SPA HOTEL,2.9,45,Jl. Bypass Ngurah Rai No.38,Badung Regency,,62 812-9090-0649,https://www.google.com/maps/search/?api=1&query=KIMONO%20SPA%20HOTEL&query_place_id=ChIJl-Ngo4hF0i0RNaSYrF4BWGY,Hotel,True,False,True,False,11,UDA DI CEK,13,Tinggi,Sedang,0,1,1,3
OYO 1741 Komala Indah Cottages,2.9,70,Jl. Pantai Kuta No.32,Bali,https://www.oyorooms.com/h/83439?utm_source=Google_gmb_ID&utm_medium=Organic&utm_campaign=ID_BLI076&latitude=-8.71211&longitude=115.1694&locale=id,62 21 29707601,https://www.google.com/maps/search/?api=1&query=OYO%201741%20Komala%20Indah%20Cottages&query_place_id=ChIJuXBg30hH0i0Ru_5N2Ox2WYw,Hotel,True,True,True,True,8,UDA DI CEK,12,Sedang,Sedang,1,1,0,1
Sky Sanjaya Hotel,2.9,189,Jln Legian,Badung Regency,,,https://www.google.com/maps/search/?api=1&query=Sky%20Sanjaya%20Hotel&query_place_id=ChIJF_RkINxG0i0RkjcCIrecI7o,Hotel,False,False,False,False,11,UDA DI CEK,11,Sedang,Sedang,0,0,3,4
Collection O Near Seminyak Beach Formerly The Kumpi Hotel,3.1,57,"Jl.Raya seminyak Gg. Mangga no 2, Seminyak, Kuta, Badung, Hotel Murah,Bali, Nusa Tenggara",Bali,https://www.oyorooms.com/ID/241984/,62 21 29707601,https://www.google.com/maps/search/?api=1&query=Collection%20O%20Near%20Seminyak%20Beach%20Formerly%20The%20Kumpi%20Hotel&query_place_id=ChIJUV1zMyJH0i0RHCL6ESKulv4,Hotel,True,False,True,True,12,UDA DI CEK,15,Tinggi,Sedang,1,1,0,1
Mertha Jati Hotel & Bungalow,3.1,60,Jl. Kubu Anyar No.8,Badung Regency,,62 361 751861,https://www.google.com/maps/search/?api=1&query=Mertha%20Jati%20Hotel%20%26%20Bungalow&query_place_id=ChIJyyQANB5E0i0RmccxdZRdn2c,Hotel,False,False,False,False,13,UDA DI CEK,13,Tinggi,Tinggi,0,1,1,3
OYO 2367 Kenanga Homestay,3.1,131,"Gang kenanga, Jl. Raya Nusa Dua Selatan Jl. Kemuning",Badung Regency,https://www.oyorooms.com/ID/90271/?utm_source=GMB_ID&utm_medium=Organic&utm_campaign=ID_BLI114&latitude=-8.824397&longitude=115.213733&locale=id,62 21 29707601,https://www.google.com/maps/search/?api=1&query=OYO%202367%20Kenanga%20Homestay&query_place_id=ChIJtfa1b2Vd0i0RBR3o_60K9Lg,Hotel,True,True,True,True,8,UDA DI CEK,12,Sedang,Sedang,1,1,0,1
Super OYO 3118 Maxi Budget,3.1,64,Jalan Raya Seminyak No.83A,Badung Regency,https://www.oyorooms.com/h/97989?utm_source=Google_gmb_ID&utm_medium=Organic&utm_campaign=ID_BLI149&latitude=-8.71842&longitude=115.1746&locale=id,62 21 29707601,https://www.google.com/maps/search/?api=1&query=Super%20OYO%203118%20Maxi%20Budget&query_place_id=ChIJaywXgblG0i0R_wieFqQCnRI,Hotel,False,False,False,False,9,UDA DI CEK,9,Sedang,Sedang,1,1,0,1
Hidden Oasis Bed And Breakfast,3.2,5,Jl. Pantai Kuta No.47 B,Badung Regency,,,https://www.google.com/maps/search/?api=1&query=Hidden%20Oasis%20Bed%20And%20Breakfast&query_place_id=ChIJGZy7TsBG0i0RB5LcdguS_a0,Hotel,False,False,False,False,4,UDA DI CEK,4,Rendah,Rendah,0,0,3,4
RedDoorz @ Rabasta Kuta Residence,3.2,10,Jl. Kartika Plaza Pudaksari Lane No.3,Badung Regency,,62 21 80629666,https://www.google.com/maps/search/?api=1&query=RedDoorz%20%40%20Rabasta%20Kuta%20Residence&query_place_id=ChIJb9zZFI5E0i0Ra61giw_KOmc,Hotel,True,True,True,True,6,UDA DI CEK,10,Sedang,Rendah,0,1,1,3
RedDoorz near Legian Street,3.2,38,Gg. Cempaka No.3,Badung Regency,https://www.reddoorz.com/id-id/hotel/indonesia/bandung/bali/reddoorz-near-legian-street?utm_campaign=webclick&utm_medium=mybusiness&utm_source=google,62 813-2227-795,https://www.google.com/maps/search/?api=1&query=RedDoorz%20near%20Legian%20Street&query_place_id=ChIJhbW4h8dG0i0ROeTcbNF1epA,Hotel,True,True,True,True,9,UDA DI CEK,13,Tinggi,Sedang,1,1,0,1
Runways Apartemen,3.2,12,"International Airport Bali, Uluwatu St I Gusti Ngurah Rai No.14",Bali,,,https://www.google.com/maps/search/?api=1&query=Runways%20Apartemen&query_place_id=ChIJoQJWpUJF0i0R31yq5Yw-H80,Hotel,False,True,False,True,5,UDA DI CEK,7,Sedang,Rendah,0,0,3,4
Airy Legian Dewi Sri Satu 8 Kuta Bali,3.3,7,Jl. Dewi Sri I No.8,Badung Regency,,62 804 111 2479,https://www.google.com/maps/search/?api=1&query=Airy%20Legian%20Dewi%20Sri%20Satu%208%20Kuta%20Bali&query_place_id=ChIJ5TX7YtBG0i0RYp59e7pzkuU,Hotel,True,False,True,False,3,UDA DI CEK,5,Rendah,Rendah,0,1,1,3
Airy Legian Gang Bendesa 4 Kuta Bali,3.3,8,Jl. Legian Gg. Bendesa No.4,Badung Regency,,62 804 111 2479,https://www.google.com/maps/search/?api=1&query=Airy%20Legian%20Gang%20Bendesa%204%20Kuta%20Bali&query_place_id=ChIJt6DilrhG0i0R9tvMYFNhdfQ,Hotel,True,False,True,False,3,UDA DI CEK,5,Rendah,Rendah,0,1,1,3
Airy Legian Melasti 36 Kuta Bali,3.3,3,"75R9+FPP, Jl. Melasti",Badung Regency,,62 804 111 2479,https://www.google.com/maps/search/?api=1&query=Airy%20Legian%20Melasti%2036%20Kuta%20Bali&query_place_id=ChIJ0wqLAcRG0i0RhG1HlH2JHQw,Hotel,True,False,True,False,3,UDA DI CEK,5,Rendah,Rendah,0,1,1,3
RedDoorz @ Sunset Road Kuta,3.3,7,Jl. Sunset Road No.6,Badung Regency,https://www.reddoorz.com/indonesia/en/hotel/bali/kuta/sunset-road/reddoorz-sunset-road-kuta,62 21 80629666,https://www.google.com/maps/search/?api=1&query=RedDoorz%20%40%20Sunset%20Road%20Kuta&query_place_id=ChIJl0NGXc5G0i0RCUP5hb-u-0I,Hotel,True,True,True,True,9,UDA DI CEK,13,Tinggi,Sedang,1,1,0,1
Airy Kuta Galeria Bypass Ngurah Rai 39 Bali,3.4,38,Jl. Bypass Ngurah Rai No.39,Badung Regency,,62 804 111 2479,https://www.google.com/maps/search/?api=1&query=Airy%20Kuta%20Galeria%20Bypass%20Ngurah%20Rai%2039%20Bali&query_place_id=ChIJSdN5fwRE0i0Rv-4slNc17hw,Hotel,True,False,True,False,3,UDA DI CEK,5,Rendah,Rendah,0,1,1,3
Collection O Legian Near Pantai Kuta Formerly Premium Legian,3.4,311,"80361, Jalan Sriwijaya No. 23, Hotel Murah Legian, Kuta, Badung",Bali,https://www.oyorooms.com/ID/177692/,62 21 29707601,https://www.google.com/maps/search/?api=1&query=Collection%20O%20Legian%20Near%20Pantai%20Kuta%20Formerly%20Premium%20Legian&query_place_id=ChIJbTas0sVG0i0Rx9Wx6E-vXH0,Hotel,True,False,True,True,10,UDA DI CEK,13,Tinggi,Sedang,1,1,0,1
OYO 271 kimono hotel bali,3.4,435,"Kuta, Jl. Bypass Ngurah Rai No.38",Badung Regency,https://www.oyorooms.com/47443/,62 21 29707601,https://www.google.com/maps/search/?api=1&query=OYO%20271%20kimono%20hotel%20bali&query_place_id=ChIJPykTlE1B0i0RnIZWpTPwSTk,Hotel,True,True,True,True,8,UDA DI CEK,12,Sedang,Sedang,1,1,0,1
Super OYO 1654 Maha Bharata Kuta Inn,3.4,408,"96 Hotel near, Hotel near Uluwatu 300 m, Jln Legian No.96",Badung Regency,https://www.oyorooms.com/h/82064?utm_source=Google_gmb_ID&utm_medium=Organic&utm_campaign=ID_BLI072&latitude=-8.71983&longitude=115.1751&locale=id,62 21 29707601,https://www.google.com/maps/search/?api=1&query=Super%20OYO%201654%20Maha%20Bharata%20Kuta%20Inn&query_place_id=ChIJkV1JP7pG0i0RZPoMLQByhAc,Hotel,False,False,False,False,9,UDA DI CEK,9,Sedang,Sedang,1,1,0,1
The Kanjeng Hotel Legian,3.4,55,Jl. Legian Gg. Troppozone No.8,Badung Regency,http://www.thekanjeng.com/,62 361 6208812,https://www.google.com/maps/search/?api=1&query=The%20Kanjeng%20Hotel%20Legian&query_place_id=ChIJAbyGUFpH0i0R0YwcLaj--ZU,Hotel,True,False,False,False,5,UDA DI CEK,6,Rendah,Rendah,1,1,0,1
Adus Beach Inn,3.5,65,Jl. Lb. Bene No.168,Badung Regency,,62 361 755326,https://www.google.com/maps/search/?api=1&query=Adus%20Beach%20Inn&query_place_id=ChIJDYTeRsFG0i0R2KbSJAA2pM0,Hotel,False,False,False,False,4,UDA DI CEK,4,Rendah,Rendah,0,1,1,3
Bagus Hayden Hotel,3.5,38,Jl. Bakung Sari No.14,Badung Regency,,62 361 751051,https://www.google.com/maps/search/?api=1&query=Bagus%20Hayden%20Hotel&query_place_id=ChIJl5do5EE_0i0REc2ZlAUu7fU,Hotel,False,False,True,False,7,UDA DI CEK,8,Sedang,Sedang,0,1,1,3
KELANTEL BALI,3.5,49,Jl. Taman Sari No.22,Badung Regency,,62 895-3836-64007,https://www.google.com/maps/search/?api=1&query=KELANTEL%20BALI&query_place_id=ChIJC3JXwE1F0i0RM2YaESrhpF4,Guest house,False,False,False,False,8,UDA DI CEK,8,Sedang,Sedang,0,1,1,3
OYO 2411 Taman Mekar Beach Inn 2,3.5,70,Jl. Poppies Lane II Gg. Gora No.3,Badung Regency,https://www.oyorooms.com/ID/90607/?utm_source=GMB_ID&utm_medium=Organic&utm_campaign=ID_BLI117&latitude=-8.71699248&longitude=115.1732656&locale=id,62 21 29707601,https://www.google.com/maps/search/?api=1&query=OYO%202411%20Taman%20Mekar%20Beach%20Inn%202&query_place_id=ChIJhZZADrlG0i0R8s-ZDQaskmM,Hotel,True,True,True,True,8,UDA DI CEK,12,Sedang,Sedang,1,1,0,1
OYO 3714 Green Roof Homestay,3.5,4,Jl. Kubu Anyar No.12,Badung Regency,https://www.oyorooms.com/h/103154?utm_source=Google_gmb_ID&utm_medium=Organic&utm_campaign=ID_BLI183&latitude=-8.73453&longitude=115.1688&locale=id,62 21 29707601,https://www.google.com/maps/search/?api=1&query=OYO%203714%20Green%20Roof%20Homestay&query_place_id=ChIJF-kw6UZF0i0ReSbe2Hy71t0,Hotel,True,True,True,True,8,UDA DI CEK,12,Sedang,Sedang,1,1,0,1
Taman Mekar Baech inn 2,3.5,21,Jl. Poppies II Gg. Gora No.3,Badung Regency,,62 812-3922-5995,https://www.google.com/maps/search/?api=1&query=Taman%20Mekar%20Baech%20inn%202&query_place_id=ChIJNzsnya5H0i0R7VV5PIyP8WA,Hotel,False,False,False,False,9,UDA DI CEK,9,Sedang,Sedang,0,1,1,3
The Harmony HOTEL aka SANS Hotel,3.5,11,Jl. Sunset Road No.88 - 99,Badung Regency,,62 361 738477,https://www.google.com/maps/search/?api=1&query=The%20Harmony%20HOTEL%20aka%20SANS%20Hotel&query_place_id=ChIJYettPz1H0i0R-B1bKucHDps,Hotel,True,True,False,False,6,UDA DI CEK,8,Sedang,Rendah,0,1,1,3
Villa Anjing 2,3.5,128,"5682+PM7, Jalan Nusa Dua Selatan, Kutuh, Kuta Selatan",Badung Regency,,62 821-4784-3403,https://www.google.com/maps/search/?api=1&query=Villa%20Anjing%202&query_place_id=ChIJoRGRZaBc0i0Rj-3UGJWJUOk,Hotel,False,False,False,False,6,UDA DI CEK,6,Rendah,Rendah,0,1,1,3
Airy Eco Legian Patimura Gang Melati 2M Kuta Bali,3.6,48,"75PG+W2C, Jl. Patimura Gg. Melati",Badung Regency,,62 804 111 2479,https://www.google.com/maps/search/?api=1&query=Airy%20Eco%20Legian%20Patimura%20Gang%20Melati%202M%20Kuta%20Bali&query_place_id=ChIJs5iTcRRH0i0RV7DE3HGIHCM,Hotel,True,False,True,False,3,UDA DI CEK,5,Rendah,Rendah,0,1,1,3
Bakung Sunset Hotel,3.6,295,Jl. Merdeka Raya AG No.17,Badung Regency,,62 361 4727275,https://www.google.com/maps/search/?api=1&query=Bakung%20Sunset%20Hotel&query_place_id=ChIJqaiEuLVG0i0R2a0cZT4fu1Q,Hotel,False,False,False,False,8,UDA DI CEK,8,Sedang,Sedang,0,1,1,3
Cove Matahari Guesthouse Sunset - Kuta,3.6,95,Jl. Marga Kirana No.2,Bali,https://cove.id/properties/cove-matahari?utm_source=gmb&utm_medium=website_button,,https://www.google.com/maps/search/?api=1&query=Cove%20Matahari%20Guesthouse%20Sunset%20-%20Kuta&query_place_id=ChIJMYlcHa1H0i0RA6jQvZ9xuvM,Serviced accommodation,True,True,True,False,11,UDA DI CEK,14,Tinggi,Sedang,1,0,2,2
Mangrove bali villa,3.6,17,"Sebelah Tempat Parkir Kendaraan, Jl. Hutan Mangrove",denpasar/pamogan,https://instagram.com/mangrovebalivilla?igshid=NTc4MTIwNjQ2YQ==,,https://www.google.com/maps/search/?api=1&query=Mangrove%20bali%20villa&query_place_id=ChIJz_PQcMZB0i0RZkiMYt1qWBo,Villa,True,False,False,False,7,UDA DI CEK,8,Sedang,Sedang,1,0,2,2
Sans Sunset Point Seminyak,3.6,333,Jl. Sunset Road No.88-89,Badung Regency,https://www.sanshotels.com/id-id/hotel/indonesia/bali/kuta-utara/kerobokan-kelod/sans-hotel-sunset-point-seminyak?utm_campaign=webclick&utm_medium=mybusiness&utm_source=google,62 813-2227-795,https://www.google.com/maps/search/?api=1&query=Sans%20Sunset%20Point%20Seminyak&query_place_id=ChIJ3ds2QD1H0i0REwV0iZplHXw,Hotel,True,False,False,False,11,UDA DI CEK,12,Sedang,Sedang,1,1,0,1
The Kanjeng Suites Kuta Galeria - Bali,3.6,84,Jl. Griya Anyar No.27,Badung Regency,https://www.thekanjeng.com/,62 851-8333-9287,https://www.google.com/maps/search/?api=1&query=The%20Kanjeng%20Suites%20Kuta%20Galeria%20-%20Bali&query_place_id=ChIJH-i2DlRH0i0RkbJe3vJZkOc,Hotel,True,False,False,False,9,UDA DI CEK,10,Sedang,Sedang,1,1,0,1
The Oasis Kuta Hotel,3.6,474,"75GF+55F, Jl. Bakung Sari",Badung Regency,,62 361 753051,https://www.google.com/maps/search/?api=1&query=The%20Oasis%20Kuta%20Hotel&query_place_id=ChIJwUgGxKRG0i0R-lX_w8Lt4gM,Hotel,True,False,False,False,7,UDA DI CEK,8,Sedang,Sedang,0,1,1,3
Villa Kori Seminyak,3.6,7,Jalan Yudistira Gang Banjar Tatag Wirasanti No. 28 Kunti,Badung Regency,,62 896-9814-8528,https://www.google.com/maps/search/?api=1&query=Villa%20Kori%20Seminyak&query_place_id=ChIJIY9oRiZH0i0RlLHHKL8Xsfo,Hotel,True,False,False,True,5,UDA DI CEK,7,Sedang,Rendah,0,1,1,3
Zuk Hotel,3.6,89,Gg. Cempaka No.3,Badung Regency,,62 361 758418,https://www.google.com/maps/search/?api=1&query=Zuk%20Hotel&query_place_id=ChIJiRGin8dG0i0RHi2-U-k5x-s,Hotel,False,False,False,False,0,UDA DI CEK,0,Rendah,Rendah,0,1,1,3
Bakung sari resort,3.7,1071,Jl. Kubu Anyar,Badung Regency,https://bakungsari.com/booking/,62 361 751868,https://www.google.com/maps/search/?api=1&query=Bakung%20sari%20resort&query_place_id=ChIJ82FKDLtH0i0R_605J-3LepI,Hotel,True,False,True,False,9,UDA DI CEK,11,Sedang,Sedang,1,1,0,1
BaliRa Airport Hotel,3.7,238,Jl. Polonia I No.1,Badung Regency,https://www.indonesiahotels.net/en/hotel/balira-airport-hotel.html,62 361 9350082,https://www.google.com/maps/search/?api=1&query=BaliRa%20Airport%20Hotel&query_place_id=ChIJt95B_BhE0i0RBTlaeD0QsFY,Hotel,False,False,False,False,7,UDA DI CEK,7,Sedang,Sedang,1,1,0,1
Capital O 1666 Grand Pudjawan Hotel Near Kuta Beach,3.7,437,Jl. Bakung Sari No.14,Badung Regency,https://www.oyorooms.com/ID/82261/,62 21 29707601,https://www.google.com/maps/search/?api=1&query=Capital%20O%201666%20Grand%20Pudjawan%20Hotel%20Near%20Kuta%20Beach&query_place_id=ChIJX860pRBH0i0R3GTbNwWQvMs,Hotel,True,False,True,True,8,UDA DI CEK,11,Sedang,Sedang,1,1,0,1
Jesen's Inn 3,3.7,34,Jl. Banjar Anyar No.18,Badung Regency,,62 361 750819,https://www.google.com/maps/search/?api=1&query=Jesen's%20Inn%203&query_place_id=ChIJl9fDdaVG0i0RjgNPLSSICto,Hotel,True,False,True,False,9,UDA DI CEK,11,Sedang,Sedang,0,1,1,3
Kuta Airport Insta Hotel,3.7,468,Jl. Elang No.5,Badung Regency,,62 877-4449-8604,https://www.google.com/maps/search/?api=1&query=Kuta%20Airport%20Insta%20Hotel&query_place_id=ChIJjcX8EhpE0i0RGRuOtQ8bmZQ,Hotel,True,False,False,False,10,UDA DI CEK,11,Sedang,Sedang,0,1,1,3
Samudra Hotel Kuta,3.7,317,Jl. Pararaton Utama No.8,Badung Regency,,62 361 766779,https://www.google.com/maps/search/?api=1&query=Samudra%20Hotel%20Kuta&query_place_id=ChIJz4J1HtBG0i0RB5Xm_n1u3mA,Hotel,True,True,False,False,8,UDA DI CEK,10,Sedang,Sedang,0,1,1,3
Serela Kuta Bali,3.7,953,No Jl. Raya Kuta,Badung Regency,https://serelahotel.com/kuta-bali/,62 895-0843-3540,https://www.google.com/maps/search/?api=1&query=Serela%20Kuta%20Bali&query_place_id=ChIJiflYIMlG0i0RkBPfzPIbEXw,Hotel,True,False,True,False,9,UDA DI CEK,11,Sedang,Sedang,1,1,0,1
"Troppo Zone Puri Rama Resort, Legian",3.7,430,,Badung Regency,https://www.indonesiahotels.net/en/hotel/troppo-zone-puri-rama-resort-kuta.html,62 361 751057,https://www.google.com/maps/search/?api=1&query=Troppo%20Zone%20Puri%20Rama%20Resort%2C%20Legian&query_place_id=ChIJLyph_9pG0i0RAvyL0qYwEdI,Resort hotel,False,False,False,False,7,UDA DI CEK,7,Sedang,Sedang,1,1,0,1
Villa Kupu Kupu Seminyak,3.7,3,Jl. Kayu Aya Gg. Bugis,Badung Regency,http://www.kupukupuvillabali.com/,62 823-3971-2248,https://www.google.com/maps/search/?api=1&query=Villa%20Kupu%20Kupu%20Seminyak&query_place_id=ChIJZ4gPIHFH0i0RaVyI-58NZJA,Resort hotel,False,False,False,False,6,UDA DI CEK,6,Rendah,Rendah,1,1,0,1
ZEN Rooms Legian Dewi Sri,3.7,7,Jl. Dewi Sri No.11,Badung Regency,https://www.zenrooms.com/hotel/9/zen-rooms-legian-dewi-sri-bali-150?utm_source=local&utm_medium=organic&utm_campaign=gmb,62 855-7467-1004,https://www.google.com/maps/search/?api=1&query=ZEN%20Rooms%20Legian%20Dewi%20Sri&query_place_id=ChIJCbDsg89G0i0RO7F-yb2uGX0,Hotel,True,False,True,False,3,UDA DI CEK,5,Rendah,Rendah,1,1,0,1
Airy Legian Patimura 32 Kuta Bali,3.8,4,Jl. Patimura No.32,Badung Regency,,62 804 111 2479,https://www.google.com/maps/search/?api=1&query=Airy%20Legian%20Patimura%2032%20Kuta%20Bali&query_place_id=ChIJkQ1XDMdG0i0RyCmCLmB1Iuc,Hotel,True,False,True,False,3,UDA DI CEK,5,Rendah,Rendah,0,1,1,3
ALA Hostel,3.8,137,Gg. Piter,Badung Regency,,62 819-9743-8275,https://www.google.com/maps/search/?api=1&query=ALA%20Hostel&query_place_id=ChIJa1s9kPhH0i0RgG3KD2eDxak,Hostel,True,False,False,False,6,UDA DI CEK,7,Sedang,Rendah,0,1,1,3
Asher Bali Transit,3.8,67,Jalan Bandara Ngurah Rai Baru Jl. Kemayoran No.1,Badung Regency,,62 361 9364657,https://www.google.com/maps/search/?api=1&query=Asher%20Bali%20Transit&query_place_id=ChIJZZ0jKVZF0i0RHeQN1ghOW88,Hostel,True,False,True,True,7,UDA DI CEK,10,Sedang,Sedang,0,1,1,3
Bakung Beach Resort,3.8,1299,Jl. Kartika Plaza Jl. Samudra,Badung Regency,https://bakungbeachresort.com/booking/,62 361 753941,https://www.google.com/maps/search/?api=1&query=Bakung%20Beach%20Resort&query_place_id=ChIJidYk_R9E0i0Rf6ykxdOBjGA,Resort hotel,True,False,True,False,8,UDA DI CEK,10,Sedang,Sedang,1,1,0,1
Bali Kuta Resort,3.8,2532,Jl. Majapahit No.18,Badung Regency,http://www.swiss-belhotel.com/Indonesia/Bali/balikutaResort#hotel+information,62 361 762818,https://www.google.com/maps/search/?api=1&query=Bali%20Kuta%20Resort&query_place_id=ChIJKYQLGZ1H0i0Rc2RtXODKrYg,Hotel,True,False,False,False,6,UDA DI CEK,7,Sedang,Rendah,1,1,0,1
D'Gaduh Guest House,3.8,111,Gg. Biduri No.6,Badung Regency,,62 361 4753856,https://www.google.com/maps/search/?api=1&query=D'Gaduh%20Guest%20House&query_place_id=ChIJhx2zHKVG0i0ROCWokU0jzO0,Hotel,False,False,True,False,7,UDA DI CEK,8,Sedang,Sedang,0,1,1,3
Dedy Beach Inn,3.8,218,Jl. Samudra No.55,Badung Regency,https://secure.guestpro.net/dedybeach,62 821-4595-4897,https://www.google.com/maps/search/?api=1&query=Dedy%20Beach%20Inn&query_place_id=ChIJO_hO3h9E0i0Ro72U1O10j6g,Hotel,True,True,True,True,9,UDA DI CEK,13,Tinggi,Sedang,1,1,0,1
Griya Mesesari Guest House,3.8,25,Jl. Pelita No.26,Badung Regency,,,https://www.google.com/maps/search/?api=1&query=Griya%20Mesesari%20Guest%20House&query_place_id=ChIJr5LAnwVE0i0RC0Up1HN2dxI,Hotel,False,False,False,False,5,UDA DI CEK,5,Rendah,Rendah,0,0,3,4
Hotel ARA Kuta,3.8,110,jalan tropozone No.8,Badung Regency,,62 877-5806-9037,https://www.google.com/maps/search/?api=1&query=Hotel%20ARA%20Kuta&query_place_id=ChIJKerhD6NF0i0RF8HShB17V_I,Hotel,False,False,False,False,8,UDA DI CEK,8,Sedang,Sedang,0,1,1,3
Legian Village Hotel,3.8,705,"75V9+JG5, Jl. Padma",Badung Regency,http://www.legianvillage.com/,62 361 751182,https://www.google.com/maps/search/?api=1&query=Legian%20Village%20Hotel&query_place_id=ChIJo4QiiiZH0i0R7pVUpCjleGw,Hotel,True,False,True,False,14,UDA DI CEK,16,Tinggi,Tinggi,1,1,0,1
Legian Village Unit Joni II,3.8,4,Jl. Sahadewa No.21,Badung Regency,,62 361 461804,https://www.google.com/maps/search/?api=1&query=Legian%20Village%20Unit%20Joni%20II&query_place_id=ChIJr3ZuvMNG0i0Rm6Sc5tEfgEo,Hotel,True,False,True,False,14,UDA DI CEK,16,Tinggi,Tinggi,0,1,1,3
Melasti Kuta Beach Hotel & Spa,3.8,745,Jl. Kartika Plaza No.5,Badung Regency,http://www.melastikuta.com/,62 361 751335,https://www.google.com/maps/search/?api=1&query=Melasti%20Kuta%20Beach%20Hotel%20%26%20Spa&query_place_id=ChIJu8W2dqNG0i0RYBczSvUok7w,Hotel,True,True,True,False,10,UDA DI CEK,13,Tinggi,Sedang,1,1,0,1
Mesari Beach Inn,3.8,71,Jl. Camplung Tanduk No. 888,Bali,,,https://www.google.com/maps/search/?api=1&query=Mesari%20Beach%20Inn&query_place_id=ChIJsQez4RNH0i0Ra0msJQup8As,Hotel,True,False,True,False,5,UDA DI CEK,7,Sedang,Rendah,0,0,3,4
Nasya Residence,3.8,50,Jl. Mataram No.29,Badung Regency,,62 853-3775-9622,https://www.google.com/maps/search/?api=1&query=Nasya%20Residence&query_place_id=ChIJbetkPJ1H0i0RtlNdNrWQEZI,Hotel,True,True,False,False,9,UDA DI CEK,11,Sedang,Sedang,0,1,1,3
OYO 91112 Tara Kost,3.8,72,Jl. Majapahit No.82,Badung Regency,https://www.oyorooms.com/h/176285?utm_source=Google_gmb_ID&utm_medium=Organic&utm_campaign=ID_BLI342&latitude=-8.71153&longitude=115.1774&locale=id,62 813-3726-0884,https://www.google.com/maps/search/?api=1&query=OYO%2091112%20Tara%20Kost&query_place_id=ChIJf4c0d8hG0i0RBTXBKPGeqmc,Hotel,True,True,True,True,8,UDA DI CEK,12,Sedang,Sedang,1,1,0,1
Pondok Dani,3.8,9,Jl. Glogor Carik No.28,Denpasar City,,62 822-5799-2727,https://www.google.com/maps/search/?api=1&query=Pondok%20Dani&query_place_id=ChIJD16pQ7NG0i0RCei7U7HVAJM,Hotel,False,False,False,False,1,UDA DI CEK,1,Rendah,Rendah,0,1,1,3
RedDoorz @ Mahendra Beach Inn Kuta,3.8,154,Bedugul Lane,Badung Regency,https://www.reddoorz.com/id-id/hotel/indonesia/bali/kuta/kuta/reddoorz-mahendra-beach-inn-kuta?utm_campaign=webclick&utm_medium=mybusiness&utm_source=google,62 813-2227-795,https://www.google.com/maps/search/?api=1&query=RedDoorz%20%40%20Mahendra%20Beach%20Inn%20Kuta&query_place_id=ChIJNU0p0btG0i0Ra753Lvsyp78,Hotel,True,True,True,True,5,UDA DI CEK,9,Sedang,Rendah,1,1,0,1
Super OYO 2417 Panen House,3.8,104,Jl. Gunung Athena Gg. III No.15,Denpasar City,https://www.oyorooms.com/ID/90613/,62 21 29707601,https://www.google.com/maps/search/?api=1&query=Super%20OYO%202417%20Panen%20House&query_place_id=ChIJZS9w4N9G0i0RAql4FPGwVdg,Hotel,False,False,False,False,9,UDA DI CEK,9,Sedang,Sedang,1,1,0,1
Taxa Raya Guesthouse,3.8,110,Jl. Raya Kuta No.77,Badung Regency,https://taxakuta.wixsite.com/taxa,62 361 751377,https://www.google.com/maps/search/?api=1&query=Taxa%20Raya%20Guesthouse&query_place_id=ChIJY2xee6VG0i0RZouIiPKWwn4,Hotel,False,False,False,False,13,UDA DI CEK,13,Tinggi,Tinggi,1,1,0,1
The Kubu Hotel,3.8,725,Jl. Poppies I Gg. Sorga No.Gg,Badung Regency,http://thekubuhotel.com/,62 812-3139-4366,https://www.google.com/maps/search/?api=1&query=The%20Kubu%20Hotel&query_place_id=ChIJK8DR0LtG0i0Rk5nmVA5QmIA,Hotel,True,False,True,False,10,UDA DI CEK,12,Sedang,Sedang,1,1,0,1
ZEN Rooms Denpasar Gelogor Carik,3.8,8,Jl. Glogor Carik No.20,Denpasar City,,62 855-7467-1004,https://www.google.com/maps/search/?api=1&query=ZEN%20Rooms%20Denpasar%20Gelogor%20Carik&query_place_id=ChIJfZhHJbVG0i0ROgvNMLOO85E,Hotel,True,False,True,False,3,UDA DI CEK,5,Rendah,Rendah,0,1,1,3
A Residence,3.9,310,"7589+MVM, JL. Pudak Sari, Kartika Plaza, Badung",Badung Regency,,62 361 759008,https://www.google.com/maps/search/?api=1&query=A%20Residence&query_place_id=ChIJ5YQ7laBG0i0Ry89o9DDZnio,Hotel,False,False,False,False,3,UDA DI CEK,3,Rendah,Rendah,0,1,1,3
Abian Harmony Hotel Restaurant & Spa,3.9,1270,Jl. Danau Tamblingan No.192,Denpasar City,http://www.abianharmonyhotel.com/,62 361 4721299,https://www.google.com/maps/search/?api=1&query=Abian%20Harmony%20Hotel%20Restaurant%20%26%20Spa&query_place_id=ChIJk3Keu8BB0i0RRVBk6cE1olA,Hotel,True,False,True,False,5,UDA DI CEK,7,Sedang,Rendah,1,1,0,1
Airy Raya Legian 113 Kuta Bali,3.9,7,Jln Legian No.113,Badung Regency,,62 804 111 2479,https://www.google.com/maps/search/?api=1&query=Airy%20Raya%20Legian%20113%20Kuta%20Bali&query_place_id=ChIJpd_AjrhG0i0Ru0UlIs2Egmc,Hotel,True,False,True,False,3,UDA DI CEK,5,Rendah,Rendah,0,1,1,3
Airy Seminyak Sunset Road 89 Bali,3.9,18,Jl. Sunset Road No.88-89,Badung Regency,,62 804 111 2479,https://www.google.com/maps/search/?api=1&query=Airy%20Seminyak%20Sunset%20Road%2089%20Bali&query_place_id=ChIJ25H9KyNH0i0RIkRPX7h1Znc,Hotel,True,False,True,False,3,UDA DI CEK,5,Rendah,Rendah,0,1,1,3
Ananta Legian Hotel,3.9,389,Jl. Werkudara No.539,Badung Regency,https://anantalegianhotel.top/,62 361 738989,https://www.google.com/maps/search/?api=1&query=Ananta%20Legian%20Hotel&query_place_id=ChIJD9f8acNG0i0RR93P1vUlnUI,Hotel,True,False,True,False,7,UDA DI CEK,9,Sedang,Sedang,1,1,0,1
Anucara Hotel,3.9,15,"7579+J76, Jl. Kartika Plaza",Badung Regency,,62 361 764885,https://www.google.com/maps/search/?api=1&query=Anucara%20Hotel&query_place_id=ChIJq5lPsx9E0i0RFammjL9LCkE,Hotel,True,False,True,False,4,UDA DI CEK,6,Rendah,Rendah,0,1,1,3
Bahana Guest House,3.9,278,Jl. Merpati No.12,Badung Regency,,,https://www.google.com/maps/search/?api=1&query=Bahana%20Guest%20House&query_place_id=ChIJiVn_quNF0i0Rz1_xeJPfpfY,Hotel,True,True,True,False,7,UDA DI CEK,10,Sedang,Sedang,0,0,3,4
Budha's Guest House,3.9,67,Gg. Pendawa No.4X,Badung Regency,,62 818-0552-1087,https://www.google.com/maps/search/?api=1&query=Budha's%20Guest%20House&query_place_id=ChIJ6bVVyvtH0i0RdziLL-BQePs,Hotel,True,False,True,False,5,UDA DI CEK,7,Sedang,Rendah,0,1,1,3
Dayu Beach Hotel,3.9,97,"7599+RQJ, Jl. Kartika Plaza Gg. Puspa Ayu",Badung Regency,,62 361 752263,https://www.google.com/maps/search/?api=1&query=Dayu%20Beach%20Hotel&query_place_id=ChIJwSY0QaFG0i0R4x8Ur5mx3Hk,Hotel,False,False,False,False,11,UDA DI CEK,11,Sedang,Sedang,0,1,1,3
Denays House Jimbaran,3.9,36,JALAN BANTAS KANGIN No 6 JIMBARAN KUTA SELATAN KABUPATEN BADUNG,BADUNG SELATAN,http://denaysguesthousejimbaran.zoombookdirect.com/,,https://www.google.com/maps/search/?api=1&query=Denays%20House%20Jimbaran&query_place_id=ChIJ22CsGapF0i0Razz6RJ6A3YQ,Guest house,True,False,False,False,10,UDA DI CEK,11,Sedang,Sedang,1,0,2,2
Dewi Sri Corner and Residences,3.9,34,Jl. Praja Natha No.2,Badung Regency,,62 804 111 2479,https://www.google.com/maps/search/?api=1&query=Dewi%20Sri%20Corner%20and%20Residences&query_place_id=ChIJJ6WhkLhH0i0R4nXdQIzm8F4,Hotel,True,False,True,False,0,UDA DI CEK,2,Rendah,Rendah,0,1,1,3
Easy Surf Camp,3.9,228,"Easy Surf Camp, Jl. Pantai Kuta",Badung Regency,https://easysurfbali.com/,62 821-1333-3607,https://www.google.com/maps/search/?api=1&query=Easy%20Surf%20Camp&query_place_id=ChIJ0wAfUcBG0i0RnNvP3pr4WAg,Hotel,True,True,False,False,6,UDA DI CEK,8,Sedang,Rendah,1,1,0,1
"Ganga Hotel & Apartment,Denpasar-Bali",3.9,364,"Jl. Kepuh Segina 8, Jl. Kepuh Segina No.8 A",Denpasar Barat,https://www.gangabalihotel.com/,62 877-6258-5940,https://www.google.com/maps/search/?api=1&query=Ganga%20Hotel%20%26%20Apartment%2CDenpasar-Bali&query_place_id=ChIJM4e8OLNB0i0RQOsM36dm0OY,Hotel,True,False,False,False,11,UDA DI CEK,12,Sedang,Sedang,1,1,0,1
Graha Wedha Suite,3.9,250,"757G+G22, Jl. Bhineka Jati Jaya Jl. Kubu Anyar",Badung Regency,,62 817-2362-100,https://www.google.com/maps/search/?api=1&query=Graha%20Wedha%20Suite&query_place_id=ChIJ8YsAHR1E0i0ROXK3D7lATGA,Lodging,True,False,True,False,10,UDA DI CEK,12,Sedang,Sedang,0,1,1,3
Hotel Arjuna Inn,3.9,11,Jl. Sriwijaya No.20,Badung Regency,,,https://www.google.com/maps/search/?api=1&query=Hotel%20Arjuna%20Inn&query_place_id=ChIJ85F8MsRG0i0R84LwPyCryeo,Hotel,False,False,False,False,7,UDA DI CEK,7,Sedang,Sedang,0,0,3,4
Hotel Prawita,3.9,66,"75JF+7W5, Jln Legian",Badung Regency,,62 361 751838,https://www.google.com/maps/search/?api=1&query=Hotel%20Prawita&query_place_id=ChIJ03sYy7tG0i0R0p2cGfrY0e8,Hotel,True,False,False,False,3,UDA DI CEK,4,Rendah,Rendah,0,1,1,3
Hotel Restu Bali,3.9,598,Jln Legian No.113,Badung Regency,http://www.restubalihotel.com/,62 361 751251,https://www.google.com/maps/search/?api=1&query=Hotel%20Restu%20Bali&query_place_id=ChIJ8ayYn95G0i0ROV-H8K5seM8,Hotel,True,False,True,False,13,UDA DI CEK,15,Tinggi,Tinggi,1,1,0,1
Komala Indah 1 - Accomodation & Bike Rental,3.9,32,"75HF+FMJ, Jl. Poppies I",Badung Regency,,62 813-3724-8303,https://www.google.com/maps/search/?api=1&query=Komala%20Indah%201%20-%20Accomodation%20%26%20Bike%20Rental&query_place_id=ChIJnzfu_7pG0i0Rk_4cUV1IsnA,Hotel,False,False,False,False,9,UDA DI CEK,9,Sedang,Sedang,0,1,1,3
Kuta Sari House,3.9,295,Jl. Bunisari No.14,Badung Regency,,62 361 4726654,https://www.google.com/maps/search/?api=1&query=Kuta%20Sari%20House&query_place_id=ChIJa7qeNKVG0i0RXX5EqTTY1bk,Hotel,False,False,True,False,10,UDA DI CEK,11,Sedang,Sedang,0,1,1,3
Ozz Hotel Kuta Bali manage by Ozz Group,3.9,508,Gg. Biduri Jl. Kubu Anyar,Badung Regency,https://www.reddoorz.com/id-id/hotel/bali/kuta/bakung-sari/ozz-hotel-kuta-bali-manage-by-ozz-group?utm_campaign=webclick&utm_medium=mybusiness&utm_source=google,62 813-2227-795,https://www.google.com/maps/search/?api=1&query=Ozz%20Hotel%20Kuta%20Bali%20manage%20by%20Ozz%20Group&query_place_id=ChIJnWtj7qRG0i0RHY_LvIJFJqc,Hotel,True,True,True,True,8,UDA DI CEK,12,Sedang,Sedang,1,1,0,1
Palm Beach Hotel Bali,3.9,1670,Jl. Jenggala Jl. Pantai Banjar Segara No.1,Badung Regency,http://palmbeachbali.com/,62 361 751661,https://www.google.com/maps/search/?api=1&query=Palm%20Beach%20Hotel%20Bali&query_place_id=ChIJ-ZAR4p9G0i0RCG7yvIUvckw,Hotel,True,False,False,False,9,UDA DI CEK,10,Sedang,Sedang,1,1,0,1
Puspa Ayu Villas & Apartments,3.9,80,Jl. Kartika Plaza Gg. Puspa Ayu No.2,Badung Regency,https://www.puspaayuvillas.com/,62 853-3833-8702,https://www.google.com/maps/search/?api=1&query=Puspa%20Ayu%20Villas%20%26%20Apartments&query_place_id=ChIJgQ9gbvFH0i0Ry0i4nEUsvwg,Hotel,True,False,True,False,5,UDA DI CEK,7,Sedang,Rendah,1,1,0,1
Rabasta Enjoy Kuta,3.9,1194,Jl. Kartika Plaza Jl. Pudak Sari No.3,Badung Regency,https://rabastaenjoykuta.com/,62 361 757411,https://www.google.com/maps/search/?api=1&query=Rabasta%20Enjoy%20Kuta&query_place_id=ChIJWQ7l-KBG0i0RcX0DqbvPtKc,Hotel,True,True,True,False,10,UDA DI CEK,13,Tinggi,Sedang,1,1,0,1
Sanur Seaview Hotel,3.9,303,Jl. Pengembak No.44,Denpasar City,http://www.sanurseaviewhotel.com/,62 361 285390,https://www.google.com/maps/search/?api=1&query=Sanur%20Seaview%20Hotel&query_place_id=ChIJ-bMlKZhB0i0RqBgIZm8H7CU,Hotel,False,False,True,False,11,UDA DI CEK,12,Sedang,Sedang,1,1,0,1
Suardana inn's,3.9,253,Jl. Bunisari,Badung Regency,http://suardana-inn.com/,62 818-0585-8058,https://www.google.com/maps/search/?api=1&query=Suardana%20inn's&query_place_id=ChIJW3oGy7pG0i0RIb5Qs8bwsy8,Hotel,True,False,True,False,9,UDA DI CEK,11,Sedang,Sedang,1,1,0,1
Taxa Uma,3.9,154,Jl. Tegal Wangi No.18,Badung Regency,https://taxaumahotel.wixsite.com/taxauma,62 812-3607-7712,https://www.google.com/maps/search/?api=1&query=Taxa%20Uma&query_place_id=ChIJ-Z20raRG0i0R8qHqeF-M3WQ,Hotel,False,False,False,False,11,UDA DI CEK,11,Sedang,Sedang,1,1,0,1
The Kuta Bagus View,3.9,168,Gg. Mawar No.1X,Badung Regency,,62 813-3728-9704,https://www.google.com/maps/search/?api=1&query=The%20Kuta%20Bagus%20View&query_place_id=ChIJXWFCeKhG0i0R-e_th1iPKPo,Hotel,False,False,True,False,10,UDA DI CEK,11,Sedang,Sedang,0,1,1,3
The Legian 777,3.9,133,Jl. Patimura No.49,Badung Regency,https://thelegian777.com/,62 812-3670-7575,https://www.google.com/maps/search/?api=1&query=The%20Legian%20777&query_place_id=ChIJZwMlu8dG0i0RYlqUBkBT3Ds,Hotel,True,True,True,False,7,UDA DI CEK,10,Sedang,Sedang,1,1,0,1
Villa Puri Royan,3.9,235,Jl. Pantai Sari No.25,Badung Regency,https://villapuriroyan.zoombookdirect.com/,62 21 29706666,https://www.google.com/maps/search/?api=1&query=Villa%20Puri%20Royan&query_place_id=ChIJm9yuBGRE0i0RmyGhXddOFng,Hotel,False,False,False,False,6,UDA DI CEK,6,Rendah,Rendah,1,1,0,1
Villa Sari Temuku,3.9,14,Jl. Sari Temuku No.8,Badung Regency,,62 818-0558-4978,https://www.google.com/maps/search/?api=1&query=Villa%20Sari%20Temuku&query_place_id=ChIJYxGNLhpH0i0RQ8ZgslKWjW0,Villa,False,False,True,False,4,UDA DI CEK,5,Rendah,Rendah,0,1,1,3
Waringin Homestay,3.9,261,Gg. Sorga No.9,Badung Regency,,62 361 759692,https://www.google.com/maps/search/?api=1&query=Waringin%20Homestay&query_place_id=ChIJi32J27tG0i0RqZCBpDJNWGY,Hotel,False,False,False,False,9,UDA DI CEK,9,Sedang,Sedang,0,1,1,3
Airy Kuta Majapahit 18 Bali,4.1,19,Jl. Majapahit No.18,Badung Regency,,62 804 111 2479,https://www.google.com/maps/search/?api=1&query=Airy%20Kuta%20Majapahit%2018%20Bali&query_place_id=ChIJz8EZk7BG0i0RFRKcycfCJb4,Hotel,True,False,True,False,3,UDA DI CEK,5,Rendah,Rendah,0,1,1,3
Airy Raya Kuta Gang Sehati 2 Bali,4.1,95,Gg. Mawar No.2,Badung Regency,,62 804 111 2479,https://www.google.com/maps/search/?api=1&query=Airy%20Raya%20Kuta%20Gang%20Sehati%202%20Bali&query_place_id=ChIJqzQmBbZG0i0RLzEDBucQfaM,Hotel,True,False,True,False,3,UDA DI CEK,5,Rendah,Rendah,0,1,1,3
Ananda Resort Seminyak,4.1,439,"Oberoi, Kuta, Jl. Kayu Aya No.1001 x",Badung Regency,https://anandaresort-seminyak.com/,62 361 730526,https://www.google.com/maps/search/?api=1&query=Ananda%20Resort%20Seminyak&query_place_id=ChIJjaU7WBdH0i0R24fsRfahyKw,Resort hotel,True,False,False,False,4,UDA DI CEK,5,Rendah,Rendah,1,1,0,1
Andari Legian Guest House,4.1,142,Jl. Jatayu II,Badung Regency,https://www.andarilegianbali.com/,62 812-2869-6568,https://www.google.com/maps/search/?api=1&query=Andari%20Legian%20Guest%20House&query_place_id=ChIJ57AkH9FG0i0R-bttYbKhujQ,Guest house,True,False,True,True,2,UDA DI CEK,5,Rendah,Rendah,1,1,0,1
Angkul Angkul Beach Inn Kuta,4.1,436,Jl. Tegal Wangi No.21,Badung Regency,http://www.angkulangkulkuta.com/,62 361 763597,https://www.google.com/maps/search/?api=1&query=Angkul%20Angkul%20Beach%20Inn%20Kuta&query_place_id=ChIJa0jLtKRG0i0REKT9VYVKjbQ,Hotel,True,True,False,False,7,UDA DI CEK,9,Sedang,Sedang,1,1,0,1
Anshel Hotel,4.1,107,Jl. Sari Dewi No.25,Badung Regency,http://www.anshelhotel.com/,62 361 4471383,https://www.google.com/maps/search/?api=1&query=Anshel%20Hotel&query_place_id=ChIJG_N0BxxH0i0RjYEyHrsLaqE,Hotel,True,False,True,False,9,UDA DI CEK,11,Sedang,Sedang,1,1,0,1
Aquarius Star Hotel,4.1,289,Jln Legian No.116,Badung Regency,http://www.aquariusstarhotelkuta.com/,62 361 756573,https://www.google.com/maps/search/?api=1&query=Aquarius%20Star%20Hotel&query_place_id=ChIJR-kEwsZG0i0RaDZ_ORuEbRE,Hotel,True,False,True,False,6,UDA DI CEK,8,Sedang,Rendah,1,1,0,1
Athena Garden Villa,4.1,174,Jl. Gn. Athena No.1,Denpasar City,http://www.athenagardenvilla.com/,62 361 738756,https://www.google.com/maps/search/?api=1&query=Athena%20Garden%20Villa&query_place_id=ChIJL6I8hENH0i0RXvQnMiVvdZo,Resort hotel,True,False,False,False,7,UDA DI CEK,8,Sedang,Sedang,1,1,0,1
Bali Bungalo,4.1,217,Jl. Pantai Kuta Gg. Wina,Badung Regency,https://www.indonesiahotels.net/en/hotel/bali-bungalo-hotel.html,62 361 761447,https://www.google.com/maps/search/?api=1&query=Bali%20Bungalo&query_place_id=ChIJK55MEbxG0i0RHwObMswKofo,Hotel,True,True,True,False,8,UDA DI CEK,11,Sedang,Sedang,1,1,0,1
Bedrock Hotel Kuta bali,4.1,2396,Jl. Wana Segara No.21,Badung Regency,http://bedrockbali.com/,62 361 4727300,https://www.google.com/maps/search/?api=1&query=Bedrock%20Hotel%20Kuta%20bali&query_place_id=ChIJfRK7DR9E0i0RbaZ4-QR45YE,Hotel,True,True,True,False,8,UDA DI CEK,11,Sedang,Sedang,1,1,0,1
Besakih Beach Hotel,4.1,384,Jl. Danau Tamblingan No.45,Denpasar City,https://besakihbeachhotel.com/,62 361 288423,https://www.google.com/maps/search/?api=1&query=Besakih%20Beach%20Hotel&query_place_id=ChIJoYSoGctB0i0RBeGLH2ncIRI,Hotel,True,False,True,True,7,UDA DI CEK,10,Sedang,Sedang,1,1,0,1
"Casa Dasa Boutique Hotel, Seminyak",4.1,420,Jalan Nakula No.10 Legian,Badung Regency,https://www.indonesiahotels.net/en/hotel/casa-dasa-legian.html,62 361 3352210,https://www.google.com/maps/search/?api=1&query=Casa%20Dasa%20Boutique%20Hotel%2C%20Seminyak&query_place_id=ChIJy27nJdpG0i0RKlou3F1Vq_I,Hotel,True,False,False,False,8,UDA DI CEK,9,Sedang,Sedang,1,1,0,1
Cove Tripuri House - Coliving & Hotel Bali,4.1,72,Jl. Kediri No.5,Denpasar,https://cove.id/properties/cove-tripuri-house?utm_source=gmb&utm_medium=website_button,,https://www.google.com/maps/search/?api=1&query=Cove%20Tripuri%20House%20-%20Coliving%20%26%20Hotel%20Bali&query_place_id=ChIJB2egFPRF0i0Ru0s0zISQOh0,Serviced accommodation,True,True,True,False,11,UDA DI CEK,14,Tinggi,Sedang,1,0,2,2
Cozy Stay Bali Managed by ARM Hospitality,4.1,1180,Jl. Gn. Soputan No.88,Denpasar City,https://cozystayhotelbali.com/,62 821-5758-7700,https://www.google.com/maps/search/?api=1&query=Cozy%20Stay%20Bali%20Managed%20by%20ARM%20Hospitality&query_place_id=ChIJtV7T2y1H0i0RV639CWYhVM4,Hotel,True,False,False,False,7,UDA DI CEK,8,Sedang,Sedang,1,1,0,1
Dancing Hana Villa Nusa Dua (1 Bedroom Villa with Sharing Pool Minimum Stay 2 Nights ),4.1,149,Jl. Pura Segara,Badung Regency,https://www.reddoorz.com/id-id/hotel/indonesia/bali/kuta-selatan/benoa/dancing-hana-villa-nusa-dua-1-bedroom-villa-with-sharing-pool?utm_campaign=webclick&utm_medium=mybusiness&utm_source=google,62 813-2227-795,https://www.google.com/maps/search/?api=1&query=Dancing%20Hana%20Villa%20Nusa%20Dua%20(1%20Bedroom%20Villa%20with%20Sharing%20Pool%20Minimum%20Stay%202%20Nights%20)&query_place_id=ChIJ0bhZUrZc0i0RmCVvdMO10gA,Hotel,False,False,False,False,8,UDA DI CEK,8,Sedang,Sedang,1,1,0,1
Diamond Hotel Kuta Bali (Formerly Grand Orchid Hotel Bali),4.1,763,Jl. Raya Kuta No.39,Badung Regency,https://diamond-hotels.com/diamondbali/#menu-home,62 361 761728,https://www.google.com/maps/search/?api=1&query=Diamond%20Hotel%20Kuta%20Bali%20(Formerly%20Grand%20Orchid%20Hotel%20Bali)&query_place_id=ChIJ__8vbMlG0i0Rw5Y1py8xW0I,Hotel,True,False,False,True,12,UDA DI CEK,14,Tinggi,Sedang,1,1,0,1
Djabu Hotel Seminyak,4.1,327,Jalan Beraban No.46 Seminyak,Badung Regency,https://djabuseminyak.com/,62 361 8495766,https://www.google.com/maps/search/?api=1&query=Djabu%20Hotel%20Seminyak&query_place_id=ChIJh1rg__8j0i0RcEKES5GWV08,Hotel,True,True,True,False,9,UDA DI CEK,12,Sedang,Sedang,1,1,0,1
Euphoria Hotel Legian Bali,4.1,1069,Jl. Patih Jelantik No.11-12,Badung Regency,http://www.euphoriabali.com/,62 361 8496789,https://www.google.com/maps/search/?api=1&query=Euphoria%20Hotel%20Legian%20Bali&query_place_id=ChIJ79qZ7MhG0i0RsPB3M0GY054,Hotel,True,True,True,False,9,UDA DI CEK,12,Sedang,Sedang,1,1,0,1
Everyday Hotel Kuta Central,4.1,1026,"Komplek Istana Kuta Galleria, Central Park Jl. Patih Jelantik No.12A Blok Ethnic No. 12",Badung Regency,https://everydayhotelkutacentral.com/,62 361 769036,https://www.google.com/maps/search/?api=1&query=Everyday%20Hotel%20Kuta%20Central&query_place_id=ChIJiyfq9MhG0i0RbgnrGkdJHIY,Hotel,True,True,True,False,12,UDA DI CEK,15,Tinggi,Sedang,1,1,0,1
Frangipani Guest House,4.1,10,"75QM+CMX, Jl. Mertanadi II",Badung Regency,https://elsie-recomends-you.eu/frangipani-guest-house-indonesia,,https://www.google.com/maps/search/?api=1&query=Frangipani%20Guest%20House&query_place_id=ChIJ5_OYeixH0i0Rl1YITriI22A,Hotel,False,False,True,False,7,UDA DI CEK,8,Sedang,Sedang,1,0,2,2
FuramaXclusive Ocean Beach Seminyak,4.1,1870,Jl. Arjuna No.88X,Badung Regency,https://www.furama.com/xclusive/oceanbeach/,62 361 737400,https://www.google.com/maps/search/?api=1&query=FuramaXclusive%20Ocean%20Beach%20Seminyak&query_place_id=ChIJtYG13eBG0i0RpDiF4r576yE,Hotel,False,False,True,False,12,UDA DI CEK,13,Tinggi,Sedang,1,1,0,1
Green Roof Homestay,4.1,55,"No. Kuta, Jl. Kubu Anyar No.12",Badung Regency,,,https://www.google.com/maps/search/?api=1&query=Green%20Roof%20Homestay&query_place_id=ChIJjWctLx5E0i0RNfGnTCxAKfc,Hotel,True,False,False,False,5,UDA DI CEK,6,Rendah,Rendah,0,0,3,4
GUEST HOUSE PURI KENCANA,4.1,30,Jl. Glogor Carik Gang Cafe Sartika No.8,Badung Regency,,,https://www.google.com/maps/search/?api=1&query=GUEST%20HOUSE%20PURI%20KENCANA&query_place_id=ChIJ_b_1cLNG0i0ROm1P0dcJlVI,Hotel,True,False,True,False,2,UDA DI CEK,4,Rendah,Rendah,0,0,3,4
Home@36 condotel,4.1,496,Jl. Kartika Plaza,Badung Regency,,62 361 769689,https://www.google.com/maps/search/?api=1&query=Home%4036%20condotel&query_place_id=ChIJ_RobqKFG0i0RVSV7neoUgZA,Hotel,True,False,True,False,7,UDA DI CEK,9,Sedang,Sedang,0,1,1,3
Hotel Miki,4.1,37,"75VH+M3R, Jl. Dewi Sri",Badung Regency,,62 361 764187,https://www.google.com/maps/search/?api=1&query=Hotel%20Miki&query_place_id=ChIJ5X0-gc9G0i0RGfQ9yyFwwOg,Hotel,False,False,True,False,5,UDA DI CEK,6,Rendah,Rendah,0,1,1,3
Hotel ZIA Bali - Kuta,4.1,1795,"Jl. ​Ciung Wanara 17, Br. Tegal, Jl. Tegal Wangi",Badung Regency,https://ziakutahotel.com/?utm_source=googlemybusiness,62 361 758811,https://www.google.com/maps/search/?api=1&query=Hotel%20ZIA%20Bali%20-%20Kuta&query_place_id=ChIJZSA_NLtG0i0RKcUyR6nxxHg,Hotel,True,False,True,False,15,UDA DI CEK,17,Tinggi,Tinggi,1,1,0,1
Istimewa Villa,4.1,25,"JL. Raya Seminyak Gang Dewata, No. 77, Kerobokan, Kuta",Badung Regency,https://shan-recommends.com/villa-istimewa-indonesia,62 361 731934,https://www.google.com/maps/search/?api=1&query=Istimewa%20Villa&query_place_id=ChIJvSI09CBH0i0Rf7Mlv6sO2tE,Resort hotel,True,False,False,False,10,UDA DI CEK,11,Sedang,Sedang,1,1,0,1
Jesen's Inn 2,4.1,381,Jl. Kubu Anyar Gg. Kresek No.7,Badung Regency,,62 361 752647,https://www.google.com/maps/search/?api=1&query=Jesen's%20Inn%202&query_place_id=ChIJoUC8FKVG0i0R0Qrr0evNn8Q,Hotel,True,False,True,False,8,UDA DI CEK,10,Sedang,Sedang,0,1,1,3
Kamini Legian Hotel,4.1,458,Jln Legian Jl. Legian Gg. Troppozone,Badung Regency,https://www.taritiya.com/kamini-legian-hotel,62 813-5387-3598,https://www.google.com/maps/search/?api=1&query=Kamini%20Legian%20Hotel&query_place_id=ChIJNyjQ67lG0i0Rr-cqlSYGzSI,Hotel,True,True,True,True,9,UDA DI CEK,13,Tinggi,Sedang,1,1,0,1
Kuta Suci Guest House,4.1,287,Jl. Pantai Kuta No.37C,Badung Regency,https://bookings.ecommerceloka.com/booking-page.php?id=kuta-suci-guesthouse,62 812-3822-8390,https://www.google.com/maps/search/?api=1&query=Kuta%20Suci%20Guest%20House&query_place_id=ChIJPV3BFbtG0i0RFyY9uxaqqFM,Hotel,True,True,True,False,6,UDA DI CEK,9,Sedang,Rendah,1,1,0,1
L'AMORE HOTEL,4.1,371,Jalan Gunung Atena No.19,Denpasar City,,,https://www.google.com/maps/search/?api=1&query=L'AMORE%20HOTEL&query_place_id=ChIJZ5l0NiVH0i0Rkg2vquBWAHg,Hotel,True,False,True,False,7,UDA DI CEK,9,Sedang,Sedang,0,0,3,4
La Belle Villa,4.1,85,Jl. Kunti II No.7,Badung Regency,http://www.labellevillabali.com/,62 859-3302-9755,https://www.google.com/maps/search/?api=1&query=La%20Belle%20Villa&query_place_id=ChIJQWke3yVH0i0RriV65pUYLuI,Hotel,True,False,True,False,12,UDA DI CEK,14,Tinggi,Sedang,1,1,0,1
Lavender Villa & Spa,4.1,605,Jl. Bypass Ngurah Rai No.07,Badung Regency,http://www.lavenderbali.com/,62 361 752961,https://www.google.com/maps/search/?api=1&query=Lavender%20Villa%20%26%20Spa&query_place_id=ChIJw7ZlqsxH0i0R_Hu6b5FV7V0,Villa,True,False,True,True,10,UDA DI CEK,13,Tinggi,Sedang,1,1,0,1
Lega Legi Town House Seminyak by The Lavana,4.1,54,"Jalan Nakula Barat No. 888x Br. Legian Kaja, Desa",Badung Regency,,62 813-2227-795,https://www.google.com/maps/search/?api=1&query=Lega%20Legi%20Town%20House%20Seminyak%20by%20The%20Lavana&query_place_id=ChIJRz_8x4hH0i0R9M8eOWM-nwo,Hotel,True,True,False,False,9,UDA DI CEK,11,Sedang,Sedang,0,1,1,3
LOSMEN CEMPAKA,4.1,187,Jl. Poppies II Jl. Benesari,Badung Regency,http://www.cempakalosmen.com/,62 812-3941-148,https://www.google.com/maps/search/?api=1&query=LOSMEN%20CEMPAKA&query_place_id=ChIJodU5H7lG0i0R9ra7ORVdVk0,Homestay,True,False,False,False,10,UDA DI CEK,11,Sedang,Sedang,1,1,0,1
Mega Boutique,4.1,1866,"SImpang Siur, Jl. Bypass Ngurah Rai No.259",Badung Regency,https://www.megaboutiquehotel.com/,62 361 753111,https://www.google.com/maps/search/?api=1&query=Mega%20Boutique&query_place_id=ChIJWa9i8bJG0i0RW_BRN0l18zU,Hotel,True,False,False,False,10,UDA DI CEK,11,Sedang,Sedang,1,1,0,1
New Garden View Resort,4.1,410,Jl. Padma Utara No.4,Badung Regency,http://www.newgardenviewresort.com/,62 361 751559,https://www.google.com/maps/search/?api=1&query=New%20Garden%20View%20Resort&query_place_id=ChIJX1mOGMNG0i0RJIJ8VY9Ruzw,Hotel,True,False,True,False,8,UDA DI CEK,10,Sedang,Sedang,1,1,0,1
NIMS Hotel Seminyak,4.1,56,Jl. Sunset Road No.17,Badung Regency,,62 878-5972-7111,https://www.google.com/maps/search/?api=1&query=NIMS%20Hotel%20Seminyak&query_place_id=ChIJaWBt7yZH0i0RtX1WX-NihWQ,Hotel,True,True,False,False,11,UDA DI CEK,13,Tinggi,Sedang,0,1,1,3
Ohana Hotel Kuta,4.1,1244,Jl. Kubu Anyar No.20,Badung Regency,https://facebook.com/OhanaHotelKutaBali,62 361 765884,https://www.google.com/maps/search/?api=1&query=Ohana%20Hotel%20Kuta&query_place_id=ChIJrdvp2KZG0i0R9MXpdBzPi0U,Hotel,True,True,True,False,14,UDA DI CEK,17,Tinggi,Tinggi,1,1,0,1
POP! Hotel Kuta Beach - Bali,4.1,3661,Jl. Kubu Bene,Badung Regency,https://www.discoverasr.com/en/pop-hotels/indonesia/pop-hotel-kuta-beach-bali?utm_source=whatsapp&utm_medium=waorganic&utm_campaign=-whatsapp-waorganic-alwayson-20220101-all-en-id-id-PKTB--&utm_content=--,62 361 8465656,https://www.google.com/maps/search/?api=1&query=POP!%20Hotel%20Kuta%20Beach%20-%20Bali&query_place_id=ChIJ705a28BG0i0R61ancjA23EY,Hotel,True,True,True,False,14,UDA DI CEK,17,Tinggi,Tinggi,1,1,0,1
Premium Villas Seminyak,4.1,68,"8569+WHC, Gg. Cantik",Badung Regency,https://premiumvillasseminyak.top/,,https://www.google.com/maps/search/?api=1&query=Premium%20Villas%20Seminyak&query_place_id=ChIJyTE66iNH0i0R_Nw-q02ildk,Hotel,True,False,True,False,7,UDA DI CEK,9,Sedang,Sedang,1,0,2,2
Puri Ganesh,4.1,172,"Jalan Dewi Sri I No. 14, Jl. Dewi Sri I No.14",Badung Regency,,62 881-0378-86224,https://www.google.com/maps/search/?api=1&query=Puri%20Ganesh&query_place_id=ChIJjfzC9s9G0i0RcqVA0001jnA,Extended stay hotel,True,True,True,False,7,UDA DI CEK,10,Sedang,Sedang,0,1,1,3
Savvoya Hotel,4.1,1704,Jl. Mertanadi No.14,Badung Regency,https://savvoyaseminyak.com/,62 361 4741760,https://www.google.com/maps/search/?api=1&query=Savvoya%20Hotel&query_place_id=ChIJzXSCOz1H0i0RTITlcZFlyCM,Hotel,True,True,True,False,6,UDA DI CEK,9,Sedang,Rendah,1,1,0,1
Segara Agung Boutique Hotel,4.1,227,"Semawang, Jl. Duyung No.43",Denpasar City,http://www.segaraagung.com/,62 361 288446,https://www.google.com/maps/search/?api=1&query=Segara%20Agung%20Boutique%20Hotel&query_place_id=ChIJncXq-8BB0i0Rc0nPa5V40kQ,Hotel,True,False,True,False,8,UDA DI CEK,10,Sedang,Sedang,1,1,0,1
Sense Hotel Seminyak,4.1,718,Jl. Kayu Jati No.16,Badung Regency,,,https://www.google.com/maps/search/?api=1&query=Sense%20Hotel%20Seminyak&query_place_id=ChIJobfjMhBH0i0RGWPdqhYwC7I,Hotel,False,False,True,False,8,UDA DI CEK,9,Sedang,Sedang,0,0,3,4
Sense Seminyak Hotel,4.1,2448,Jl. Sunset Road No.88S,Badung Regency,https://www.sensesunsetseminyak.com/,62 361 739888,https://www.google.com/maps/search/?api=1&query=Sense%20Seminyak%20Hotel&query_place_id=ChIJcxac-CNH0i0R8OS_7xZfAcs,Hotel,True,True,True,False,10,UDA DI CEK,13,Tinggi,Sedang,1,1,0,1
Spazzio Bali Hotel,4.1,1194,Jl. Dewi Sri No.20,Badung Regency,http://www.spazziobali.com/,62 361 755780,https://www.google.com/maps/search/?api=1&query=Spazzio%20Bali%20Hotel&query_place_id=ChIJ40a3Ts9G0i0RNhRKPPcGAcw,Hotel,True,True,True,False,10,UDA DI CEK,13,Tinggi,Sedang,1,1,0,1
Sun Boutique Hotel,4.1,1603,Jl. Sunset Road No.23,Badung Regency,https://sunboutiquehotel.com-bali.com/id/,62 858-6064-2950,https://www.google.com/maps/search/?api=1&query=Sun%20Boutique%20Hotel&query_place_id=ChIJp4C5D8xG0i0RzNqu3FCvZWw,Hotel,True,False,True,False,9,UDA DI CEK,11,Sedang,Sedang,1,1,0,1
Sun Island Hotel & Spa Legian,4.1,980,Jln Legian No.123,Badung Regency,https://sunislandbali.com/hotel-spa-legian/accommodation-and-services/,62 361 8469888,https://www.google.com/maps/search/?api=1&query=Sun%20Island%20Hotel%20%26%20Spa%20Legian&query_place_id=ChIJRcb-fMdG0i0RHBjPib1fZtc,Hotel,True,True,True,False,11,UDA DI CEK,14,Tinggi,Sedang,1,1,0,1
Taman Sari Cottages II,4.1,171,Jl. Kartika Plaza Gg. Pudak Sari No.1,Badung Regency,http://www.tamansaricottages2.com/,62 361 766153,https://www.google.com/maps/search/?api=1&query=Taman%20Sari%20Cottages%20II&query_place_id=ChIJy4Yjm6BG0i0RnAZE3MYRqaA,Hotel,True,True,True,False,12,UDA DI CEK,15,Tinggi,Sedang,1,1,0,1
Tan's Astana Villa's by The Lavana,4.1,18,"857G+M5R, Jl. Dewi Saraswati III No.39",Badung Regency,https://www.reddoorz.com/id-id/hotel/indonesia/bali/seminyak/seminyak/tan-s-astana-villa-s-by-the-lavana?utm_campaign=webclick&utm_medium=mybusiness&utm_source=google,62 813-2227-795,https://www.google.com/maps/search/?api=1&query=Tan's%20Astana%20Villa's%20by%20The%20Lavana&query_place_id=ChIJjRD0ieBH0i0RrZEtArRaMms,Hotel,False,False,False,False,8,UDA DI CEK,8,Sedang,Sedang,1,1,0,1
Tekuni Dua,4.1,113,Jl. Pandawa 1 No.8,Badung Regency,http://www.weekloco.com/,,https://www.google.com/maps/search/?api=1&query=Tekuni%20Dua&query_place_id=ChIJM7DHn-FH0i0Rg9rU1GI35H4,Hotel,True,False,False,False,8,UDA DI CEK,9,Sedang,Sedang,1,0,2,2
The Celuk Home Stay Jimbaran,4.1,59,Jl. Mrajapati No.3,Badung Regency,,62 853-3824-4945,https://www.google.com/maps/search/?api=1&query=The%20Celuk%20Home%20Stay%20Jimbaran&query_place_id=ChIJ7XDe0mNE0i0RB3DwPNRXt-Y,Homestay,True,False,True,False,8,UDA DI CEK,10,Sedang,Sedang,0,1,1,3
THE JERO 18,4.1,93,Jl. Raya Kuta No.112,Badung Regency,,62 812-3846-1818,https://www.google.com/maps/search/?api=1&query=THE%20JERO%2018&query_place_id=ChIJ6TmZQWFH0i0RGyyyY_C6b2g,Guest house,True,False,True,False,12,UDA DI CEK,14,Tinggi,Sedang,0,1,1,3
The Studio seminyak,4.1,234,Jl. Kunti II No.11,Denpasar City,http://www.thestudiobali.com/#welcome,62 361 738099,https://www.google.com/maps/search/?api=1&query=The%20Studio%20seminyak&query_place_id=ChIJ6YD28SVH0i0RpwvrVAmwVaY,Hotel,True,False,True,False,8,UDA DI CEK,10,Sedang,Sedang,1,1,0,1
ZEN Rooms Kuta Square Mall,4.1,11,Jl. Tegal Wangi No.17,Badung Regency,https://zenrooms.com/hotel/9/zen-rooms-kuta-square-mall-bali-3932?utm_source=local&utm_medium=organic&utm_campaign=gmb,62 855-7467-1004,https://www.google.com/maps/search/?api=1&query=ZEN%20Rooms%20Kuta%20Square%20Mall&query_place_id=ChIJyeu7NrtG0i0RccSXD0z_LOI,Hotel,True,False,True,False,3,UDA DI CEK,5,Rendah,Rendah,1,1,0,1
Airy Kuta Kartika Plaza Gang Puspa Ayu 12 Bali,4.2,10,Jl. Kartika Plaza Gg. Puspa Ayu No.12,Badung Regency,,62 804 111 2479,https://www.google.com/maps/search/?api=1&query=Airy%20Kuta%20Kartika%20Plaza%20Gang%20Puspa%20Ayu%2012%20Bali&query_place_id=ChIJm8TwaqFG0i0RmAo25CgoFPM,Hotel,True,False,True,False,3,UDA DI CEK,5,Rendah,Rendah,0,1,1,3
Airy Legian Pandawa Satu 1 Kuta Bali,4.2,31,75XF+RCF,Badung Regency,,62 804 111 2479,https://www.google.com/maps/search/?api=1&query=Airy%20Legian%20Pandawa%20Satu%201%20Kuta%20Bali&query_place_id=ChIJU3eG9TlH0i0RdsBejKl2hQ0,Hotel,True,False,True,False,3,UDA DI CEK,5,Rendah,Rendah,0,1,1,3
Alron Hotel Kuta,4.2,1572,Jl. Blambangan No.10,Badung Regency,https://www.alronhotelkuta.com/,62 361 768051,https://www.google.com/maps/search/?api=1&query=Alron%20Hotel%20Kuta&query_place_id=ChIJNSoy6q9G0i0R3FFFjKoVV0Q,Hotel,True,True,True,False,6,UDA DI CEK,9,Sedang,Rendah,1,1,0,1
Amanlane Suite Seminyak,4.2,105,Jl. Amanlane,Badung Regency,https://amanlanesuiteseminyak.com/,62 821-4600-8787,https://www.google.com/maps/search/?api=1&query=Amanlane%20Suite%20Seminyak%20Managed%20by%20ARM%20Hospitality&query_place_id=ChIJ__8LOShH0i0RSyDoM6cpwzo,Hotel,True,True,True,False,2,UDA DI CEK,5,Rendah,Rendah,1,1,0,1
Bali Breezz Hotel,4.2,748,Jl. Pantai Sari No.23,Badung Regency,http://www.breezzhotel.com/,62 361 708524,https://www.google.com/maps/search/?api=1&query=Bali%20Breezz%20Hotel&query_place_id=ChIJTd5PpGZE0i0R51Ml_PXO47Q,Hotel,True,False,True,False,7,UDA DI CEK,9,Sedang,Sedang,1,1,0,1
Casa Bidadari,4.2,83,"Jalan Bidadari No.15, Kerobokan, Kuta Utara, Jl. Raya Kerobokan Jl. Bidadari No.15",Badung Regency,http://www.casabidadari.com/,62 361 731597,https://www.google.com/maps/search/?api=1&query=Casa%20Bidadari&query_place_id=ChIJm6BdxzxH0i0ReNRRpdkzbHk,Hotel,True,False,True,False,6,UDA DI CEK,8,Sedang,Rendah,1,1,0,1
Cove De Tinaya - Hotel Denpasar,4.2,68,Jl. Pd. Sungai Gangga Residence No.1,pemecutan,https://cove.id/properties/cove-de-tinaya?utm_source=gmb&utm_medium=website_button,,https://www.google.com/maps/search/?api=1&query=Cove%20De%20Tinaya%20-%20Hotel%20Denpasar&query_place_id=ChIJzVHN6PpH0i0RF8ElRiwoTUw,Hotel,True,True,True,False,11,UDA DI CEK,14,Tinggi,Sedang,1,0,2,2
Cross Vibe Paasha Atelier Bali Kuta,4.2,3044,Jl. Raya Kuta No.88,Badung Regency,https://www.crossvibepaashaatelierbalikuta.com/,62 361 2016880,https://www.google.com/maps/search/?api=1&query=Cross%20Vibe%20Paasha%20Atelier%20Bali%20Kuta&query_place_id=ChIJEU9qhXRH0i0RQ-Jv-ytlvAI,Hotel,True,True,True,False,11,UDA DI CEK,14,Tinggi,Sedang,1,1,0,1
Cyloam Residence,4.2,125,Jl. Merdeka Raya IX,Badung Regency,,,https://www.google.com/maps/search/?api=1&query=Cyloam%20Residence&query_place_id=ChIJDzV89rVG0i0RcgY54g7q1F0,Hotel,True,True,True,False,3,UDA DI CEK,6,Rendah,Rendah,0,0,3,4
Dewa Bharata Bungalows Legian,4.2,150,Jln Legian No.194,Badung Regency,https://www.dewabharatalegian.com/,62 361 751764,https://www.google.com/maps/search/?api=1&query=Dewa%20Bharata%20Bungalows%20Legian&query_place_id=ChIJZ0Aov8ZG0i0R3JzPFH7woac,Hotel,True,False,True,False,6,UDA DI CEK,8,Sedang,Rendah,1,1,0,1
Dewi Sri Hotel,4.2,787,"Jalan Legian Kelod, Gang Troppozone",Badung Regency,https://www.dewisrihotel.com/,62 361 752555,https://www.google.com/maps/search/?api=1&query=Dewi%20Sri%20Hotel&query_place_id=ChIJ52wov8ZG0i0RprTuv5Pvegg,Hotel,True,False,True,False,9,UDA DI CEK,11,Sedang,Sedang,1,1,0,1
Duo Legian Hotel Bali,4.2,922,Jl. Batu Pageh Gg. Melani,Badung Regency,https://www.duolegianhotelbali.com/,62 878-9090-9541,https://www.google.com/maps/search/?api=1&query=Duo%20Legian%20Hotel%20Bali&query_place_id=ChIJO0Rn51NH0i0R41Y6IGyqfsQ,Hotel,True,True,True,False,6,UDA DI CEK,9,Sedang,Rendah,1,1,0,1
Eden Hotel Kuta Bali,4.2,3899,Jl. Kartika Plaza No.42,Badung Regency,https://www.myedenhotels.com/,62 361 4726402,https://www.google.com/maps/search/?api=1&query=Eden%20Hotel%20Kuta%20Bali&query_place_id=ChIJ3TSZXaBG0i0RNckODKX7Z8A,Hotel,True,True,True,False,12,UDA DI CEK,15,Tinggi,Sedang,1,1,0,1
FAMILYTEL BALI,4.2,156,Jl. Bypass Ngurah Rai No.7,Badung Regency,https://www.facebook.com/Familytel-Bali-106894358008621,62 899-0319-365,https://www.google.com/maps/search/?api=1&query=FAMILYTEL%20BALI&query_place_id=ChIJBw7WndJF0i0RlIRVBWu30Gc,Hotel,False,False,True,False,8,UDA DI CEK,9,Sedang,Sedang,1,1,0,1
Fashion Hotel Legian,4.2,1938,Jln Legian No.121,Badung Regency,https://www.fashionbalilegian.com/,,https://www.google.com/maps/search/?api=1&query=Fashion%20Hotel%20Legian&query_place_id=ChIJB5TNesdG0i0RyChcWmpxzXI,Hotel,True,True,True,False,8,UDA DI CEK,11,Sedang,Sedang,1,0,2,2
Fat Yogi Cottages,4.2,84,Jl. Poppies I No.23,Badung Regency,http://www.fatyogicottages.com/,62 361 751665,https://www.google.com/maps/search/?api=1&query=Fat%20Yogi%20Cottages&query_place_id=ChIJpwH3prtG0i0R-0DzMfFB4xI,Hotel,True,False,True,False,8,UDA DI CEK,10,Sedang,Sedang,1,1,0,1
GM Bali Guest House,4.2,252,"75MP+HPR, Jl. LBC Sunset Road, Lingkungan Abianbase Kuta, Jl. LBC Sunset",Badung Regency,,62 812-3982-898,https://www.google.com/maps/search/?api=1&query=GM%20Bali%20Guest%20House&query_place_id=ChIJKzH15LRG0i0RP6mCIVd5d1s,Hotel,True,False,False,False,8,UDA DI CEK,9,Sedang,Sedang,0,1,1,3
Golden Tulip Jineng Resort,4.2,1652,Jl. Sunset Road No.98,Badung Regency,http://www.goldentulipjinengresortbali.com/,62 361 4727488,https://www.google.com/maps/search/?api=1&query=Golden%20Tulip%20Jineng%20Resort&query_place_id=ChIJcThU8bNG0i0RZ7lT2DFZLQU,Resort hotel,True,False,True,False,10,UDA DI CEK,12,Sedang,Sedang,1,1,0,1
Gora Beach Inn,4.2,244,"75MF+472, Jln Legian Jl. Poppies II",Badung Regency,http://gorabeachinn.zoombookdirect.com/,62 361 752578,https://www.google.com/maps/search/?api=1&query=Gora%20Beach%20Inn&query_place_id=ChIJPYb7ErlG0i0RsiHgLwCkxPk,Guest house,False,False,True,False,12,UDA DI CEK,13,Tinggi,Sedang,1,1,0,1
Grand Ixora Hotel,4.2,2642,Jl. Kartika Plaza No.92,Badung Regency,https://www.grandixora.com/,62 361 759099,https://www.google.com/maps/search/?api=1&query=Grand%20Ixora%20Hotel&query_place_id=ChIJh3s9Z6BG0i0RSqBaTpYHYcs,Hotel,True,False,True,False,8,UDA DI CEK,10,Sedang,Sedang,1,1,0,1
Hadi Poetra Hotel,4.2,976,Jl. Raya Kuta No.323-378,Badung Regency,https://hadipoetrahotel.com/,62 361 755879,https://www.google.com/maps/search/?api=1&query=Hadi%20Poetra%20Hotel&query_place_id=ChIJ80CgMbZG0i0RaKg8HcLkPYY,Hotel,True,False,True,False,9,UDA DI CEK,11,Sedang,Sedang,1,1,0,1
Hilton Garden Inn Bali Ngurah Rai Airport,4.2,4370,Jl. Airport Ngurah Rai No.7,Badung Regency,https://www.hilton.com/en/hotels/dpsjagi-hilton-garden-inn-bali-ngurah-rai-airport/?SEO_id=GMB-APAC-GI-DPSJAGI,62 361 8976100,https://www.google.com/maps/search/?api=1&query=Hilton%20Garden%20Inn%20Bali%20Ngurah%20Rai%20Airport&query_place_id=ChIJfSVOAhpE0i0RFI1AZ7FOUCw,Hotel,True,False,True,False,12,UDA DI CEK,14,Tinggi,Sedang,1,1,0,1
Horison Kuta Bali,4.2,281,Jl. Kartika Plaza No.108,Bali,http://myhorison.com/,62 822-5500-6634,https://www.google.com/maps/search/?api=1&query=Horison%20Kuta%20Bali&query_place_id=ChIJQ45tS_RF0i0Rb6juIGXkFhA,Hotel,True,False,True,False,11,UDA DI CEK,13,Tinggi,Sedang,1,1,0,1
Hotel Flamboyan,4.2,157,"Jl. Kartika Plaza, Gang Puspa Ayu No.12, Kuta",Badung Regency,https://flamboyanbali.com/,62 361 752610,https://www.google.com/maps/search/?api=1&query=Hotel%20Flamboyan&query_place_id=ChIJlUY-aqFG0i0RVfg36W_ONGw,Hotel,True,False,True,False,9,UDA DI CEK,11,Sedang,Sedang,1,1,0,1
JS Guest House,4.2,68,Jl. Sari Dewi No.3,Badung Regency,,62 831-1999-2388,https://www.google.com/maps/search/?api=1&query=JS%20Guest%20House&query_place_id=ChIJPeT99thH0i0RTeZrFokMp7w,Hotel,False,False,False,False,4,UDA DI CEK,4,Rendah,Rendah,0,1,1,3
Kuta Beach Hotel,4.2,2497,"Jalan Benesari Pantai, Jl. Benesari",Badung Regency,http://www.thekutabeachhotel.com/,62 361 754396,https://www.google.com/maps/search/?api=1&query=Kuta%20Beach%20Hotel&query_place_id=ChIJt8Vm6sBG0i0RV9OrVYRPsSQ,Hotel,True,True,True,True,11,UDA DI CEK,15,Tinggi,Sedang,1,1,0,1
Kuta Central Park Hotel Bali,4.2,4509,Jl. Patih Jelantik,Badung Regency,https://www.kutacentralparkhotel.com/,62 361 769222,https://www.google.com/maps/search/?api=1&query=Kuta%20Central%20Park%20Hotel%20Bali&query_place_id=ChIJre2KWMhG0i0RgTWOu-9SEiQ,Hotel,True,False,True,False,12,UDA DI CEK,14,Tinggi,Sedang,1,1,0,1
Kuta Majesty Boutique Hotel,4.2,1099,Jl. Raya Kuta No.78,Badung Regency,https://kutamajesty.com/,62 361 757812,https://www.google.com/maps/search/?api=1&query=Kuta%20Majesty%20Boutique%20Hotel&query_place_id=ChIJt1RuH7FG0i0RvZplGbVE5yg,Hotel,True,False,True,False,5,UDA DI CEK,7,Sedang,Rendah,1,1,0,1
Kuta One Party Hotel,4.2,209,Jl. Pantai Kuta Jl. Poppies Lane I,Badung Regency,http://www.kutaonepartyhotel.com/,62 821-4684-0310,https://www.google.com/maps/search/?api=1&query=Kuta%20One%20Party%20Hotel&query_place_id=ChIJjYxGPLVH0i0RYQUxsvwPBT4,Hotel,True,False,True,True,6,UDA DI CEK,9,Sedang,Rendah,1,1,0,1
Kuta Paradiso Hotel,4.2,3738,Jl. Kartika Plaza,Badung Regency,https://www.kutaparadisohotel.com/,62 361 761414,https://www.google.com/maps/search/?api=1&query=Kuta%20Paradiso%20Hotel&query_place_id=ChIJR8WoVxZE0i0RHkN8aJWGGBE,Hotel,True,False,True,False,14,UDA DI CEK,16,Tinggi,Tinggi,1,1,0,1
Kuta Town House,4.2,576,Bedugul Lane,Badung Regency,https://kutatownhouses.com/,62 361 758209,https://www.google.com/maps/search/?api=1&query=Kuta%20Town%20House&query_place_id=ChIJAz6JsrtG0i0Rlo1zvvPEiO4,Condominium complex,True,False,True,False,8,UDA DI CEK,10,Sedang,Sedang,1,1,0,1
Kutabex Beach Front Hotel,4.2,2841,"Jalan Pantai Kuta, Banjar Pande Mas, Jl. Pantai Kuta",Badung Regency,http://www.kutabexhotel.com/,62 361 3007077,https://www.google.com/maps/search/?api=1&query=Kutabex%20Beach%20Front%20Hotel&query_place_id=ChIJxexbPrxG0i0R00nCODb24_4,Hotel,True,False,True,False,9,UDA DI CEK,11,Sedang,Sedang,1,1,0,1
Lima Satu Cottages,4.2,44,Jl. Poppies Lane I No.1,Badung Regency,http://51cottages.tumblr.com/,62 361 754944,https://www.google.com/maps/search/?api=1&query=Lima%20Satu%20Cottages&query_place_id=ChIJvfdwfrxG0i0RHpvxKHT0zbs,Hotel,True,False,False,False,2,UDA DI CEK,3,Rendah,Rendah,1,1,0,1
Lokka Villa,4.2,5,"Agata Resort C9, Jl. Desa Sawangan Jl. Raya Nusa Dua Selatan",Badung Regency,,62 812-3655-4554,https://www.google.com/maps/search/?api=1&query=Lokka%20Villa&query_place_id=ChIJ5d9taVhd0i0R08kuqRpESGc,Villa,False,False,False,False,6,uda DI CEK,6,Rendah,Rendah,0,1,1,3
M Boutique Hostel Legian,4.2,251,Jln Legian No.8M,Badung Regency,,62 361 4752589,https://www.google.com/maps/search/?api=1&query=M%20Boutique%20Hostel%20Legian&query_place_id=ChIJaTte67pG0i0RBmnrumrR8MA,Hostel,False,False,True,False,6,uda DI CEK,7,Sedang,Rendah,0,1,1,3
Marinos Place,4.2,35,Jl. Batu Pageh No.3,Badung Regency,https://www.oyorooms.com/ID/hotels-in-Bali/?utm_source=GMB_ID_SO&utm_medium=Organic&utm_campaign=ID_BLI014&locale=id,62 21 29707600,https://www.google.com/maps/search/?api=1&query=Marinos%20Place&query_place_id=ChIJGTgAicZG0i0RAL0ZIULQG6k,Hotel,True,False,True,True,6,uda DI CEK,9,Sedang,Rendah,1,1,0,1
Nakula Stay Kuta,4.2,124,Jl. Nakula Jl. Marga Ayu No.88,Badung Regency,,,https://www.google.com/maps/search/?api=1&query=Nakula%20Stay%20Kuta&query_place_id=ChIJvZ7pDtFG0i0RYYFPEEqCFQ8,Hotel,True,True,True,False,9,Uda DI CEK,12,Sedang,Sedang,0,0,3,4
Panorama Cottages 2,4.2,97,"75RF+J9W, Jl. Sriwijaya, Legian Kelod",Badung Regency,,62 361 755723,https://www.google.com/maps/search/?api=1&query=Panorama%20Cottages%202&query_place_id=ChIJ7SSH3sVG0i0R-gFPRqOYh3M,Hotel,False,False,True,False,8,UDA DI CEK,9,Sedang,Sedang,0,1,1,3
Pondok Idas,4.2,133,"75VG+3H5, Jl. Sri Krisna",Badung Regency,,62 21 29706666,https://www.google.com/maps/search/?api=1&query=Pondok%20Idas&query_place_id=ChIJSdE98sVG0i0Reu41togLirE,Hotel,False,False,False,False,4,UDA DI CEK,4,Rendah,Rendah,0,1,1,3
Puri Dibia Hotel,4.2,485,Jl. Raya Kuta No.20x,Badung Regency,https://www.puridibiahotelkuta.com/,62 813-3947-7038,https://www.google.com/maps/search/?api=1&query=Puri%20Dibia%20Hotel&query_place_id=ChIJveA9gaVG0i0RHCXB9zZ5Sl0,Hotel,True,True,True,False,9,UDA DI CEK,12,Sedang,Sedang,1,1,0,1
Puri Mimi Hotel,4.2,240,"Jalan Dewi Sri No. 88, Kuta",Badung Regency,http://www.hotelmimi.com/,62 813-5913-622,https://www.google.com/maps/search/?api=1&query=Puri%20Mimi%20Hotel&query_place_id=ChIJAV0fis9G0i0R3rRBFc_Mqow,Hotel,False,False,True,False,9,UDA DI CEK,10,Sedang,Sedang,1,1,0,1
Ramada by Wyndham Bali Sunset Road Kuta,4.2,3737,Jl. Sunset Road No.9,Badung Regency,https://www.wyndhamhotels.com/ramada/kuta-indonesia/ramada-bali-sunset-road-kuta/overview?CID=LC:wmcic5n98gs1g0r:50061&iata=00093796,62 361 8468500,https://www.google.com/maps/search/?api=1&query=Ramada%20by%20Wyndham%20Bali%20Sunset%20Road%20Kuta&query_place_id=ChIJ95nqas5G0i0RuZ0O3NyQTv0,Hotel,True,True,True,False,12,UDA DI CEK,15,Tinggi,Sedang,1,1,0,1
Rantun's Place,4.2,223,"56F8+QCV, Jl. Raya Nusa Dua Selatan Jl. Nusa Dua",Badung Regency,https://rantunsplace.asia/,,https://www.google.com/maps/search/?api=1&query=Rantun's%20Place&query_place_id=ChIJX6oa5MZc0i0RdlU7NT-FCww,Hotel,True,False,True,False,13,UDA DI CEK,15,Tinggi,Tinggi,1,0,2,2
RedDoorz @ Kedonganan Jimbaran,4.2,10,Jl. Batas Kangin No.6,Badung Regency,https://www.reddoorz.com/id-id/hotel/indonesia/bali/kedonganan/kuta-selatan/reddoorz-kedonganan-jimbaran?utm_campaign=webclick&utm_medium=mybusiness&utm_source=google,62 21 80629666,https://www.google.com/maps/search/?api=1&query=RedDoorz%20%40%20Kedonganan%20Jimbaran&query_place_id=ChIJ-95n7GRE0i0RNu_aeqNFRpE,Hotel,True,True,True,True,6,UDA DI CEK,10,Sedang,Rendah,1,1,0,1
RedDoorz Plus Near Kuta Square,4.2,5,"Jalan Bakung Sari, Kuta, Kuta Kuta Kuta Kuta Kuta, Kuta",Badung Regency,,,https://www.google.com/maps/search/?api=1&query=RedDoorz%20Plus%20Near%20Kuta%20Square&query_place_id=ChIJd17Q6qRG0i0RegWsOlieZ8s,Hotel,True,True,True,True,6,UDA DI CEK,10,Sedang,Rendah,0,0,3,4
Royal Regantris Kuta,4.2,2127,Jl. Bakung Sari No.110,Badung Regency,https://royalregantrishotels.com/,62 361 763318,https://www.google.com/maps/search/?api=1&query=Royal%20Regantris%20Kuta&query_place_id=ChIJl5do5EE_0i0R_BPr7Vlbvx4,Hotel,True,True,True,False,16,UDA DI CEK,19,Sangat tinggi,Tinggi,1,1,0,1
Seminyak Lagoon All Suites,4.2,520,Jl. Dewi Saraswati III No.4,Badung Regency,https://www.seminyaklagoonbali.com//,62 851-0072-5200,https://www.google.com/maps/search/?api=1&query=Seminyak%20Lagoon%20All%20Suites&query_place_id=ChIJN9FplSRH0i0RThE8hJ2BcmY,Hotel,True,True,True,False,9,UDA DI CEK,12,Sedang,Sedang,1,1,0,1
Sunday Hotel Arshika Sunset Road,4.2,2552,"Arshika Sunset Hotel, Jalan raya Kuta Kav 1&3 Pemecutan Kelod, Denpasar Barat, Denpasar, Badung Bali, Nusa Tenggara",Bali,https://www.oyorooms.com/ID/277442/,62 21 29707601,https://www.google.com/maps/search/?api=1&query=Sunday%20Hotel%20Arshika%20Sunset%20Road&query_place_id=ChIJA3S0fIZH0i0RT-JJdM6ADeU,Hotel,True,False,True,False,10,UDA DI CEK,12,Sedang,Sedang,1,1,0,1
Sunset Residence Condotel,4.2,248,Jl. Dewi Sri No.11,Badung Regency,http://www.sunsetresidencebali.com/,62 361 758574,https://www.google.com/maps/search/?api=1&query=Sunset%20Residence%20Condotel&query_place_id=ChIJpfvYy8hG0i0RiwdAMLWi5Hs,Hotel,True,False,True,False,11,UDA DI CEK,13,Tinggi,Sedang,1,1,0,1
The Bali Dream Suite Villa Seminyak,4.2,288,Jl. Dewi Saraswati III,Badung Regency,https://www.thebalidreamsuitevilla.com/,62 361 737788,https://www.google.com/maps/search/?api=1&query=The%20Bali%20Dream%20Suite%20Villa%20Seminyak&query_place_id=ChIJTa6NTyRH0i0RndX_4NJV9w0,Villa,True,True,True,True,14,UDA DI CEK,18,Tinggi,Tinggi,1,1,0,1
The Bali Dream Villa Seminyak,4.2,523,Jl. Bidadari No.108X,Badung Regency,http://www.thebalidreamvilla.com/,62 361 737788,https://www.google.com/maps/search/?api=1&query=The%20Bali%20Dream%20Villa%20Seminyak&query_place_id=ChIJKxEUpjxH0i0Rfsxhl00d0Xw,Villa,True,True,True,True,15,UDA DI CEK,19,Sangat tinggi,Tinggi,1,1,0,1
The Maja Kuta Bali Hotel,4.2,204,Jl. Majapahit No.18,Badung Regency,https://instagram.com/themajakutabali?igshid=1l0gxbfx7quiq,62 361 762818,https://www.google.com/maps/search/?api=1&query=The%20Maja%20Kuta%20Bali%20Hotel&query_place_id=ChIJiepVB9ZH0i0RbJxic-YbAyg,Holiday apartment rental,True,True,True,False,8,UDA DI CEK,11,Sedang,Sedang,1,1,0,1
The Niche Bali,4.2,257,Jln Legian No.190,Badung Regency,http://www.thenichebali.com/,62 361 751789,https://www.google.com/maps/search/?api=1&query=The%20Niche%20Bali&query_place_id=ChIJmeKgqLlG0i0RzvaN22pKRIs,Hotel,True,False,True,False,12,UDA DI CEK,14,Tinggi,Sedang,1,1,0,1
The Pavilion Hotel Kuta,4.2,598,Jl. Kuta Theater No.8,Badung Regency,https://instagram.com/pavilionhotelkuta?igshid=YmMyMTA2M2Y=,62 821-4603-9400,https://www.google.com/maps/search/?api=1&query=The%20Pavilion%20Hotel%20Kuta&query_place_id=ChIJaxpSB7BG0i0RfOIa-v1BufE,Hotel,True,False,False,False,11,UDA DI CEK,12,Sedang,Sedang,1,1,0,1
The Rani Hotel & Spa Kuta Bali,4.2,873,Jl. Kartika Plaza,Badung Regency,https://theranihotel.com/,62 361 752732,https://www.google.com/maps/search/?api=1&query=The%20Rani%20Hotel%20%26%20Spa%20Kuta%20Bali&query_place_id=ChIJDe4AZqBG0i0RnSLq7uUXTwY,Hotel,True,False,True,False,9,UDA DI CEK,11,Sedang,Sedang,1,1,0,1
Tijili Hotel Benoa,4.2,2756,Jl. Pratama No.62,Badung Regency,https://tijilihotels.com/benoa/,62 361 4728900,https://www.google.com/maps/search/?api=1&query=Tijili%20Hotel%20Benoa&query_place_id=ChIJN1BdZQ9D0i0RUv7AsKhQJzI,Resort hotel,True,True,True,True,12,UDA DI CEK,16,Tinggi,Sedang,1,1,0,1
Villa JaM,4.2,18,Gg. Lumut,Badung Regency,http://www.balihomesvilla.com/,62 812-3613-7001,https://www.google.com/maps/search/?api=1&query=Villa%20JaM&query_place_id=ChIJ-_9v2xlH0i0RyZ150sTFgpM,Hotel,False,False,False,False,1,UDA DI CEK,1,Rendah,Rendah,1,1,0,1
Villa Kalis,4.2,22,Gg. Kahyangan,Badung Regency,http://villakalis-official.com/,62 878-6545-5475,https://www.google.com/maps/search/?api=1&query=Villa%20Kalis&query_place_id=ChIJ9RQGpxlH0i0RfHEJTZ-Z7tU,Villa,True,False,True,False,5,UDA DI CEK,7,Sedang,Rendah,1,1,0,1
voco Bali Seminyak by IHG,4.2,160,Jl. Raya Kerobokan No.128 C,Badung Regency,https://www.ihg.com/voco/hotels/us/en/bali/dpssy/hoteldetail?cm_mmc=GoogleMaps-_-VX-_-ID-_-DPSSY,62 822-3463-3885,https://www.google.com/maps/search/?api=1&query=voco%20Bali%20Seminyak%20by%20IHG&query_place_id=ChIJrU7PyhdH0i0R0tkMZbD-Iao,Hotel,True,False,True,False,11,UDA DI CEK,13,Tinggi,Sedang,1,1,0,1
7 Bidadari Boutique Hotel,4.3,488,Jl. Bidadari No.4 no 7,Badung Regency,http://www.7bidadarihotel.com/,62 361 8499657,https://www.google.com/maps/search/?api=1&query=7%20Bidadari%20Boutique%20Hotel&query_place_id=ChIJIfBhv9tG0i0R1Gmx2UUaVZM,Hotel,True,False,True,False,4,UDA DI CEK,6,Rendah,Rendah,1,1,0,1
Airy Legian Sunset Road Nakula 9 Kuta Bali,4.3,25,Jl. Nakula No.9,Badung Regency,,62 804 111 2479,https://www.google.com/maps/search/?api=1&query=Airy%20Legian%20Sunset%20Road%20Nakula%209%20Kuta%20Bali&query_place_id=ChIJ6yhmv6b1aS4Re89A5i7xuCw,Hotel,True,False,True,False,3,UDA DI CEK,5,Rendah,Rendah,0,1,1,3
Aldeoz Grand Kancana Resort Villas,4.3,939,"Gunung Jayawijaya.494, Jl. Gn. Tangkuban Perahu No.77A",Badung Regency,https://aldeozgrandkancana.com/,62 878-5034-2347,https://www.google.com/maps/search/?api=1&query=Aldeoz%20Grand%20Kancana%20Resort%20Villas&query_place_id=ChIJndtpPTlH0i0R9CmQqsCZI_g,Country house,True,False,True,False,8,UDA DI CEK,10,Sedang,Sedang,1,1,0,1
Anema Villa Seminyak,4.3,469,"Kresna, Jl. Sri Rama",Badung Regency,http://anemavillaseminyak.co.id/,62 361 755548,https://www.google.com/maps/search/?api=1&query=Anema%20Villa%20Seminyak&query_place_id=ChIJ3f1BjcVG0i0RyE5DbbATCA0,Hotel,True,True,True,False,5,UDA DI CEK,8,Sedang,Rendah,1,1,0,1
Asa Bali Luxury Villas & Spa,4.3,366,Jl. Yudistira No.10,Badung Regency,http://www.asabaliluxuryvillas.com/,62 361 739224,https://www.google.com/maps/search/?api=1&query=Asa%20Bali%20Luxury%20Villas%20%26%20Spa&query_place_id=ChIJG6zzTCZH0i0RfZ1j5u7zn8I,Inn,True,True,False,False,10,UDA DI CEK,12,Sedang,Sedang,1,1,0,1
Bali Paragon Resort Hotel,4.3,3204,Jl. Raya Kampus Unud,Badung Regency,http://www.baliparagon.com/,62 361 4725288,https://www.google.com/maps/search/?api=1&query=Bali%20Paragon%20Resort%20Hotel&query_place_id=ChIJt5cfsppE0i0Rk_VFR4RplQI,Hotel,True,True,True,False,12,UDA DI CEK,15,Tinggi,Sedang,1,1,0,1
Bali Rani Hotel,4.3,1564,Jl. Kartika Plaza,Badung Regency,https://www.baliranihotel.com/,62 361 751369,https://www.google.com/maps/search/?api=1&query=Bali%20Rani%20Hotel&query_place_id=ChIJzYrz32E_0i0Rj6oCIRVQOPc,Hotel,True,True,True,True,11,UDA DI CEK,15,Tinggi,Sedang,1,1,0,1
Bayt Kaboki Hotel,4.3,531,Jl. Griya Anyar No.27,Badung Regency,,62 361 764260,https://www.google.com/maps/search/?api=1&query=Bayt%20Kaboki%20Hotel&query_place_id=ChIJtZZQTLJG0i0RqUdf-hOzUOE,Hotel,True,False,True,False,2,UDA DI CEK,4,Rendah,Rendah,0,1,1,3
Belvilla Serene Haven Nusa Dua Beach,4.3,8,"Jalan Sawangan Residence No.80361 Benoa Hotel near Transmisi Inewstv Bali 1,9 km",Badung Regency,https://www.oyorooms.com/h/232547?utm_source=Google_gmb_ID&utm_medium=Organic&utm_campaign=ID_BLI489&latitude=-8.81808&longitude=115.2073&locale=id,62 21 29707601,https://www.google.com/maps/search/?api=1&query=Belvilla%20Serene%20Haven%20Nusa%20Dua%20Beach&query_place_id=ChIJweCzl_Fd0i0RQUqGaA2B3uA,Hotel,False,False,False,False,9,UDA DI CEK,9,Sedang,Sedang,1,1,0,1
Best Western Kuta Villa,4.3,2515,Jl. Nyangnyang Sari,Badung Regency,https://www.bestwestern.com/en_US/book/hotels-in-bali/best-western-kuta-villa/propertyCode.99036.html,62 361 756565,https://www.google.com/maps/search/?api=1&query=Best%20Western%20Kuta%20Villa&query_place_id=ChIJibGx-6dG0i0Rvr1FMfTmxWY,Hotel,True,True,True,False,10,UDA DI CEK,13,Tinggi,Sedang,1,1,0,1
Bhavana Private Villas,4.3,12,Jl. Raya Kuta No.29,Badung Regency,https://www.hotelsinseminyak.com/bhavana-private-villas/,,https://www.google.com/maps/search/?api=1&query=Bhavana%20Private%20Villas&query_place_id=ChIJMeNEt85G0i0Rhm9rouj50dk,Indoor lodging,False,True,False,False,8,UDA DI CEK,9,Sedang,Sedang,1,0,2,2
Casa Sanya's Guest House,4.3,29,Jl. Nakula No.35,Badung Regency,,62 813-3805-4154,https://www.google.com/maps/search/?api=1&query=Casa%20Sanya's%20Guest%20House&query_place_id=ChIJofIkDtpG0i0RUIxANya3nFY,Hotel,False,False,False,False,2,UDA DI CEK,2,Rendah,Rendah,0,1,1,3
Collection O at Jalan Padma near Legian Beach,4.3,38,Jl. Padma,Denpasar,https://www.oyorooms.com/ID/288517/,62 21 29707601,https://www.google.com/maps/search/?api=1&query=Collection%20O%20at%20Jalan%20Padma%20near%20Legian%20Beach&query_place_id=ChIJwf6GQydH0i0R24RP5_24Zf8,Hotel,True,False,True,True,9,UDA DI CEK,12,Sedang,Sedang,1,1,0,1
Conjioo Hotel Kuta,4.3,1030,Jl. Dewi Sri I No.16,Badung Regency,http://www.conjioohotels.com/,62 361 8947094,https://www.google.com/maps/search/?api=1&query=Conjioo%20Hotel%20Kuta&query_place_id=ChIJoW0jiM9G0i0RH8CZ51laxpU,Hotel,True,True,True,True,8,UDA DI CEK,12,Sedang,Sedang,1,1,0,1
Cove Renata - Coliving Seminyak,4.3,129,Jl. Kunti I No.9,Badung Regency,https://cove.id/buildings/cove-renata?utm_source=gmb&utm_medium=website_button,,https://www.google.com/maps/search/?api=1&query=Cove%20Renata%20-%20Coliving%20Seminyak&query_place_id=ChIJH9zphRJH0i0RbgXOYYgnLNo,Serviced accommodation,True,True,True,False,11,UDA DI CEK,14,Tinggi,Sedang,1,0,2,2
CRYSTALKUTA Hotel - Bali,4.3,2670,Jl. Bypass Ngurah Rai No.999,Badung Regency,http://www.crystalkuta.com/,62 361 8464618,https://www.google.com/maps/search/?api=1&query=CRYSTALKUTA%20Hotel%20-%20Bali&query_place_id=ChIJN3Yz3GJD0i0RA5CrnBFExQE,Hotel,True,True,True,True,11,UDA DI CEK,15,Tinggi,Sedang,1,1,0,1
D' Lima Hotel & Villas,4.3,157,"Behind Sushi Kyuden restaurant, Jl. Pura Mertasari Jl. Sunset Road No.2 no 9",Badung Regency,,62 878-7711-5200,https://www.google.com/maps/search/?api=1&query=D'%20Lima%20Hotel%20%26%20Villas&query_place_id=ChIJW1iJDsxG0i0RgvL08kgQMxY,Hotel,True,True,False,True,6,UDA DI CEK,9,Sedang,Rendah,0,1,1,3
d'primahotel Seminyak,4.3,630,Jl. Kayu Jati No.16,Badung Regency,https://www.dprimahotel.com/,62 361 738383,https://www.google.com/maps/search/?api=1&query=d'primahotel%20Seminyak&query_place_id=ChIJVVUUMhBH0i0RnsFTwA3-K88,Hotel,True,True,True,False,9,UDA DI CEK,12,Sedang,Sedang,1,1,0,1
Dekuta Hotel,4.3,785,Jl. Poppies Lane II No.8,Denpasar,http://www.dekutabali.com/,62 361 753880,https://www.google.com/maps/search/?api=1&query=Dekuta%20Hotel&query_place_id=ChIJlXrcur5G0i0Ri7AECxspaOc,Hotel,True,True,True,False,9,uda di cek,12,Sedang,Sedang,1,1,0,1
Dream of Aventus Hotel Kuta,4.3,588,Jl. Raya Kuta No.139 1st Floor,Badung Regency,https://dreamofaventusbali.com/,62 361 4758899,https://www.google.com/maps/search/?api=1&query=Dream%20of%20Aventus%20Hotel%20Kuta&query_place_id=ChIJAQDAjLZG0i0RYtUgUIVR6JY,Hotel,True,True,True,False,10,uda di cek,13,Tinggi,Sedang,1,1,0,1
Eazy Suite Hotel,4.3,179,Jl. Dewi Sri I,Badung Regency,https://eazysuites.com/,62 361 8947383,https://www.google.com/maps/search/?api=1&query=Eazy%20Suite%20Hotel&query_place_id=ChIJC1MOfsVG0i0RLGrkxECWLeA,Hotel,True,False,False,False,6,uda di cek,7,Sedang,Rendah,1,1,0,1
Famous Hotel Kuta,4.3,699,Jl. Kediri No.5,Denpasar,https://www.famoushotelkuta.com/,62 821-1415-2828,https://www.google.com/maps/search/?api=1&query=Famous%20Hotel%20Kuta&query_place_id=ChIJlbPu_yFF0i0RL-K9xK-k6Qc,Hotel,True,True,False,False,19,UDA DI CEK,21,Sangat tinggi,Sangat tinggi,1,1,0,1
FOX Hotel Jimbaran Beach,4.3,1580,Jl. Yoga Perkanthi No.3,Badung Regency,https://www.discoverasr.com/en/fox-hotels/indonesia/fox-hotel-jimbaran-beach-bali?utm_source=google&utm_medium=gmb&utm_campaign=-google-gmb-alwayson-20220101-all-en-id-id-FJBB--&utm_content=--,62 361 4725688,https://www.google.com/maps/search/?api=1&query=FOX%20Hotel%20Jimbaran%20Beach&query_place_id=ChIJJ12Jg2FE0i0RSfi2OuDEMTM,Hotel,True,True,True,True,20,UDA DI CEK,24,Sangat tinggi,Sangat tinggi,1,1,0,1
Grand Kuta Hotel & Residence,4.3,1015,Jl. Dewi Sri No.8,Badung Regency,https://www.grandkuta.com/,62 361 3000888,https://www.google.com/maps/search/?api=1&query=Grand%20Kuta%20Hotel%20%26%20Residence&query_place_id=ChIJuQM5gc9G0i0Ro_JysfddazY,Hotel,True,True,True,False,10,UDA DI CEK,13,Tinggi,Sedang,1,1,0,1
HARRIS Hotel Seminyak,4.3,3235,Jl. Drupadi No.99,Badung Regency,https://www.discoverasr.com/en/harris/indonesia/harris-hotel-seminyak-bali?utm_source=google&utm_medium=gmb&utm_campaign=-google-gmb-alwayson-20260310-all-en-id-id-HSMY--Reguler&utm_content=txt--,62 361 8499288,https://www.google.com/maps/search/?api=1&query=HARRIS%20Hotel%20Seminyak&query_place_id=ChIJyTrSSB9H0i0Re-GVZuGLmjA,Hotel,True,False,True,False,18,UDA DI CEK,20,Sangat tinggi,Tinggi,1,1,0,1
Hedonia Villas,4.3,175,Jl. Lb. Sari Gg. Drupadi II,Badung Regency,https://hedoniavillas.top/,62 812-1562-5875,https://www.google.com/maps/search/?api=1&query=Hedonia%20Villas&query_place_id=ChIJr1sCha5H0i0ReusZzTo5c0g,Hotel,True,False,True,False,7,UDA DI CEK,9,Sedang,Sedang,1,1,0,1
Holiday Villa Kuta,4.3,1477,Jl. Pantai Kuta,Badung Regency,https://www.holidayvillahotels.com/wina-holiday-villa-kuta-bali/,62 815-5861-5555,https://www.google.com/maps/search/?api=1&query=Holiday%20Villa%20Kuta&query_place_id=ChIJ08hfSb9G0i0RvdEoDrqTp1E,Hotel,True,False,True,False,10,UDA DI CEK,12,Sedang,Sedang,1,1,0,1
Hotel Neo Kuta Jelantik,4.3,1813,Jl. Patih Jelantik No.188,Badung Regency,https://www.neohotels.com/en/hotel/view/1/hotel-neo---kuta--jelantik,62 811-3920-288,https://www.google.com/maps/search/?api=1&query=Hotel%20Neo%20Kuta%20Jelantik&query_place_id=ChIJnWoCYMZG0i0RCVGea8zlt9w,Hotel,True,True,True,False,8,uda DI CEK,11,Sedang,Sedang,1,1,0,1
HOTEL RESPATI,4.3,537,Jl. Danau Tamblingan No.33,Denpasar City,http://www.respatibeachhotel.com/,62 361 288427,https://www.google.com/maps/search/?api=1&query=HOTEL%20RESPATI&query_place_id=ChIJVzoXJMtB0i0Rt6q94s0JqXE,Hotel,True,False,True,False,11,UDA DI CEK,13,Tinggi,Sedang,1,1,0,1
ibis Bali Kuta,4.3,2206,Jl. Raya Kuta No.77,Badung Regency,https://all.accor.com/lien_externe.svlt?goto=fiche_hotel&code_hotel=7537&merchantid=seo-maps-ID-7537&sourceid=aw-cen&utm_medium=seo%20maps&utm_source=google%20Maps&utm_campaign=seo%20maps,62 361 756500,https://www.google.com/maps/search/?api=1&query=ibis%20Bali%20Kuta&query_place_id=ChIJJa214QRE0i0RALxG-5JEdXk,Hotel,True,False,True,False,10,UDA DI CEK,12,Sedang,Sedang,1,1,0,1
INFINITY8 BALI,4.3,2657,Jl. Bypass Ngurah Rai No.88A,Badung Regency,https://infinity8bali.com/,62 361 3015888,https://www.google.com/maps/search/?api=1&query=INFINITY8%20BALI&query_place_id=ChIJdx5uQ4NE0i0RxAGZcE6Wyrg,Hotel,True,True,True,True,11,UDA DI CEK,15,Tinggi,Sedang,1,1,0,1
Inna Sindhu Beach Hotel & Resort,4.3,1521,Jl. Pantai Sindhu No.14,Denpasar City,https://hig.id/hotels/inna-sindhu-beach,62 361 288351,https://www.google.com/maps/search/?api=1&query=Inna%20Sindhu%20Beach%20Hotel%20%26%20Resort&query_place_id=ChIJQeUurzVA0i0RUZ3pEfYz6iY,Hotel,True,True,True,False,11,UDA DI CEK,14,Tinggi,Sedang,1,1,0,1
J Hotel Kuta by Jayakarta,4.3,1509,Jl. Raya Kuta No.88 D,Badung Regency,https://booking.jayakartahotelsresorts.com/en/offers?hotel=JHKB&utm_source=GBPJHotel,62 361 753131,https://www.google.com/maps/search/?api=1&query=J%20Hotel%20Kuta%20by%20Jayakarta&query_place_id=ChIJc3rJyQJE0i0R1katY3dgWgg,Hotel,True,True,True,False,14,UDA DI CEK,17,Tinggi,Tinggi,1,1,0,1
Jukung Villas Kuta,4.3,28,Jl. Poppies Lane I Gg. Sorga,Badung Regency,https://sites.google.com/zoombookdirect.com/jukungvillaskuta,62 819-3609-3352,https://www.google.com/maps/search/?api=1&query=Jukung%20Villas%20Kuta&query_place_id=ChIJh4rCo79H0i0R2cfZplS3Fes,Villa,False,False,True,False,7,UDA DI CEK,8,Sedang,Sedang,1,1,0,1
Keraton Jimbaran Resort,4.3,943,Jl. Mrajapati,Badung Regency,https://keratonjimbaranresort.com/,62 361 701961,https://www.google.com/maps/search/?api=1&query=Keraton%20Jimbaran%20Resort&query_place_id=ChIJ______8j0i0RcidkJGM1Bes,Hotel,True,False,True,False,15,UDA DI CEK,17,Tinggi,Tinggi,1,1,0,1
Kubu Carik Hotel,4.3,138,Jl. Mertanadi I Jl. Raya Abian Base No.18,Badung Regency,,62 361 4727531,https://www.google.com/maps/search/?api=1&query=Kubu%20Carik%20Hotel&query_place_id=ChIJqUr-rc5G0i0RCm5jCyGNeAI,Hostel,False,False,True,False,9,UDA DI CEK,10,Sedang,Sedang,0,1,1,3
Kunti Villas,4.3,107,Jl. Kunti II,Badung Regency,,62 361 737158,https://www.google.com/maps/search/?api=1&query=Kunti%20Villas&query_place_id=ChIJiVk09iVH0i0RKIxdr1PWkG0,Villa,True,False,True,False,7,UDA DI CEK,9,Sedang,Sedang,0,1,1,3
Kuta Beach Villas,4.3,30,Jl. Benesari Gang Komala Indah 2,Badung Regency,https://www.instagram.com/kutabeachvillasbali?igsh=MWNqdmU0eDN3NjBrcg==,62 821-2297-3363,https://www.google.com/maps/search/?api=1&query=Kuta%20Beach%20Villas&query_place_id=ChIJ7aU9ieFH0i0RqeD8uC6__TA,Villa,True,False,False,False,6,UDA DI CEK,7,Sedang,Rendah,1,1,0,1
Kuta Galleria Hotel,4.3,2125,Jl. Bypass Ngurah Rai No.1,Badung Regency,https://kutagalleria.com/,62 361 9386060,https://www.google.com/maps/search/?api=1&query=Kuta%20Galleria%20Hotel&query_place_id=ChIJLVt6f0FB0i0Rp_5Oey50FTs,Hotel,True,False,True,False,9,UDA DI CEK,11,Sedang,Sedang,1,1,0,1
Matahari Bungalow,4.3,708,Jln Legian No.210,Badung Regency,https://mataharibungalows.com/,62 361 751616,https://www.google.com/maps/search/?api=1&query=Matahari%20Bungalow&query_place_id=ChIJlTayucZG0i0ROlWsPu5R5tQ,Indoor lodging,True,False,True,False,12,UDA DI CEK,14,Tinggi,Sedang,1,1,0,1
Nadi Hotel Legian,4.3,148,Jl. Lb. Bene No.168,Badung Regency,https://nadihotel.com/,62 361 4727168,https://www.google.com/maps/search/?api=1&query=Nadi%20Hotel%20Legian&query_place_id=ChIJgetAQ8FG0i0Ru2Jx8Zg-aTQ,Hotel,True,True,True,False,14,UDA DI CEK,17,Tinggi,Tinggi,1,1,0,1
Natya Hotel,4.3,1851,Jl. Bypass Ngurah Rai No.#9,Badung Regency,https://www.natyahotelkuta.com/,62 361 3007799,https://www.google.com/maps/search/?api=1&query=Natya%20Hotel&query_place_id=ChIJnXrb37FG0i0R8-amQLQNLTo,Hotel,True,True,True,True,12,UDA DI CEK,16,Tinggi,Sedang,1,1,0,1
Nikaya Villa,4.3,23,Jl. Dewi Sri IV No.9,Badung Regency,http://www.nikayavilla.com/,62 819-9966-3020,https://www.google.com/maps/search/?api=1&query=Nikaya%20Villa&query_place_id=ChIJzZ7QY9pG0i0R3wqV6B2AriM,Villa,True,False,False,False,6,UDA DI CEK,7,Sedang,Rendah,1,1,0,1
Nyima Village Inn,4.3,139,Jl. Bidadari II No.1 B,Badung Regency,,62 361 738739,https://www.google.com/maps/search/?api=1&query=Nyima%20Village%20Inn&query_place_id=ChIJC84KJD1H0i0R2IUG2GDt1TY,Indoor lodging,False,False,False,False,3,UDA DI CEK,3,Rendah,Rendah,0,1,1,3
PALM GARDEN HOTEL,4.3,179,Jl. Kusuma Sari No.3,Denpasar City,https://palmgardenhotel.top/,62 361 287041,https://www.google.com/maps/search/?api=1&query=PALM%20GARDEN%20HOTEL&query_place_id=ChIJuZYfR8BB0i0R6rhD80GwxVw,Hotel,True,True,False,False,9,UDA DI CEK,11,Sedang,Sedang,1,1,0,1
Parigata Resort & Spa,4.3,611,Jl. Danau Tamblingan No.87,Denpasar City,http://www.parigatahotelsbali.com/,62 361 286286,https://www.google.com/maps/search/?api=1&query=Parigata%20Resort%20%26%20Spa&query_place_id=ChIJmzm6KBhE0i0RF8Ew2hYwXYg,Hotel,True,False,True,False,11,UDA DI CEK,13,Tinggi,Sedang,1,1,0,1
Peneeda View beach hotel,4.3,359,Jl. Danau Tamblingan No.89,Denpasar City,https://peneedaviewhotel.com/,62 361 288425,https://www.google.com/maps/search/?api=1&query=Peneeda%20View%20beach%20hotel&query_place_id=ChIJT7b-FsZB0i0R3UqKwXKxQew,Hotel,True,False,True,True,6,UDA DI CEK,9,Sedang,Rendah,1,1,0,1
Peninsula Beach Resort,4.3,745,"Jalan Pratama Gg. Bisma No.72, Kuta Selatan",Badung Regency,http://www.peninsulabeachresortbali.com/,62 361 777808,https://www.google.com/maps/search/?api=1&query=Peninsula%20Beach%20Resort&query_place_id=ChIJXZdtpx9E0i0RyKCxmfeJtjg,Hotel,True,False,True,True,6,UDA DI CEK,9,Sedang,Rendah,1,1,0,1
Pondok 3 Mertha,4.3,173,Jl. Mataram No.69,Badung Regency,http://pondok3mertha.zoombookdirect.com/,62 857-9289-0020,https://www.google.com/maps/search/?api=1&query=Pondok%203%20Mertha&query_place_id=ChIJHe76-blG0i0RwSaYYvq4x1o,Hotel,False,False,False,False,7,UDA DI CEK,7,Sedang,Sedang,1,1,0,1
Puspa Graha Villatel,4.3,68,Jalan Telaga Ayu III No. 5,Badung Regency,,62 813-3757-3666,https://www.google.com/maps/search/?api=1&query=Puspa%20Graha%20Villatel&query_place_id=ChIJ9RI2bHBE0i0RTXzzOcq7YAE,Hotel,False,False,True,True,7,UDA DI CEK,9,Sedang,Sedang,0,1,1,3
Radha Bali Hotel,4.3,220,Jl. Kartika Plaza Gg. Puspa Ayu No.2,Badung Regency,,62 361 761365,https://www.google.com/maps/search/?api=1&query=Radha%20Bali%20Hotel&query_place_id=ChIJOSfLcKFG0i0RaSfntS7muI8,Hotel,False,False,False,False,8,UDA DI CEK,8,Sedang,Sedang,0,1,1,3
Raja Gardens Hotel,4.3,46,"8546+JP9, Jl. Camplung Tanduk",Badung Regency,http://jdw757.wix.com/rajagardens,62 361 9348957,https://www.google.com/maps/search/?api=1&query=Raja%20Gardens%20Hotel&query_place_id=ChIJZS9w4N9G0i0Rz_-DLVA0_kg,Hotel,True,False,True,False,8,UDA DI CEK,10,Sedang,Sedang,1,1,0,1
RedDoorz @ Raya Kuta,4.3,114,Jl. Raya Kuta No.20X,Badung Regency,,62 21 80629666,https://www.google.com/maps/search/?api=1&query=RedDoorz%20%40%20Raya%20Kuta&query_place_id=ChIJCz0Gwe5H0i0RhVrVTOvuh28,Hotel,True,True,True,True,5,UDA DI CEK,9,Sedang,Rendah,0,1,1,3
Risata Bali Resort and Spa,4.3,2096,Jl. Wana Segara,Badung Regency,http://www.risatabali.com/,62 361 3003339,https://www.google.com/maps/search/?api=1&query=Risata%20Bali%20Resort%20and%20Spa&query_place_id=ChIJKwb1Ckdb0i0RibM4CH5v0sE,Resort hotel,True,True,True,False,10,UDA DI CEK,13,Tinggi,Sedang,1,1,0,1
Rofa Kuta Hotel,4.3,3726,Jl. Nakula No.9,Badung Regency,http://www.rofakutahotel.com/,62 361 8496477,https://www.google.com/maps/search/?api=1&query=Rofa%20Kuta%20Hotel&query_place_id=ChIJaZrr6dBG0i0RnROBmlAgdaE,Hotel,True,True,True,True,6,UDA DI CEK,10,Sedang,Rendah,1,1,0,1
Samsara Inn,4.3,386,Jln Legian Gg. Lingga Murti,Badung Regency,https://www.samsarainn.com/,62 361 751878,https://www.google.com/maps/search/?api=1&query=Samsara%20Inn&query_place_id=ChIJEzHdX7pG0i0Rnh6Bx2w7GxA,Hotel,True,False,True,False,14,UDA DI CEK,16,Tinggi,Tinggi,1,1,0,1
Seminyak Square Hotel,4.3,454,Jl. Kayu Aya No.100,Badung Regency,http://www.seminyaksquare.com/,62 813-3721-2337,https://www.google.com/maps/search/?api=1&query=Seminyak%20Square%20Hotel&query_place_id=ChIJleGxiBBH0i0RYwgB1MMxMNQ,Hotel,True,True,True,False,9,UDA DI CEK,12,Sedang,Sedang,1,1,0,1
Sovereign Bali Hotel,4.3,3625,Jl. Raya Tuban Lingkungan Griya No.2,Badung Regency,http://www.sovereignbali.com/,62 812-3981-3792,https://www.google.com/maps/search/?api=1&query=Sovereign%20Bali%20Hotel&query_place_id=ChIJsycmYQVE0i0RvWeILlRy5x4,Hotel,True,True,False,False,11,UDA DI CEK,13,Tinggi,Sedang,1,1,0,1
Sun Island Hotel & Spa Kuta,4.3,1458,"Jalan Kartika Plaza No.88, Kuta",Badung Regency,https://www.sunislandbali.com/kuta-hotel/,62 361 761818,https://www.google.com/maps/search/?api=1&query=Sun%20Island%20Hotel%20%26%20Spa%20Kuta&query_place_id=ChIJn2RHm6FG0i0RZLWDXHqxsBk,Hotel,True,True,True,False,12,UDA DI CEK,15,Tinggi,Sedang,1,1,0,1
Suriwathi Hotel,4.3,313,Jl. Sahadewa No.12,Badung Regency,https://www.suriwathi.com/,62 361 753162,https://www.google.com/maps/search/?api=1&query=Suriwathi%20Hotel&query_place_id=ChIJabrNosNG0i0RFIb0ufnDkOg,Hotel,False,False,True,False,11,UDA DI CEK,12,Sedang,Sedang,1,1,0,1
The Agung Residence,4.3,199,"Jalan Nakula, Line Cross Shri Lakshmi I No.18, Legian, Seminyak",Badung Regency,,62 361 4727347,https://www.google.com/maps/search/?api=1&query=The%20Agung%20Residence&query_place_id=ChIJJ_9U69lG0i0RQ_rgxhDrMMU,Lodging,True,False,True,False,8,UDA DI CEK,10,Sedang,Sedang,0,1,1,3
The Asmara Nusa Dua,4.3,150,Jl. Raya Nusa Dua Selatan,Badung Regency,,62 812-3886-888,https://www.google.com/maps/search/?api=1&query=The%20Asmara%20Nusa%20Dua&query_place_id=ChIJs0GyhpZc0i0RgbPCUmI0l8Y,Villa,False,False,True,False,7,UDA DI CEK,8,Sedang,Sedang,0,1,1,3
The Bene Hotel Kuta,4.3,1463,Jl. Benesari,Badung Regency,http://thebenekuta.com/,62 361 8469500,https://www.google.com/maps/search/?api=1&query=The%20Bene%20Hotel%20Kuta&query_place_id=ChIJMypwpcBG0i0RUz_e-BJxlag,Hotel,True,False,True,True,10,UDA DI CEK,13,Tinggi,Sedang,1,1,0,1
The Golden Serendipity Villa,4.3,41,Jl. Dewi Saraswati II No.14,Badung Regency,,62 813-8880-5088,https://www.google.com/maps/search/?api=1&query=The%20Golden%20Serendipity%20Villa&query_place_id=ChIJHfcwxttH0i0R8tWGskT8y_I,Villa,True,False,True,False,9,UDA DI CEK,11,Sedang,Sedang,0,1,1,3
The Grey Boutique Inn,4.3,232,Jl. Grand Dewi Sri,Badung Regency,http://www.thegreybalihotel.com/,62 361 8475985,https://www.google.com/maps/search/?api=1&query=The%20Grey%20Boutique%20Inn&query_place_id=ChIJS2fzb9pG0i0R9RSsiV_cHA8,Hotel,True,False,True,False,9,UDA DI CEK,11,Sedang,Sedang,1,1,0,1
The Lavana Nakula Villa Kuta Sunset,4.3,4,75PM+HFX,Badung Regency,https://www.reddoorz.com/en-id/hotel/indonesia/bali/badung/badung/nakula-villa-kuta-sunset-by-the-lavana?utm_campaign=webclick&utm_medium=mybusiness&utm_source=google,62 813-2227-795,https://www.google.com/maps/search/?api=1&query=The%20Lavana%20Nakula%20Villa%20Kuta%20Sunset&query_place_id=ChIJqVv9dUtH0i0Rj8MnoJfnHwk,Hotel,True,True,False,False,20,UDA DI CEK,22,Sangat tinggi,Sangat tinggi,1,1,0,1
The Radiance Guesthouse,4.3,14,Jl. Bidadari Gg. Periuk No.0,Badung Regency,,62 21 29706666,https://www.google.com/maps/search/?api=1&query=The%20Radiance%20Guesthouse&query_place_id=ChIJZVwiNSNH0i0R_Vu2IDzxEJk,Hotel,True,False,False,False,8,UDA DI CEK,9,Sedang,Sedang,0,1,1,3
The Shanti Residence,4.3,113,Jl. Villa Shanti,Badung Regency,https://shantiresidence.com/,62 821-4697-7341,https://www.google.com/maps/search/?api=1&query=The%20Shanti%20Residence&query_place_id=ChIJvzT-F5xc0i0RwzcOdMsLjPw,Villa,True,False,True,False,10,UDA DI CEK,12,Sedang,Sedang,1,1,0,1
Uma Karan,4.3,166,Jl. Bidadari III No.8,Badung Regency,http://www.umakaran.com/,62 819-9707-7788,https://www.google.com/maps/search/?api=1&query=Uma%20Karan&query_place_id=ChIJ58DN59FG0i0R-6LE3CVImEY,Hotel,True,False,True,False,9,UDA DI CEK,11,Sedang,Sedang,1,1,0,1
Uns Hotel - Bali,4.3,154,Jl. Benesari No.16,Badung Regency,http://www.unshotel.com/,62 812-3834-961,https://www.google.com/maps/search/?api=1&query=Uns%20Hotel%20-%20Bali&query_place_id=ChIJkbG0ycBG0i0RZEtOo9md9l4,Hotel,True,False,True,False,10,UDA DI CEK,12,Sedang,Sedang,1,1,0,1
Wirton Seminyak Hotel,4.3,135,Jl. Bidadari No.I No. 38,Denpasar City,,62 361 9343422,https://www.google.com/maps/search/?api=1&query=Wirton%20Seminyak%20Hotel&query_place_id=ChIJ4a6QqahH0i0RUTcI_hsrqrg,Hotel,True,False,True,False,2,UDA DI CEK,4,Rendah,Rendah,0,1,1,3
100 Sunset Hotel & Ballroom,4.4,2824,Jl. Sunset Road No.100C,Badung Regency,http://www.100sunsetkuta.com/,62 361 758111,https://www.google.com/maps/search/?api=1&query=100%20Sunset%20Hotel%20%26%20Ballroom&query_place_id=ChIJM0cAQrRG0i0RY0GMynSFZKg,Hotel,True,False,True,False,11,UDA DI CEK,13,Tinggi,Sedang,1,1,0,1
18 Suite Villa Kuta,4.4,591,Jl. Kartika Plaza Gg. Pudak Sari,Badung Regency,http://18suite.com/,62 361 750618,https://www.google.com/maps/search/?api=1&query=18%20Suite%20Villa%20Kuta&query_place_id=ChIJtxkn-qBG0i0RcllLQNKvK1o,Hotel,False,False,False,False,7,UDA DI CEK,7,Sedang,Sedang,1,1,0,1
Airy Kuta Majapahit 39 Gang Teges Bali,4.4,30,Jl. Majapahit Gg. Teges No.39,Badung Regency,,62 804 111 2479,https://www.google.com/maps/search/?api=1&query=Airy%20Kuta%20Majapahit%2039%20Gang%20Teges%20Bali&query_place_id=ChIJc-hPObdG0i0RYEVh5cX8DQ8,Hotel,True,False,True,False,3,UDA DI CEK,5,Rendah,Rendah,0,1,1,3
Airy Kuta Simpang Dewa Ruci Griya Anyar 27 Bali,4.4,14,Jl. Griya Anyar No.27,Badung Regency,,62 804 111 2479,https://www.google.com/maps/search/?api=1&query=Airy%20Kuta%20Simpang%20Dewa%20Ruci%20Griya%20Anyar%2027%20Bali&query_place_id=ChIJ2y89TbJG0i0RxHfv68OxLD8,Hotel,True,False,True,False,3,UDA DI CEK,5,Rendah,Rendah,0,1,1,3
Airy Legian Troppo Zone 8 Kuta Bali,4.4,5,"75JG+X9P, Jl. Legian Gg. Troppozone",Badung Regency,,62 804 111 2479,https://www.google.com/maps/search/?api=1&query=Airy%20Legian%20Troppo%20Zone%208%20Kuta%20Bali&query_place_id=ChIJx2Uj5blG0i0RKA86fajWpfg,Hotel,True,False,True,False,3,UDA DI CEK,5,Rendah,Rendah,0,1,1,3
Airy Raya Kuta 84 Bali,4.4,5,Jl. Raya Kuta No.78,Badung Regency,,62 804 111 2479,https://www.google.com/maps/search/?api=1&query=Airy%20Raya%20Kuta%2084%20Bali&query_place_id=ChIJpf0OCGpH0i0R3Enzfx5APuM,Hotel,True,False,True,False,3,UDA DI CEK,5,Rendah,Rendah,0,1,1,3
Akmani Legian,4.4,2565,Jln Legian No.177,Badung Regency,https://akmanilegian.com/,62 361 3339191,https://www.google.com/maps/search/?api=1&query=Akmani%20Legian&query_place_id=ChIJpcVxbMdG0i0R86qG4r9gMgw,Hotel,True,False,True,False,4,UDA DI CEK,6,Rendah,Rendah,1,1,0,1
AlamKulKul Boutique Resort,4.4,1328,Jl. Pantai Kuta,Badung Regency,http://alamkulkul.com/,62 361 752520,https://www.google.com/maps/search/?api=1&query=AlamKulKul%20Boutique%20Resort&query_place_id=ChIJaakEu8FG0i0RuRcIgYggRMA,Hotel,True,True,True,False,6,UDA DI CEK,9,Sedang,Rendah,1,1,0,1
Amadea Resort & Villas,4.4,1437,Jl. Kayu Aya,Badung Regency,http://www.arvs.pphotels.com/,62 361 8478155,https://www.google.com/maps/search/?api=1&query=Amadea%20Resort%20%26%20Villas&query_place_id=ChIJGwTW4RlH0i0RSU-EOx8spQ0,Hotel,True,False,False,False,10,UDA DI CEK,11,Sedang,Sedang,1,1,0,1
Aqilah Villa,4.4,133,Jl. Dewi Sri II No.8,Badung Regency,http://aqilahvilla.zoombookdirect.com/?utm_source=googlemybusiness&utm_medium=organic&utm_campaign=google_my_business,62 813-3990-3916,https://www.google.com/maps/search/?api=1&query=Aqilah%20Villa&query_place_id=ChIJV64K8EtH0i0Rq_vmY-T3rlI,Villa,True,True,True,True,8,UDA DI CEK,12,Sedang,Sedang,1,1,0,1
Argya Santi Suites and Villas,4.4,97,Jl. Shri Lakshmi No.27,Badung Regency,https://argyasantisuitesseminyak.com/,,https://www.google.com/maps/search/?api=1&query=Argya%20Santi%20Suites%20and%20Villas&query_place_id=ChIJB8H5zL9H0i0RUCxLsCiAI-c,Hotel,True,True,True,False,8,UDA DI CEK,11,Sedang,Sedang,1,0,2,2
Asa Bali Luxury Villas & Spa 2,4.4,89,"855G+3M8, Gg. Bekul Umanadi",Badung Regency,,,https://www.google.com/maps/search/?api=1&query=Asa%20Bali%20Luxury%20Villas%20%26%20Spa%202&query_place_id=ChIJi8zS4ydH0i0R1bUqy01x9Lk,Hotel,True,True,False,False,10,UDA DI CEK,12,Sedang,Sedang,0,0,3,4
"Atanaya Hotel - Kuta, Bali",4.4,4373,"75WJ+H5W, Jl. Sunset Road No.88A",Badung Regency,https://booking.atanaya.com/offers?&utm_source=googlewebsite,62 361 8468600,https://www.google.com/maps/search/?api=1&query=Atanaya%20Hotel%20-%20Kuta%2C%20Bali&query_place_id=ChIJSWQ_MM5G0i0R4tdodWT0918,Hotel,True,True,True,True,6,UDA DI CEK,10,Sedang,Rendah,1,1,0,1
Awila Villas Kuta,4.4,164,Jl. Dewi Sri III No.10x,Badung Regency,https://awilavillas-kuta.com/,62 361 8496761,https://www.google.com/maps/search/?api=1&query=Awila%20Villas%20Kuta&query_place_id=ChIJLeEGCg1H0i0RzcHgKciAEK8,Villa,True,False,True,False,10,UDA DI CEK,12,Sedang,Sedang,1,1,0,1
b Hotel Bali & Spa,4.4,2879,Jl. Imam Bonjol No.508,Denpasar City,http://www.bhotelbali.com/,62 361 8465757,https://www.google.com/maps/search/?api=1&query=b%20Hotel%20Bali%20%26%20Spa&query_place_id=ChIJfTU3681G0i0Rv8phTET2J3k,Hotel,True,False,True,False,11,UDA DI CEK,13,Tinggi,Sedang,1,1,0,1
Bali Agung Village,4.4,398,Jl. Sarinande No.3,Badung Regency,https://www.baliagungvillagehotel.com/,62 361 730367,https://www.google.com/maps/search/?api=1&query=Bali%20Agung%20Village&query_place_id=ChIJaWNiLkFA0i0RHsdahp2ZUdQ,Hotel,True,False,True,False,14,UDA DI CEK,16,Tinggi,Tinggi,1,1,0,1
Bali Beach Hotel - Sanur,4.4,8739,Jl. Hang Tuah Mezzanine Floor,Denpasar City,http://balibeachsanur.com/,62 361 2012000,https://www.google.com/maps/search/?api=1&query=Bali%20Beach%20Hotel%20-%20Sanur&query_place_id=ChIJX-ANbzdA0i0Riu3SFAnOZkU,Hotel,True,True,True,False,10,UDA DI CEK,13,Tinggi,Sedang,1,1,0,1
Bali Bustle Mertanadi Co-working and Co-living Space,4.4,18,Jl. Merta Nadi No.23,Badung Regency,http://balibustle.com/,62 878-6182-9035,https://www.google.com/maps/search/?api=1&query=Bali%20Bustle%20Mertanadi%20Co-working%20and%20Co-living%20Space&query_place_id=ChIJ21mvYF9H0i0RyDzZk_BbXzw,Hotel,True,True,False,True,4,UDA DI CEK,7,Sedang,Rendah,1,1,0,1
Bali Caps Hostel,4.4,265,Jl. Bypass Ngurah Rai No.9a,Badung Regency,https://live.ipms247.com/booking/book-rooms-kutacubehostel-lf,62 813-9482-2777,https://www.google.com/maps/search/?api=1&query=Bali%20Caps%20Hostel&query_place_id=ChIJn68pZ7JG0i0RIrKzcmq6qzI,Hostel,True,False,False,True,7,UDA DI CEK,9,Sedang,Sedang,1,1,0,1
Bali DD Homestay seminyak,4.4,100,Jl. Kayu Aya No.150,Badung Regency,https://www.baliddhomestay.com/,62 895-3859-31821,https://www.google.com/maps/search/?api=1&query=Bali%20DD%20Homestay%20seminyak&query_place_id=ChIJHXnskqtH0i0R5gXwXxxGX7c,Hotel,True,True,False,False,8,UDA DI CEK,10,Sedang,Sedang,1,1,0,1
Bali Garden Beach Resort,4.4,1921,Jl. Dewi Sartika,Badung Regency,https://www.baligardenbeachresort.com/,62 361 752725,https://www.google.com/maps/search/?api=1&query=Bali%20Garden%20Beach%20Resort&query_place_id=ChIJ_yTPsKNG0i0Rifqxje5GuuY,Hotel,True,True,True,False,7,uda di cek,10,Sedang,Sedang,1,1,0,1
Balitis Homestay,4.4,62,Jl. Majapahit No.10X,Badung Regency,,62 878-6239-4899,https://www.google.com/maps/search/?api=1&query=Balitis%20Homestay&query_place_id=ChIJefZsCbdG0i0RTuOJFlHbPpY,Villa,True,False,True,False,2,uda di cek,4,Rendah,Rendah,0,1,1,3
Bintang Bali Resort,4.4,3247,Jl. Kartika Plaza,Badung Regency,https://bintang-bali-hotel.com/,62 361 753292,https://www.google.com/maps/search/?api=1&query=Bintang%20Bali%20Resort&query_place_id=ChIJM89iHLVH0i0RNeQhXuLxYQM,Resort hotel,True,True,True,False,12,uda di cek,15,Tinggi,Sedang,1,1,0,1
Bintang Kuta Hotel,4.4,2077,Jl. Kartika Plaza,Badung Regency,http://www.bintangkutahotelbali.com/,62 361 8465710,https://www.google.com/maps/search/?api=1&query=Bintang%20Kuta%20Hotel&query_place_id=ChIJOWhj6h9E0i0RW1UcrEgA89g,Hotel,True,True,True,False,8,uda di cek,11,Sedang,Sedang,1,1,0,1
Bliss Surfer Hotel Legian Bali,4.4,2157,Jl. Sriwijaya No.88,Badung Regency,http://booking.blisssurferhotellegian.com/en/offers?utm_source=Googlemybusiness,62 361 767222,https://www.google.com/maps/search/?api=1&query=Bliss%20Surfer%20Hotel%20Legian%20Bali&query_place_id=ChIJ9f5sJcRG0i0R62SsI9TPkeo,Hotel,True,True,True,False,14,UDA DI CEK,17,Tinggi,Tinggi,1,1,0,1
BLoO Hotel,4.4,1475,Jl. Dewi Sri No.11 A,Badung Regency,http://www.bloobali.com/,62 361 761910,https://www.google.com/maps/search/?api=1&query=BLoO%20Hotel&query_place_id=ChIJd6U5Mc9G0i0RGPJbWwwMxgc,Hotel,True,True,False,False,9,UDA DI CEK,11,Sedang,Sedang,1,1,0,1
Blue Marlin Villas,4.4,49,Jl. Campuhan II,Badung Regency,http://www.blue-marlin-bali.com/,62 821-4444-4094,https://www.google.com/maps/search/?api=1&query=Blue%20Marlin%20Villas&query_place_id=ChIJ-4Dg5tpG0i0R92WfnzH_IPQ,Hotel,True,False,True,False,7,UDA DI CEK,9,Sedang,Sedang,1,1,0,1
Capital O 91410 Matara Kuta Residence,4.4,28,"9, Gg. Mawar No.9",Badung Regency,https://www.oyorooms.com/h/186898?utm_source=Google_gmb_ID&utm_medium=Organic&utm_campaign=ID_BLI369&latitude=-8.73129&longitude=115.1753&locale=id,62 878-6011-3110,https://www.google.com/maps/search/?api=1&query=Capital%20O%2091410%20Matara%20Kuta%20Residence&query_place_id=ChIJfyQPzKdG0i0ReApxdQqjGc4,Hotel,True,False,True,True,9,UDA DI CEK,12,Sedang,Sedang,1,1,0,1
Casa Wina Kuta by The Wina Resorts,4.4,232,Jl. Pantai Kuta,Badung Regency,https://casawinakuta.com/,62 361 9599020,https://www.google.com/maps/search/?api=1&query=Casa%20Wina%20Kuta%20by%20The%20Wina%20Resorts&query_place_id=ChIJwfX0F55H0i0RJi_alVuXrsQ,Hotel,True,True,True,False,8,UDA DI CEK,11,Sedang,Sedang,1,1,0,1
Cempaka Bali House,4.4,16,Jl. Batas Kangin No.12,Badung Regency,,62 812-3993-799,https://www.google.com/maps/search/?api=1&query=Cempaka%20Bali%20House&query_place_id=ChIJw2awuWRE0i0RjnoWokx63es,Guest house,False,False,True,False,5,UDA DI CEK,6,Rendah,Rendah,0,1,1,3
CLOSE PROP,4.4,104,Jl. Dewi Sri IV No.5,Badung Regency,https://www.tanjunglimaseminyakvillas.com/,62 896-8000-0788,https://www.google.com/maps/search/?api=1&query=CLOSE%20PROP&query_place_id=ChIJX_zuqttG0i0R6Zd6W35jSG0,Hotel,False,False,True,False,1,UDA DI CEK,2,Rendah,Rendah,1,1,0,1
D’Green Nirava Kuta,4.4,140,Jl. Grand Dewi Sri No.88,Badung Regency,https://dgreenniravakuta.com/,62 811-2807-0123,https://www.google.com/maps/search/?api=1&query=D%E2%80%99Green%20Nirava%20Kuta&query_place_id=ChIJuwaHNMxH0i0RJ9_pYtrVIz0,Hotel,True,False,False,False,5,UDA DI CEK,6,Rendah,Rendah,1,1,0,1
Fame Hotel Sunset Road,4.4,2496,Jl. Sunset Road No.9,Badung Regency,https://parador-hotels.com/fame-hotel-sunset-road/,62 878-9600-0888,https://www.google.com/maps/search/?api=1&query=Fame%20Hotel%20Sunset%20Road&query_place_id=ChIJVbGrX9BG0i0RubhKAnuxOwY,Hotel,True,True,True,False,13,UDA DI CEK,16,Tinggi,Tinggi,1,1,0,1
Grand Istana Rama Hotel Kuta - Bali,4.4,2514,Jl. Pantai Kuta,Badung Regency,https://grandistanarama.com/,62 361 752208,https://www.google.com/maps/search/?api=1&query=Grand%20Istana%20Rama%20Hotel%20Kuta%20-%20Bali&query_place_id=ChIJZevwCr9G0i0R_xM2lOlums0,Hotel,True,False,True,False,15,UDA DI CEK,17,Tinggi,Tinggi,1,1,0,1
Grand Livio Kuta Hotel,4.4,1762,Jl. Dewi Sri No.17,Badung Regency,http://www.grandliviohotel.com/,62 361 8469700,https://www.google.com/maps/search/?api=1&query=Grand%20Livio%20Kuta%20Hotel&query_place_id=ChIJs8boMs9G0i0Rkn32dTl3GAc,Hotel,True,False,True,False,10,UDA DI CEK,12,Sedang,Sedang,1,1,0,1
Grand Mirage Resort & Thalasso Bali,4.4,4952,Jl. Pratama No.74,Badung Regency,https://www.grandmirage.com/,62 361 771888,https://www.google.com/maps/search/?api=1&query=Grand%20Mirage%20Resort%20%26%20Thalasso%20Bali&query_place_id=ChIJAdhbSIFA0i0RQokmGrKvhnE,Resort hotel,True,True,True,True,14,UDA DI CEK,18,Tinggi,Tinggi,1,1,0,1
Grandmas Plus Hotel Seminyak,4.4,2659,Jl. Camplung Tanduk No.99,Badung Regency,https://www.grandmashotel.com/seminyak,62 361 3000599,https://www.google.com/maps/search/?api=1&query=Grandmas%20Plus%20Hotel%20Seminyak&query_place_id=ChIJ0U9AWh5H0i0R0YuLizn-K8I,Hotel,True,True,True,True,9,UDA DI CEK,13,Tinggi,Sedang,1,1,0,1
Green Garden Hotel,4.4,374,Jl. Kartika Plaza No.9,Badung Regency,https://greenbali.com/,62 361 761023,https://www.google.com/maps/search/?api=1&query=Green%20Garden%20Hotel&query_place_id=ChIJ_yTPsKNG0i0RPk4ZBdG1S0M,Hotel,False,False,True,False,9,UDA DI CEK,10,Sedang,Sedang,1,1,0,1
Guyana Hotel,4.4,214,Jl. Bhineka Jati Jaya XI No.18,Badung Regency,http://www.guyanabali.com/,62 821-3936-4887,https://www.google.com/maps/search/?api=1&query=Guyana%20Hotel&query_place_id=ChIJEU9UxgxF0i0ReR4ES5gNkLI,Hotel,True,False,True,False,6,UDA DI CEK,8,Sedang,Rendah,1,1,0,1
HARRIS Hotel & Residence Riverview Kuta - Bali,4.4,2741,Jl. Raya Kuta No.62A,Badung Regency,https://www.discoverasr.com/en/harris/indonesia/harris-hotel-residence-riverview-kuta-bali?utm_source=google&utm_medium=gmb&utm_campaign=-google-gmb-alwayson-20220101-all-en-id-id-HRVB--&utm_content=--,62 361 761007,https://www.google.com/maps/search/?api=1&query=HARRIS%20Hotel%20%26%20Residence%20Riverview%20Kuta%20-%20Bali&query_place_id=ChIJ6REX1bBG0i0RzbN_XkvCNzA,Hotel,True,False,True,False,18,UDA DI CEK,20,Sangat tinggi,Tinggi,1,1,0,1
HARRIS Hotel Kuta Tuban - Bali,4.4,3371,Jl. Dewi Sartika,Badung Regency,https://www.discoverasr.com/en/harris/indonesia/harris-hotel-kuta-tuban-bali?utm_source=google&utm_medium=gmb&utm_campaign=-google-gmb-alwayson-20220101-all-en-id-id-HTBN--&utm_content=--,62 361 9365255,https://www.google.com/maps/search/?api=1&query=HARRIS%20Hotel%20Kuta%20Tuban%20-%20Bali&query_place_id=ChIJJ1IoKh9E0i0R1ghglkEyDvg,Hotel,True,False,True,False,18,UDA DI CEK,20,Sangat tinggi,Tinggi,1,1,0,1
Hotel Lusa,4.4,291,"Kuta, Legian, Jl. Benesari",Badung Regency,,62 877-0171-1449,https://www.google.com/maps/search/?api=1&query=Hotel%20Lusa&query_place_id=ChIJOfyh7cBG0i0RivURAVm7GSw,Resort hotel,True,True,False,True,6,UDA DI CEK,9,Sedang,Rendah,0,1,1,3
HOTEL MUTIARA MANSION,4.4,60,Jl. Imam Bonjol No.567,Denpasar City,,,https://www.google.com/maps/search/?api=1&query=HOTEL%20MUTIARA%20MANSION&query_place_id=ChIJtXFVfdJG0i0RdbVJIjFsl9Y,Hotel,False,False,True,False,6,UDA DI CEK,7,Sedang,Rendah,0,0,3,4
Hotel Nikko Bali Benoa Beach,4.4,1884,Jl. Pratama No.68X,Badung Regency,https://hotelnikkobali-benoabeach.com/,62 361 773577,https://www.google.com/maps/search/?api=1&query=Hotel%20Nikko%20Bali%20Benoa%20Beach&query_place_id=ChIJ-QGabQhD0i0RtEwiZhg9oAI,Hotel,True,True,True,True,11,UDA DI CEK,15,Tinggi,Sedang,1,1,0,1
Hotel Pondok Sari Kuta,4.4,614,Jl. Nyangnyang Sari No.7B,Badung Regency,http://pondoksarikutabali.com/,62 361 766276,https://www.google.com/maps/search/?api=1&query=Hotel%20Pondok%20Sari%20Kuta&query_place_id=ChIJHXHjJgNE0i0RvKWc8SunwmQ,Hotel,True,True,True,False,7,UDA DI CEK,10,Sedang,Sedang,1,1,0,1
Hotel Santika Kuta Bali,4.4,1637,Jl. Raya Kuta No.98,Badung Regency,https://mysantika.com/indonesia/badung/hotel-santika-kuta,62 361 764033,https://www.google.com/maps/search/?api=1&query=Hotel%20Santika%20Kuta%20Bali&query_place_id=ChIJGRKHT6BG0i0RRpnp9jrz-vo,Hotel,True,False,True,False,7,UDA DI CEK,9,Sedang,Sedang,1,1,0,1
Jimbaran Bay Beach Resort & Spa,4.4,3497,Jl. Pantai Kedonganan No.888,Badung Regency,http://jimbaranbaybeach.com/,62 361 705999,https://www.google.com/maps/search/?api=1&query=Jimbaran%20Bay%20Beach%20Resort%20%26%20Spa&query_place_id=ChIJvbSkZ2ZE0i0Rh0cDbyZMpLc,Hotel,True,True,True,False,15,UDA DI CEK,18,Tinggi,Tinggi,1,1,0,1
Kampung Cenik,4.4,295,Jl. Dewi Sri,Badung Regency,http://www.kampungcenik.com/,62 361 8947343,https://www.google.com/maps/search/?api=1&query=Kampung%20Cenik&query_place_id=ChIJd8IyfdBG0i0R-4XlHN3spys,Inn,True,True,True,False,10,UDA DI CEK,13,Tinggi,Sedang,1,1,0,1
Kedonganan Beach Villas,4.4,110,Jl. Segara Wangi No.33,Badung Regency,http://www.kedongananbeachvillas.com/,62 811-3802-280,https://www.google.com/maps/search/?api=1&query=Kedonganan%20Beach%20Villas&query_place_id=ChIJrwLqDmZE0i0RP-6oJY5FbQU,Hotel,True,False,False,False,14,UDA DI CEK,15,Tinggi,Tinggi,1,1,0,1
Legian Beach Hotel Bali,4.4,3024,Jl. Melasti,Badung Regency,http://www.legianbeachbali.com/,62 361 751711,https://www.google.com/maps/search/?api=1&query=Legian%20Beach%20Hotel%20Bali&query_place_id=ChIJ8yyYDOdG0i0Ra-NWOmBfoqE,Hotel,True,False,True,False,14,UDA DI CEK,16,Tinggi,Tinggi,1,1,0,1
Legian Village Beach Resort,4.4,8,Jl. Sahadewa No.23 C,Badung Regency,https://www.legianvillageresort.com/en/,62 361 758145,https://www.google.com/maps/search/?api=1&query=Legian%20Village%20Beach%20Resort&query_place_id=ChIJFwyLeQBH0i0RXIo4J80k0I8,Resort hotel,True,False,True,False,14,UDA DI CEK,16,Tinggi,Tinggi,1,1,0,1
Legian Village Residence,4.4,226,Jl. Shri Lakshmi No.10,Badung Regency,,,https://www.google.com/maps/search/?api=1&query=Legian%20Village%20Residence&query_place_id=ChIJdSFQ69lG0i0RiZVWJUxNtoo,Hotel,True,False,True,False,14,UDA DI CEK,16,Tinggi,Tinggi,0,0,3,4
Lumbini Luxury Villas and Spa,4.4,892,Uluwatu St No.38,Badung Regency,https://lumbinivillas.reserveonline.id/book/608,62 361 704338,https://www.google.com/maps/search/?api=1&query=Lumbini%20Luxury%20Villas%20and%20Spa&query_place_id=ChIJUaWr4olE0i0RZ_VJNwZKKJY,Villa,True,False,True,False,8,UDA DI CEK,10,Sedang,Sedang,1,1,0,1
Oki Taru Residence,4.4,71,Jl. Bypass Ngurah Rai No.17,Badung Regency,,62 857-3803-0993,https://www.google.com/maps/search/?api=1&query=Oki%20Taru%20Residence&query_place_id=ChIJt9EOA19F0i0R8ex-GG6-AzQ,Hotel,True,True,True,False,7,UDA DI CEK,10,Sedang,Sedang,0,1,1,3
OYO 393 Ara Inn Bed And Breakfast,4.4,139,"Behind Lippo Mall, Jalan Kartika Plaza, Jl. Samudra No.101X",Tuban,https://www.oyorooms.com/49314/,62 21 29707601,https://www.google.com/maps/search/?api=1&query=OYO%20393%20Ara%20Inn%20Bed%20And%20Breakfast&query_place_id=ChIJUzOHISBE0i0RfkRebgLDJLs,Hotel,True,True,True,True,8,UDA DI CEK,12,Sedang,Sedang,1,1,0,1
OYO 3950 The Ratna Hotel,4.4,16,"Near Ground Zero Memorial, Bali",Badung Regency,https://www.oyorooms.com/105621/,62 21 29707601,https://www.google.com/maps/search/?api=1&query=OYO%203950%20The%20Ratna%20Hotel&query_place_id=ChIJ9UMq6kFH0i0R-8Kc1GQJCU0,Hotel,True,True,True,True,8,UDA DI CEK,12,Sedang,Sedang,1,1,0,1
Pondok Ramayana,4.4,76,Jl. Pura Mertasari IV Jl. Sunset Road,Badung Regency,,62 877-5021-8089,https://www.google.com/maps/search/?api=1&query=Pondok%20Ramayana&query_place_id=ChIJKQUXE8tG0i0Rn0n-o8o1MnE,Hotel,False,False,False,False,6,UDA DI CEK,6,Rendah,Rendah,0,1,1,3
Prama Sanur Beach Hotel Bali,4.4,5746,Jl. Cemara,Denpasar City,http://pramahotels.com/,62 361 288011,https://www.google.com/maps/search/?api=1&query=Prama%20Sanur%20Beach%20Hotel%20Bali&query_place_id=ChIJl9NSoZVB0i0RmkW-5nyvEDI,Hotel,True,True,True,True,10,UDA DI CEK,14,Tinggi,Sedang,1,1,0,1
S18 Bali Villas,4.4,346,Jl. Dewi Sri III No.18,Badung Regency,http://s18balivillas.com/,62 361 9342118,https://www.google.com/maps/search/?api=1&query=S18%20Bali%20Villas&query_place_id=ChIJbcJDFs9G0i0RhjUjyp7bYTI,Villa,True,True,True,False,9,UDA DI CEK,12,Sedang,Sedang,1,1,0,1
Sara Residence,4.4,369,Jl. Nakula No.9,Badung Regency,http://www.sararesidence.com/,62 361 738999,https://www.google.com/maps/search/?api=1&query=Sara%20Residence&query_place_id=ChIJ-5DvPdpG0i0RNrg-SYjSJyM,Hotel,True,True,True,False,13,UDA DI CEK,16,Tinggi,Tinggi,1,1,0,1
Solia Legian Bali Hotel,4.4,2161,Jl. Sriwijaya No.16,Badung Regency,https://solialegian.com/,62 361 4752999,https://www.google.com/maps/search/?api=1&query=Solia%20Legian%20Bali%20Hotel&query_place_id=ChIJg0fsMcRG0i0RTVz3ekwuZiU,Hotel,True,True,True,False,11,UDA DI CEK,14,Tinggi,Sedang,1,1,0,1
SUNBEJI VILLA,4.4,14,Jl. Beji Ayu Jl. Sunset Road,Badung Regency,https://www.booking.com/Share-c9g5IhW,62 813-2284-7763,https://www.google.com/maps/search/?api=1&query=SUNBEJI%20VILLA&query_place_id=ChIJlW3pj9dG0i0RGrnrbV22YOk,Villa,True,False,True,False,8,UDA DI CEK,10,Sedang,Sedang,1,1,0,1
THE 1O1 Bali Fontana Seminyak,4.4,4085,Jl. Dewi Sri No.68,Badung Regency,http://book101.com/balifontanaseminyak,62 361 8947100,https://www.google.com/maps/search/?api=1&query=THE%201O1%20Bali%20Fontana%20Seminyak&query_place_id=ChIJv5IY9M9G0i0RCf066m6Kzlw,Hotel,True,False,True,False,11,UDA DI CEK,13,Tinggi,Sedang,1,1,0,1
THE 1O1 Bali Oasis Sanur,4.4,2450,Jl. Danau Tamblingan No.136A,Denpasar City,https://www.phm-hotels.com/hotel/1O1BOS,62 361 282264,https://www.google.com/maps/search/?api=1&query=THE%201O1%20Bali%20Oasis%20Sanur&query_place_id=ChIJT9Ls-shB0i0R878_jg4W-4M,Hotel,True,False,True,False,18,UDA DI CEK,20,Sangat tinggi,Tinggi,1,1,0,1
The Calna Villa Bali,4.4,121,Jl. Raya Kuta No.72,Badung Regency,http://www.calnavilla.com/,62 361 4754886,https://www.google.com/maps/search/?api=1&query=The%20Calna%20Villa%20Bali&query_place_id=ChIJ-4EOjipH0i0RYJJzSBEwvD0,Villa,True,True,True,False,8,UDA DI CEK,11,Sedang,Sedang,1,1,0,1
The Haere Seminyak by Astadala,4.4,84,Jl. Beraban,Badung Regency,https://www.thehaereseminyak.com/,62 361 736618,https://www.google.com/maps/search/?api=1&query=The%20Haere%20Seminyak%20by%20Astadala&query_place_id=ChIJs8U5rBdH0i0RfZP0y5r7vCM,Hotel,True,False,True,False,10,uda di cek,12,Sedang,Sedang,1,1,0,1
THE KAYANGAN SANUR,4.4,203,Jl. Pantai Sindhu No.10,Denpasar City,https://kayanganbali.com/,62 361 4492364,https://www.google.com/maps/search/?api=1&query=THE%20KAYANGAN%20SANUR&query_place_id=ChIJBTZOv61B0i0R64u6Swp6Bjk,Hotel,True,True,True,True,7,uda di cek,11,Sedang,Sedang,1,1,0,1
The Kirana Ungasan,4.4,358,Uluwatu St Gang Ambara No.18,Badung Regency,https://thekiranabali.com/ungasan/,62 823-4190-1002,https://www.google.com/maps/search/?api=1&query=The%20Kirana%20Ungasan&query_place_id=ChIJBfTT6cA_0i0RuoJTI7mgNJM,Hotel,True,True,True,True,9,uda di cek,13,Tinggi,Sedang,1,1,0,1
The Kuta Beach Heritage Hotel Bali - Dikelola oleh Accor,4.4,3446,Jl Pantai Kuta Br Pande Mas Kuta Badung,Badung Regency,https://all.accor.com/lien_externe.svlt?goto=fiche_hotel&code_hotel=8151&merchantid=seo-maps-ID-8151&sourceid=aw-cen&utm_medium=seo%20maps&utm_source=google%20Maps&utm_campaign=seo%20maps,62 361 3007080,https://www.google.com/maps/search/?api=1&query=The%20Kuta%20Beach%20Heritage%20Hotel%20Bali%20-%20Dikelola%20oleh%20Accor&query_place_id=ChIJC7gIvKRG0i0ROnhUkeVGyGU,Hotel,True,True,True,False,16,uda di cek,19,Sangat tinggi,Tinggi,1,1,0,1
The Lokha Legian Resort & Spa,4.4,409,Jl. Padma No.10-38,Badung Regency,https://www.thelokhalegian.com/,62 361 767601,https://www.google.com/maps/search/?api=1&query=The%20Lokha%20Legian%20Resort%20%26%20Spa&query_place_id=ChIJ05v6ccNG0i0REzwTfR2DabI,Resort hotel,True,True,True,True,10,uda di cek,14,Tinggi,Sedang,1,1,0,1
The Nyaman Hotel Bali,4.4,487,Jl. Kubu Anyar No.20X,Badung Regency,,62 361 766230,https://www.google.com/maps/search/?api=1&query=The%20Nyaman%20Hotel%20Bali&query_place_id=ChIJufzQOadG0i0RHVxzOn4vu2Q,Hotel,True,True,True,False,10,uda di cek,13,Tinggi,Sedang,0,1,1,3
The Patra Bali Resort & Villas,4.4,3740,"7566+QQV, Jl.Ir. H. Juanda South Kuta Beach",Badung Regency,http://www.thepatrabali.com/,62 361 9351161,https://www.google.com/maps/search/?api=1&query=The%20Patra%20Bali%20Resort%20%26%20Villas&query_place_id=ChIJS_VWIiJE0i0RsARSih43au0,Hotel,True,True,True,True,14,uda di cek,18,Tinggi,Tinggi,1,1,0,1
The Sakala Resort Bali,4.4,3168,Jl. Pratama No.95,Badung Regency,http://www.sakalaresortbali.com/,62 361 775216,https://www.google.com/maps/search/?api=1&query=The%20Sakala%20Resort%20Bali&query_place_id=ChIJsbnlWwhD0i0REgLmI0XAEVg,Hotel,True,True,True,True,13,uda di cek,17,Tinggi,Tinggi,1,1,0,1
Tom Guest House,4.4,154,Jl. Mataram No.37x,Badung Regency,,62 361 4754432,https://www.google.com/maps/search/?api=1&query=Tom%20Guest%20House&query_place_id=ChIJv9kSGrhG0i0RaC6a508qO68,Hotel,True,False,True,False,8,uda di cek,10,Sedang,Sedang,0,1,1,3
Truntum Kuta Formerly Grand Inna Kuta,4.4,5604,Jl. Pantai Kuta No.1,Badung Regency,https://truntumhotels.com/hotels/truntum-kuta,62 361 751361,https://www.google.com/maps/search/?api=1&query=Truntum%20Kuta%20Formerly%20Grand%20Inna%20Kuta&query_place_id=ChIJRxleorxG0i0ROAUkQmJ20s8,Hotel,True,True,True,True,12,uda di cek,16,Tinggi,Sedang,1,1,0,1
Villa Diamante,4.4,23,Jl. Pandawa No.8C,Badung Regency,,,https://www.google.com/maps/search/?api=1&query=Villa%20Diamante&query_place_id=ChIJm_FxstNH0i0RzXxF99oJnRU,Hotel,True,False,True,False,2,uda di cek,4,Rendah,Rendah,0,0,3,4
Villa Harmony Moon,4.4,11,Jl. Bidadari No.98,Badung Regency,,62 819-9977-7347,https://www.google.com/maps/search/?api=1&query=Villa%20Harmony%20Moon&query_place_id=ChIJzb_wSjtH0i0R1Jy_ZN8j_UQ,Hotel,True,False,True,False,4,uda di cek,6,Rendah,Rendah,0,1,1,3
Villa Maviba Luxury Villa for Rent in Seminyak,4.4,52,Gg. Tunjung No.4,Badung Regency,http://www.mavibalirentals.com/products/villa-maviba,62 812-3814-5664,https://www.google.com/maps/search/?api=1&query=Villa%20Maviba%20Luxury%20Villa%20for%20Rent%20in%20Seminyak&query_place_id=ChIJhW-xaSZH0i0R4Naw7byUjkE,Hotel,True,False,True,False,2,uda di cek,4,Rendah,Rendah,1,1,0,1
Villa Puri Ayu,4.4,207,Jl. Cemara No.4D,Denpasar City,http://www.villapuriayu.com/,62 361 270482,https://www.google.com/maps/search/?api=1&query=Villa%20Puri%20Ayu&query_place_id=ChIJmzm6KBhE0i0RZkSqO0C4nIs,Hotel,True,True,True,False,13,uda di cek,16,Tinggi,Tinggi,1,1,0,1
Villa Vela Bali,4.4,19,Gg. Inti Kulit No.23,Badung Regency,https://thevillavela.com/,62 851-9068-8818,https://www.google.com/maps/search/?api=1&query=Villa%20Vela%20Bali&query_place_id=ChIJD-hLTppH0i0RfrGhBslwpvA,Hotel,True,True,True,False,4,uda di cek,7,Sedang,Rendah,1,1,0,1
VOUK Hotel & Suites Bali 5 star Hotel,4.4,1253,Jl. Raya Nusa Dua Selatan,Badung Regency,https://voukbali.com/,62 361 8465750,https://www.google.com/maps/search/?api=1&query=VOUK%20Hotel%20%26%20Suites%20Bali%205%20star%20Hotel&query_place_id=ChIJp5TfN8lc0i0RnWa3AxLUuT4,Hotel,True,False,True,False,20,uda di cek,22,Sangat tinggi,Sangat tinggi,1,1,0,1
Wisma Bima Cottages II,4.4,388,Jl. Raya Kuta No.295,Badung Regency,,62 361 751142,https://www.google.com/maps/search/?api=1&query=Wisma%20Bima%20Cottages%20II&query_place_id=ChIJzS7cjqVG0i0Rx29q4-Re2rc,Hotel,True,False,False,True,0,uda di cek,2,Rendah,Rendah,0,1,1,3
Adhi Jaya Hotel Kuta,4.5,1494,Jl. Kartika Plaza,Badung Regency,http://www.adhijayahotel.com/,62 361 756884,https://www.google.com/maps/search/?api=1&query=Adhi%20Jaya%20Hotel%20Kuta&query_place_id=ChIJaxqK__-_aC4RJybL0noah9I,Hotel,True,False,True,False,5,uda di cek,7,Sedang,Rendah,1,1,0,1
Adi Dharma Hotel Legian,4.5,320,Jln Legian No.155,Badung Regency,http://www.adidharmahotel.com/,62 818-177-790,https://www.google.com/maps/search/?api=1&query=Adi%20Dharma%20Hotel%20Legian&query_place_id=ChIJWYyYYsNG0i0RZJE4nDgAmIc,Hotel,True,True,True,False,4,uda di cek,7,Sedang,Rendah,1,1,0,1
Agung Cottages,4.5,165,Jln Legian No.95,Badung Regency,,62 813-3795-766,https://www.google.com/maps/search/?api=1&query=Agung%20Cottages&query_place_id=ChIJTSb7_rhG0i0RBBbKTBPwBU4,Hotel,True,False,True,False,5,uda di cek,7,Sedang,Rendah,0,1,1,3
Airy Legian 131 Kuta Bali,4.5,2,Jln Legian No.131,Badung Regency,,62 804 111 2479,https://www.google.com/maps/search/?api=1&query=Airy%20Legian%20131%20Kuta%20Bali&query_place_id=ChIJEYRDZcdG0i0RMbzZdU6WPxk,Hotel,True,False,True,False,3,uda di cek,5,Rendah,Rendah,0,1,1,3
Airy Sunset Road Pararaton 6 Bali,4.5,95,Jl. Pararaton No.6,Badung Regency,,62 804 111 2479,https://www.google.com/maps/search/?api=1&query=Airy%20Sunset%20Road%20Pararaton%206%20Bali&query_place_id=ChIJtYev-c5G0i0Rdmkvsjiy2AI,Hotel,True,False,True,False,3,uda di cek,5,Rendah,Rendah,0,1,1,3
Akana Boutique Hotel,4.5,675,Jl. Sudamala No.19,Denpasar City,https://www.akanasanur.com/,62 361 4721917,https://www.google.com/maps/search/?api=1&query=Akana%20Boutique%20Hotel&query_place_id=ChIJrTRyML5B0i0R1XtCFxQAT6k,Hotel,True,False,True,False,4,uda di cek,6,Rendah,Rendah,1,1,0,1
Alam Bidadari Seminyak,4.5,125,Jl. Bidadari Gg. Periuk No.88,Badung Regency,,62 361 738024,https://www.google.com/maps/search/?api=1&query=Alam%20Bidadari%20Seminyak&query_place_id=ChIJD3Uao0FH0i0Rok1IQ55Xflc,Villa,True,True,True,False,4,uda di cek,7,Sedang,Rendah,0,1,1,3
Amarin Seminyak,4.5,105,Jl. Beraban No.54,Badung Regency,http://www.amarinseminyak.com/,62 361 9342111,https://www.google.com/maps/search/?api=1&query=Amarin%20Seminyak&query_place_id=ChIJLVy2XhZH0i0RvKJyk2BVC1k,Hotel,True,False,False,False,8,uda di cek,9,Sedang,Sedang,1,1,0,1
Anja Jimbaran,4.5,535,Jl. Yoga Perkanthi No.2,Badung Regency,http://www.anjajimbaran.com/,62 361 3352068,https://www.google.com/maps/search/?api=1&query=Anja%20Jimbaran&query_place_id=ChIJ75ryhGFE0i0Rfh7Ey_DUwQs,Hotel,True,True,True,False,10,uda di cek,13,Tinggi,Sedang,1,1,0,1
Aquarius Beach Hotel,4.5,121,"8787+43F, Jl. Pantai Sindhu",Denpasar City,http://www.aquariusbeachhotel.com/,62 361 270298,https://www.google.com/maps/search/?api=1&query=Aquarius%20Beach%20Hotel&query_place_id=ChIJQc_zqDVA0i0RTYDfWhBQT9A,Hotel,True,False,True,False,7,uda di cek,9,Sedang,Sedang,1,1,0,1
"Arthur Suites Villa, Bali",4.5,167,Jl. Kresna No.939,Badung Regency,https://arthursuiteslegian.com/,62 813-9965-179,https://www.google.com/maps/search/?api=1&query=Arthur%20Suites%20Villa%2C%20Bali&query_place_id=ChIJW1WFOcVG0i0RlcIzvQvqPPE,Hotel,True,False,False,False,8,uda di cek,9,Sedang,Sedang,1,1,0,1
Aryaduta Bali,4.5,3092,Jl. Kartika Plaza,Badung Regency,https://www.aryaduta.com/en/hotel/AKB/aryaduta-bali?utm_source=digital-direct&utm_medium=web-link&utm_campaign=website&utm_id=digital-direct&utm_term=google-web-button,62 361 4754188,https://www.google.com/maps/search/?api=1&query=Aryaduta%20Bali&query_place_id=ChIJqSXCo6FG0i0RnqR2sn9SsSQ,Hotel,True,True,True,True,7,uda di cek,11,Sedang,Sedang,1,1,0,1
Bali Dynasty Resort,4.5,4736,Jl. Kartika Plaza,Badung Regency,http://bdr.pphotels.com/,62 361 752403,https://www.google.com/maps/search/?api=1&query=Bali%20Dynasty%20Resort&query_place_id=ChIJ-WwHzqFG0i0Rclv6u_ZP9FI,Resort hotel,True,True,True,True,11,uda di cek,15,Tinggi,Sedang,1,1,0,1
Bali Paradise Suites,4.5,93,Jl. Eka Laweya No.2,Badung Regency,,62 881-3609-248,https://www.google.com/maps/search/?api=1&query=Bali%20Paradise%20Suites&query_place_id=ChIJFz8LFNlG0i0R9KuSYItd4jE,Hotel,False,False,False,False,7,uda di cek,7,Sedang,Sedang,0,1,1,3
Bali True Living Apartment,4.5,531,Jl. Imam Bonjol Jl. Perumahan Budha Cemeng Ukir No.1,Denpasar City,http://balitrueliving.com/,62 361 9376012,https://www.google.com/maps/search/?api=1&query=Bali%20True%20Living%20Apartment&query_place_id=ChIJH070htRG0i0RN1zwDFrYbV0,Hotel,True,True,False,False,9,uda di cek,11,Sedang,Sedang,1,1,0,1
Balicosy Villa,4.5,310,Jl. Pandawa No.3,Badung Regency,https://balicosy.com/,62 813-3338-2301,https://www.google.com/maps/search/?api=1&query=Balicosy%20Villa&query_place_id=ChIJH8wmC-BG0i0R3qBByRYDQRw,Villa,True,True,True,True,10,uda di cek,14,Tinggi,Sedang,1,1,0,1
Beji Ayu Homestay,4.5,205,Jl. Beji Ayu I No.2,Badung Regency,,62 361 8475918,https://www.google.com/maps/search/?api=1&query=Beji%20Ayu%20Homestay&query_place_id=ChIJFxzGLthG0i0RuukpwoDlQUw,Homestay,False,False,True,False,7,uda di cek,8,Sedang,Sedang,0,1,1,3
Biu Biu Resort Bali,4.5,1494,Jl. Pantai Balangan,Badung Regency,https://www.biubiuresortbali.com/,62 858-5710-2667,https://www.google.com/maps/search/?api=1&query=Biu%20Biu%20Resort%20Bali&query_place_id=ChIJLd1OdhpF0i0R02WvcPmJjSg,Resort hotel,True,True,False,False,10,uda di cek,12,Sedang,Sedang,1,1,0,1
Bracha Villas,4.5,292,Jl. Beraban Banjar Taman Kerobokan No.55,Badung Regency,https://www.brachavillas.com/,62 361 9342077,https://www.google.com/maps/search/?api=1&query=Bracha%20Villas&query_place_id=ChIJKRRf0hZH0i0RRVZCpVphiy8,Resort hotel,True,True,True,False,9,uda di cek,12,Sedang,Sedang,1,1,0,1
Bustle Base,4.5,102,Jl. Sunset No.23,Badung Regency,http://balibustle.com/,62 878-1822-6245,https://www.google.com/maps/search/?api=1&query=Bustle%20Base&query_place_id=ChIJ0_8raBZH0i0RdIcX0byH7o8,Hotel,True,False,True,True,7,uda di cek,10,Sedang,Sedang,1,1,0,1
C151 Smart Villas Seminyak,4.5,299,Jl. Kayu Aya No.151,Badung Regency,https://seminyak.c151.net/,62 823-4101-1812,https://www.google.com/maps/search/?api=1&query=C151%20Smart%20Villas%20Seminyak&query_place_id=ChIJ11zeQA1H0i0RDluxpNf9Ffg,Villa,True,True,True,True,9,uda di cek,13,Tinggi,Sedang,1,1,0,1
Capsule Inn Bali,4.5,85,Jl. Nakula No.18c,Denpasar City,,62 812-3814-7811,https://www.google.com/maps/search/?api=1&query=Capsule%20Inn%20Bali&query_place_id=ChIJId8GiplH0i0RdCgL3fiRuog,Hotel,True,False,True,False,8,uda di cek,10,Sedang,Sedang,0,1,1,3
Cara Cara Inn,4.5,1924,Jl. Khayangan Suci,Badung Regency,https://caracarainn.com/location,62 361 4754888,https://www.google.com/maps/search/?api=1&query=Cara%20Cara%20Inn&query_place_id=ChIJ7Z_cPLtG0i0RYP2tVk7F6mg,Hotel,False,True,True,False,14,uda di cek,16,Tinggi,Tinggi,1,1,0,1
Cityzen Kuta,4.5,2,Jl. Raya Kuta Jl. Nyangnyang Sari No.8,Badung Regency,,62 361 5520077,https://www.google.com/maps/search/?api=1&query=Cityzen%20Kuta&query_place_id=ChIJqTZXMCFF0i0RlGytHoeJAWw,Hotel,False,False,False,False,6,uda di cek,6,Rendah,Rendah,0,1,1,3
Clio Apartments Bali,4.5,384,,Badung Regency,http://www.cliolofts.com/,62 817-550-075,https://www.google.com/maps/search/?api=1&query=Clio%20Apartments%20Bali&query_place_id=ChIJm7vcziNH0i0RI47x8iPe1BU,Hotel,True,True,True,False,9,uda di cek,12,Sedang,Sedang,1,1,0,1
"Coco White Villa 1, Seminyak",4.5,22,"8577+G9R, Gg. Kahyangan",Badung Regency,https://www.indonesiahotels.net/en/hotel/cocowhite-villa.html,62 857-3213-2368,https://www.google.com/maps/search/?api=1&query=Coco%20White%20Villa%201%2C%20Seminyak&query_place_id=ChIJC3xxXBhH0i0R-OE_39SZRqA,Villa,True,True,False,False,7,uda di cek,9,Sedang,Sedang,1,1,0,1
Cross Paasha Bali Seminyak,4.5,1475,Jl. Kayu Aya No.77,Badung Regency,https://www.crosspaashabaliseminyak.com/,62 361 8465977,https://www.google.com/maps/search/?api=1&query=Cross%20Paasha%20Bali%20Seminyak&query_place_id=ChIJo8o9ABpH0i0RYkLcdhPDQno,Hotel,True,True,True,False,16,uda di cek,19,Sangat tinggi,Tinggi,1,1,0,1
d'Penjor Seminyak,4.5,193,Jl. Bidadari II Taman Mertanadi Seminyak No.1,Badung Regency,http://dpenjor.com/,62 361 8465925,https://www.google.com/maps/search/?api=1&query=d'Penjor%20Seminyak&query_place_id=ChIJB2rbJj1H0i0R6jMK76LsQoI,Hotel,True,True,True,False,7,uda di cek,10,Sedang,Sedang,1,1,0,1
Daha Mansions Seminyak,4.5,95,"Jl. Beraban Gg. Daha No.112, 80361",Badung Regency,https://www.dahamansions.com/,62 858-4781-7920,https://www.google.com/maps/search/?api=1&query=Daha%20Mansions%20Seminyak&query_place_id=ChIJ1-KsdOBH0i0RZAE2lHjvzZ4,Villa,True,True,True,True,11,uda di cek,15,Tinggi,Sedang,1,1,0,1
Discovery Kartika Plaza Hotel,4.5,6542,Jl. Kartika Plaza,Badung Regency,https://www.discoverykartikaplaza.com/,62 361 2001300,https://www.google.com/maps/search/?api=1&query=Discovery%20Kartika%20Plaza%20Hotel&query_place_id=ChIJt1wdoqFG0i0RMnW07pzilFQ,Resort hotel,True,True,True,False,4,uda di cek,7,Sedang,Rendah,1,1,0,1
Disini Villas,4.5,334,Jl. Mertasari No.28,Badung Regency,https://disinivillas.com/,62 361 737537,https://www.google.com/maps/search/?api=1&query=Disini%20Villas&query_place_id=ChIJBWXqSx9H0i0R8qcJNs7NZMs,Villa,True,True,True,True,11,uda di cek,15,Tinggi,Sedang,1,1,0,1
Fairfield by Marriott Bali Kuta Ngurah Rai,4.5,158,Jl. Bypass Ngurah Rai Simpang Siur No.8,Badung Regency,https://www.marriott.com/en-us/hotels/dpsnf-fairfield-bali-kuta-ngurah-rai/overview/?scid=f2ae0541-1279-4f24-b197-a979c79310b0,62 361 2014200,https://www.google.com/maps/search/?api=1&query=Fairfield%20by%20Marriott%20Bali%20Kuta%20Ngurah%20Rai&query_place_id=ChIJMyeUqB5H0i0ROGaKQMgUuGs,Hotel,True,True,True,False,15,uda di cek,18,Tinggi,Tinggi,1,1,0,1
favehotel Sunset Seminyak,4.5,2436,Jl. Sunset Road No.89,Badung Regency,https://www.favehotels.com/en/hotel/view/78/favehotel-sunset-seminyak,62 361 4741111,https://www.google.com/maps/search/?api=1&query=favehotel%20Sunset%20Seminyak&query_place_id=ChIJjz7GLCNH0i0R8oUaPWfm-T8,Hotel,True,False,True,False,12,uda di cek,14,Tinggi,Sedang,1,1,0,1
Febri's Hotel & Spa,4.5,1590,"Jalan Kartika Plaza, Kuta",Badung Regency,http://www.febrishotelspabali.com/,62 361 754575,https://www.google.com/maps/search/?api=1&query=Febri's%20Hotel%20%26%20Spa&query_place_id=ChIJkbg0Sb9G0i0RkTnaA6fR7JE,Resort hotel,True,False,True,False,16,uda di cek,18,Tinggi,Tinggi,1,1,0,1
"Four Points by Sheraton Bali, Kuta",4.5,3256,Jl. Benesari,Badung Regency,https://www.marriott.com/en-us/hotels/dpskf-four-points-bali-kuta/overview/?scid=f2ae0541-1279-4f24-b197-a979c79310b0,62 361 8496606,https://www.google.com/maps/search/?api=1&query=Four%20Points%20by%20Sheraton%20Bali%2C%20Kuta&query_place_id=ChIJlyzLUMdG0i0R9uZM0KyN8WA,Resort hotel,True,True,True,False,18,uda di cek,21,Sangat tinggi,Tinggi,1,1,0,1
Grand Hyatt Bali,4.5,8830,Kawasan Wisata Nusa Dua ITDC,Bali,https://www.hyatt.com/grand-hyatt/en-US/balgh-grand-hyatt-bali?src=corp_lclb_google_seo_balgh&utm_source=google&utm_medium=organic&utm_campaign=lmr,62 361 771234,https://www.google.com/maps/search/?api=1&query=Grand%20Hyatt%20Bali&query_place_id=ChIJ24BeDptA0i0RFOjaTEUPQT0,Resort hotel,True,True,True,True,16,uda di cek,20,Sangat tinggi,Tinggi,1,1,0,1
Grand Mirage Resort - Family Paradise,4.5,938,Jl. Pratama No.74,Badung Regency,https://www.grandmirage.com/,62 361 771888,https://www.google.com/maps/search/?api=1&query=Grand%20Mirage%20Resort%20-%20Family%20Paradise&query_place_id=ChIJg2xNsKdD0i0RKDVX0MEhLN4,Resort hotel,True,True,True,True,14,uda di cek,18,Tinggi,Tinggi,1,1,0,1
Grand Palace Hotel Sanur - Bali,4.5,1404,Jl. Bypass Ngurah Rai No.65,Denpasar City,http://www.grandpalacebali.com/,62 361 4491988,https://www.google.com/maps/search/?api=1&query=Grand%20Palace%20Hotel%20Sanur%20-%20Bali&query_place_id=ChIJAfdUSLVB0i0RoFFk44Vu2PY,Hotel,True,False,True,False,15,uda di cek,17,Tinggi,Tinggi,1,1,0,1
Grania Bali Villa,4.5,55,Jl. Dewi Saraswati III No.35,Badung Regency,http://www.graniabalivillas.com/,62 361 735333,https://www.google.com/maps/search/?api=1&query=Grania%20Bali%20Villa&query_place_id=ChIJp3oS8h5H0i0RpVzk8ybnbRM,Lodging,True,False,True,False,10,uda di cek,12,Sedang,Sedang,1,1,0,1
Griya Santrian a Beach Resort & Spa,4.5,1828,Jl. Danau Tamblingan No.47,Denpasar City,http://www.santrian.com/griya-santrian,62 361 288181,https://www.google.com/maps/search/?api=1&query=Griya%20Santrian%20a%20Beach%20Resort%20%26%20Spa&query_place_id=ChIJJd1hzklB0i0RhvF6dVPOVqc,Hotel,True,True,True,True,12,uda di cek,16,Tinggi,Sedang,1,1,0,1
Guest House Strawberry Garden,4.5,4,Gang 8 Jl. Dewi Sri VIII No.17 Blok B,Badung Regency,,,https://www.google.com/maps/search/?api=1&query=Guest%20House%20Strawberry%20Garden&query_place_id=ChIJW-7aaa5H0i0RBsKkHsN49GU,Extended stay hotel,True,False,False,False,7,uda di cek,8,Sedang,Sedang,0,0,3,4
Harper Kuta Bali,4.5,4867,Jln Legian No.73,Badung Regency,https://www.harperhotels.com/en/hotel/view/12/harper-kuta,62 361 8469869,https://www.google.com/maps/search/?api=1&query=Harper%20Kuta%20Bali&query_place_id=ChIJ938eK7pG0i0RO6m6UVXRgVY,Hotel,True,False,True,False,14,uda di cek,16,Tinggi,Tinggi,1,1,0,1
Horison Le Aman Hotel,4.5,549,Jl. Bypass Ngurah Rai No.50,Badung Regency,https://myhorison.com/v2/webhome,62 361 4466000,https://www.google.com/maps/search/?api=1&query=Horison%20Le%20Aman%20Hotel&query_place_id=ChIJ22zYshtF0i0RENOIShDHnXo,Hotel,True,False,True,False,10,uda di cek,12,Sedang,Sedang,1,1,0,1
Hotel Santika Seminyak Bali,4.5,2144,Jl. Sunset Road No.17,Badung Regency,https://mysantika.com/indonesia/badung/hotel-santika-seminyak,62 361 4727111,https://www.google.com/maps/search/?api=1&query=Hotel%20Santika%20Seminyak%20Bali&query_place_id=ChIJ04588CZH0i0R9ApdFk8kvzU,Hotel,True,False,True,False,6,uda di cek,8,Sedang,Rendah,1,1,0,1
IZE Seminyak by LifestyleRetreats,4.5,1594,Jl. Kayu Aya No.68,Badung Regency,https://lifestyleretreats.com/ize-seminyak/?utm_source=google&utm_medium=gmb&utm_campaign=googlemybusiness,62 361 8466999,https://www.google.com/maps/search/?api=1&query=IZE%20Seminyak%20by%20LifestyleRetreats&query_place_id=ChIJXVWOXxdH0i0Rsq4YEAlnq-8,Hotel,True,False,True,False,11,uda di cek,13,Tinggi,Sedang,1,1,0,1
J4 Hotels Legian,4.5,3091,Jln Legian No.74,Badung Regency,https://j4hotels.com/?utm_source=googlemybusiness,62 361 8469747,https://www.google.com/maps/search/?api=1&query=J4%20Hotels%20Legian&query_place_id=ChIJY37NmrlG0i0RjQR8cAYzs2Y,Hotel,True,False,True,False,15,uda di cek,17,Tinggi,Tinggi,1,1,0,1
Kamar Kamar Boutique Hotel,4.5,165,Jl. Dewi Saraswati III No.89,Badung Regency,http://www.kamarkamar.com/,62 361 730148,https://www.google.com/maps/search/?api=1&query=Kamar%20Kamar%20Boutique%20Hotel&query_place_id=ChIJHyzkTSRH0i0R7KHcJCc3s_k,Hotel,True,False,True,False,6,uda di cek,8,Sedang,Rendah,1,1,0,1
Kampi Villas,4.5,75,Jl. Raya Nusa Dua Selatan,Badung Regency,http://www.kampivilla.com/,62 821-4581-1275,https://www.google.com/maps/search/?api=1&query=Kampi%20Villas&query_place_id=ChIJM1FKtWJd0i0RSjY4mXffr7s,Villa,True,False,True,False,5,uda di cek,7,Sedang,Rendah,1,1,0,1
Kresna By The Sea,4.5,291,Jl. Sarinande No.19,Badung Regency,https://kresnahospitality.com/kresna-by-the-sea/,62 361 730317,https://www.google.com/maps/search/?api=1&query=Kresna%20By%20The%20Sea&query_place_id=ChIJX8NiuhtH0i0RathU2mcynfk,Hotel,True,False,True,False,11,uda di cek,13,Tinggi,Sedang,1,1,0,1
Kuta Paradise 777,4.5,12,Jl. Patimura No.777,Badung Regency,https://kutaparadise777.com/,62 812-3670-7575,https://www.google.com/maps/search/?api=1&query=Kuta%20Paradise%20777&query_place_id=ChIJf_s9IypH0i0RLD9kacfNyEM,Hotel,True,False,True,False,7,uda di cek,9,Sedang,Sedang,1,1,0,1
Kuta Seaview Beach Resort,4.5,1872,Jl. Pantai Kuta,Badung Regency,http://www.kutaseaviewhotel.com/,62 361 751961,https://www.google.com/maps/search/?api=1&query=Kuta%20Seaview%20Beach%20Resort&query_place_id=ChIJ9e9PIbxG0i0Rd--q79jNamE,Resort hotel,True,False,True,False,15,uda di cek,17,Tinggi,Tinggi,1,1,0,1
"La Berceuse Nusa Dua, Bali",4.5,504,Jl. Desa Sawangan Jl. Nusa Dua,Badung Regency,http://www.laberceusebali.com/,62 361 4771325,https://www.google.com/maps/search/?api=1&query=La%20Berceuse%20Nusa%20Dua%2C%20Bali&query_place_id=ChIJq6qqqk5D0i0RIRa2CV7IucQ,Resort hotel,True,True,True,True,9,uda di cek,13,Tinggi,Sedang,1,1,0,1
"La Leela Jimbaran, Bali",4.5,63,"65HH+PCV, Jl. Bypass Ngurah Rai Gg. Gaing Mas",Badung Regency,https://laleelajimbaran.top/,62 811-3924-400,https://www.google.com/maps/search/?api=1&query=La%20Leela%20Jimbaran%2C%20Bali&query_place_id=ChIJl5uC6XxE0i0RxF_ypfRvA5k,Hotel,True,False,True,False,7,uda di cek,9,Sedang,Sedang,1,1,0,1
Le Méridien Bali Jimbaran,4.5,2244,Jl. Bukit Permai,Badung Regency,https://www.marriott.com/en-us/hotels/dpsmd-le-meridien-bali-jimbaran/overview/?scid=f2ae0541-1279-4f24-b197-a979c79310b0,62 361 8466888,https://www.google.com/maps/search/?api=1&query=Le%20M%C3%A9ridien%20Bali%20Jimbaran&query_place_id=ChIJR6qrtoxE0i0RaPwIk5V3VO4,Hotel,True,False,True,True,18,uda di cek,21,Sangat tinggi,Tinggi,1,1,0,1
Mamaka Bali,4.5,2362,Jl. Pantai Kuta No.32,Badung Regency,https://ovolohotels.com/mamaka/?utm_source=gbp_listing&utm_medium=organic,62 361 8496500,https://www.google.com/maps/search/?api=1&query=Mamaka%20Bali&query_place_id=ChIJdSBAiMhH0i0RuEatn0PHdtM,Hotel,True,True,True,False,14,uda di cek,17,Tinggi,Tinggi,1,1,0,1
Mansu Hotel & Restaurant,4.5,222,Jl. Nakula No.7C,Denpasar City,https://www.instagram.com/mansuhotellegian?igsh=MWg4MTl4ZGhkNnFiYg==,62 813-3755-8760,https://www.google.com/maps/search/?api=1&query=Mansu%20Hotel%20%26%20Restaurant&query_place_id=ChIJs0QcPlFH0i0Ra-cstR8ollQ,Hotel,True,True,True,False,6,uda di cek,9,Sedang,Rendah,1,1,0,1
Mercure Kuta Bali,4.5,4075,Jl. Pantai Kuta Br Pande Mas 10 X,Badung Regency,https://all.accor.com/lien_externe.svlt?goto=fiche_hotel&code_hotel=3713&merchantid=seo-maps-ID-3713&sourceid=aw-cen&utm_medium=seo%20maps&utm_source=google%20Maps&utm_campaign=seo%20maps,62 361 767411,https://www.google.com/maps/search/?api=1&query=Mercure%20Kuta%20Bali&query_place_id=ChIJiRR4ZbxG0i0ROGza2u6fasU,Hotel,True,False,True,False,14,uda di cek,16,Tinggi,Tinggi,1,1,0,1
Mesari Beach Huts,4.5,59,Jl. Double Six No.17,Badung Regency,,62 822-3600-4611,https://www.google.com/maps/search/?api=1&query=Mesari%20Beach%20Huts&query_place_id=ChIJJahN7E1H0i0RNsDPw5SgFFA,Resort hotel,True,False,False,False,5,uda di cek,6,Rendah,Rendah,0,1,1,3
"Mina Pelasa Hotel, Legian",4.5,306,Jl. Batu Pageh No.02,Badung Regency,https://www.indonesiahotels.net/en/hotel/mina-pelasa-hotel.html,62 361 764406,https://www.google.com/maps/search/?api=1&query=Mina%20Pelasa%20Hotel%2C%20Legian&query_place_id=ChIJXYpvicZG0i0Rwqn_gKb76B8,Hotel,True,True,True,False,12,uda di cek,15,Tinggi,Sedang,1,1,0,1
Mirah Home Stay,4.5,2,"65JG+Q9F, Jl. Batas Kangin",Badung Regency,,,https://www.google.com/maps/search/?api=1&query=Mirah%20Home%20Stay&query_place_id=ChIJASIyv2RE0i0RL7zEWUSnQGU,Hotel,False,False,False,False,5,uda di cek,5,Rendah,Rendah,0,0,3,4
Mutiara Bali Boutique Resort Villas & Spa,4.5,700,"Jalan Braban No.77 Seminyak, Jl. Braban",Badung Regency,https://www.mutiarabali.com/,62 361 734966,https://www.google.com/maps/search/?api=1&query=Mutiara%20Bali%20Boutique%20Resort%20Villas%20%26%20Spa&query_place_id=ChIJ5YgQ0hBH0i0RH8og-xD6z64,Hotel,True,False,True,False,13,uda di cek,15,Tinggi,Tinggi,1,1,0,1
My Secret Home,4.5,104,Jl. Courtyard,Badung Regency,https://mysecrethomebali.com/,62 878-4052-5407,https://www.google.com/maps/search/?api=1&query=My%20Secret%20Home&query_place_id=ChIJSaLsMulH0i0RLxN__oabyug,Hotel,True,False,False,False,8,uda di cek,9,Sedang,Sedang,1,1,0,1
New Kubu Di Bukit,4.5,45,Jl. Penataran Agung No.04,Badung Regency,,62 821-4595-5682,https://www.google.com/maps/search/?api=1&query=New%20Kubu%20Di%20Bukit&query_place_id=ChIJEV9mpqhF0i0RO5_ez2s2KFU,Holiday apartment,True,False,False,False,4,uda di cek,5,Rendah,Rendah,0,1,1,3
"One Eleven Haven – Private Pool Villas (1–5 Bedrooms), Seminyak, Bali",4.5,158,Jl. Beraban No.63,Badung Regency,https://111resorts.com/seminyak-resort/haven/,62 361 736826,https://www.google.com/maps/search/?api=1&query=One%20Eleven%20Haven%20%E2%80%93%20Private%20Pool%20Villas%20(1%E2%80%935%20Bedrooms)%2C%20Seminyak%2C%20Bali&query_place_id=ChIJufDh0hBH0i0R7J0YuQ4-XLM,Resort hotel,True,True,True,True,12,uda di cek,16,Tinggi,Sedang,1,1,0,1
Ossotel,4.5,600,Jl. Padma Utara,Badung Regency,https://www.ossotel.com/,62 361 754122,https://www.google.com/maps/search/?api=1&query=Ossotel&query_place_id=ChIJH2yHnd1G0i0RJo6NncqSm4E,Hotel,True,True,True,True,7,uda di cek,11,Sedang,Sedang,1,1,0,1
Panorama Cottages I,4.5,158,Jl. Sriwijaya No.32,Badung Regency,,62 361 755722,https://www.google.com/maps/search/?api=1&query=Panorama%20Cottages%20I&query_place_id=ChIJ0Qd4xsVG0i0RdbGlqyBeiaI,Hotel,False,False,True,False,8,uda di cek,9,Sedang,Sedang,0,1,1,3
Paradisus by Meliá Bali,4.5,5062,"Kawasan Pariwisata, Lot N1, Jl. ITDC Nusa Dua Lot BC",Badung Regency,https://www.melia.com/en/hotels/indonesia/bali/melia-bali?utm_campaign=google&utm_content=5701&utm_medium=organic&utm_source=directories,62 361 771510,https://www.google.com/maps/search/?api=1&query=Paradisus%20by%20Meli%C3%A1%20Bali&query_place_id=ChIJg9Sb1iVD0i0ROW3yfiS-MJ0,Hotel,True,False,True,True,12,uda di cek,15,Tinggi,Sedang,1,1,0,1
Pondok Arta Guest House,4.5,47,Jl. Majapahit Jl. Suli No.11,Badung Regency,,62 812-3926-914,https://www.google.com/maps/search/?api=1&query=Pondok%20Arta%20Guest%20House&query_place_id=ChIJES7vvLBG0i0RRqBjoW8SqhA,Hotel,False,False,False,False,1,uda di cek,1,Rendah,Rendah,0,1,1,3
Pradhana Residence,4.5,99,Gg. Soka No.III B,Badung Regency,,62 811-535-588,https://www.google.com/maps/search/?api=1&query=Pradhana%20Residence&query_place_id=ChIJTX_00NxF0i0R0vmKpDtmWCY,Guest house,False,True,True,False,5,uda di cek,7,Sedang,Rendah,0,1,1,3
PrimeBiz Hotel Kuta,4.5,2695,Jl. Raya Kuta No.66,Badung Regency,http://pbku.pphotels.com/,62 361 8469766,https://www.google.com/maps/search/?api=1&query=PrimeBiz%20Hotel%20Kuta&query_place_id=ChIJ8WitRLZG0i0RwZ_P6-w2a1c,Hotel,True,False,True,False,10,uda di cek,12,Sedang,Sedang,1,1,0,1
Puri Cendana Resort - Bali,4.5,349,Jl. Camplung Tanduk,Badung Regency,http://www.puricendanaresortbali.com/,62 361 732947,https://www.google.com/maps/search/?api=1&query=Puri%20Cendana%20Resort%20-%20Bali&query_place_id=ChIJe71_XB5H0i0RT04Rr4sG-aw,Hotel,True,True,True,True,13,uda di cek,17,Tinggi,Tinggi,1,1,0,1
Puri Dewi Sri Hotel,4.5,4,75MF+GMJ,Badung Regency,,62 361 761955,https://www.google.com/maps/search/?api=1&query=Puri%20Dewi%20Sri%20Hotel&query_place_id=ChIJtSRqrblG0i0RSmjO5291KDU,Hotel,False,False,False,False,6,uda di cek,6,Rendah,Rendah,0,1,1,3
Rama Beach Resort & Villas,4.5,1892,Jl. Wana Segara No.31,Badung Regency,https://www.ramabeachhotel.com/,62 361 751557,https://www.google.com/maps/search/?api=1&query=Rama%20Beach%20Resort%20%26%20Villas&query_place_id=ChIJh2QDLCBE0i0RPyZrt2xPn3I,Hotel,True,False,True,True,12,uda di cek,15,Tinggi,Sedang,1,1,0,1
Ramayana Suites & Resort,4.5,3412,"75GC+3P9, Jl. Bakung Sari",Badung Regency,http://www.ramayanasuiteskuta.com/,62 361 751864,https://www.google.com/maps/search/?api=1&query=Ramayana%20Suites%20%26%20Resort&query_place_id=ChIJCwxCpKRG0i0RsxoRfJoCrXY,Hotel,True,False,True,False,13,uda di cek,15,Tinggi,Tinggi,1,1,0,1
Rhadana Kuta Bali,4.5,1816,Jl. Raya Kuta No.88,Badung Regency,http://www.rhadana.com/,62 361 755264,https://www.google.com/maps/search/?api=1&query=Rhadana%20Kuta%20Bali&query_place_id=ChIJ4S3GzLZG0i0RKiBKQTPVrQY,Hotel,True,True,True,False,12,uda di cek,15,Tinggi,Sedang,1,1,0,1
Anam Bali Hospitality,4.5,93,Jl. Bali Deli No.15,Badung Regency,https://www.anambalihospitality.com/room-and-vespa-3,62 851-3666-6030,https://www.google.com/maps/search/?api=1&query=Room%20%26%20Vespa%203&query_place_id=ChIJc5kGmCNH0i0RYQ4-ZkjQNtA,Hotel,True,False,True,False,4,uda di cek,6,Rendah,Rendah,1,1,0,1
Sadara Resort,4.5,2420,"Tanjung Benoa, Jl. Pratama",Badung Regency,http://sadararesort.com/,62 361 772010,https://www.google.com/maps/search/?api=1&query=Sadara%20Resort&query_place_id=ChIJvTA166dD0i0R7kI5ISeK5MM,Resort hotel,True,False,True,True,17,uda di cek,20,Sangat tinggi,Tinggi,1,1,0,1
Samaja Villas Kunti,4.5,483,Jl. Kunti II No.18,Badung Regency,http://www.samajavillaskunti.com/,62 361 8499449,https://www.google.com/maps/search/?api=1&query=Samaja%20Villas%20Kunti&query_place_id=ChIJg94omyZH0i0RfPvnhG0FumY,Villa,True,False,True,False,11,uda di cek,13,Tinggi,Sedang,1,1,0,1
Sandat Hotel Legian,4.5,830,Jln Legian No.120,Badung Regency,https://sandathotellegian.com/,62 821-4740-3865,https://www.google.com/maps/search/?api=1&query=Sandat%20Hotel%20Legian&query_place_id=ChIJZ8uxJbpG0i0RqsEwVZfwnCw,Hotel,True,True,True,False,13,uda di cek,16,Tinggi,Tinggi,1,1,0,1
Saris Hotel Kuta,4.5,158,Jln. Raya Kuta No.384 - Tuban,Badung Regency,,62 361 4754666,https://www.google.com/maps/search/?api=1&query=Saris%20Hotel%20Kuta&query_place_id=ChIJ6ZIq_qVG0i0RBZ121tFVqTk,Hotel,True,False,True,True,7,uda di cek,10,Sedang,Sedang,0,1,1,3
Sevn Legian,4.5,2709,Jl. Padma Utara,Badung Regency,https://sevnlegian.com/,62 361 760300,https://www.google.com/maps/search/?api=1&query=Sevn%20Legian&query_place_id=ChIJBwjGC91G0i0RhbZBVH_189g,Hotel,True,True,True,True,8,uda di cek,12,Sedang,Sedang,1,1,0,1
Shanti Estate Seminyak by Nakula,4.5,19,Jl. Drupadi No.4,Badung Regency,https://shantiestateseminyak.com/,62 361 738999,https://www.google.com/maps/search/?api=1&query=Shanti%20Estate%20Seminyak%20by%20Nakula&query_place_id=ChIJt8TA3nFE0i0RRi9qeTOw_wA,Hotel,True,False,False,False,10,uda di cek,11,Sedang,Sedang,1,1,0,1
Stellar Capsules Seminyak,4.5,262,"8577+JGJ, Gg. Kahyangan No.4",Badung Regency,https://www.hotelsinseminyak.com/stellar-capsules/,62 818-0480-9809,https://www.google.com/maps/search/?api=1&query=Stellar%20Capsules%20Seminyak&query_place_id=ChIJ4Tg1Z1dH0i0RzJkio7hFzvo,Hostel,True,False,True,False,9,uda di cek,11,Sedang,Sedang,1,1,0,1
Sulis Beach Hotel & Spa,4.5,1484,Jl. Jenggala,Badung Regency,http://www.sulishotelbali.com/,62 361 765333,https://www.google.com/maps/search/?api=1&query=Sulis%20Beach%20Hotel%20%26%20Spa&query_place_id=ChIJA43JKyBE0i0RrHuTaegoheI,Hotel,True,False,True,False,18,uda di cek,20,Sangat tinggi,Tinggi,1,1,0,1
Taksu Sanur Hotel,4.5,1132,Jl. Sudamala No.26,Denpasar City,http://www.taksusanur.com/,62 361 283401,https://www.google.com/maps/search/?api=1&query=Taksu%20Sanur%20Hotel&query_place_id=ChIJg_UKXL5B0i0RG1yXu705PfM,Hotel,True,True,True,True,17,uda di cek,21,Sangat tinggi,Tinggi,1,1,0,1
The Arnaya Villa,4.5,64,Jl. Merdeka Raya X No.1,Badung Regency,,62 812-3394-7724,https://www.google.com/maps/search/?api=1&query=The%20Arnaya%20Villa&query_place_id=ChIJc3K2HspG0i0R0DCRE0yJZ70,Hotel,True,False,True,True,11,uda di cek,14,Tinggi,Sedang,0,1,1,3
THE BALI BLISS VILLA,4.5,115,Jl. Dewi Saraswati III No.8,Badung Regency,,62 361 737651,https://www.google.com/maps/search/?api=1&query=THE%20BALI%20BLISS%20VILLA&query_place_id=ChIJu_dyySVH0i0RIq63dZ2Rg0U,Hotel,True,True,True,False,13,uda di cek,16,Tinggi,Tinggi,0,1,1,3
The Kana Kuta Hotel,4.5,1293,Jl. Setiabudi No.8,Badung Regency,http://www.thekanakuta.com/,62 361 8496100,https://www.google.com/maps/search/?api=1&query=The%20Kana%20Kuta%20Hotel&query_place_id=ChIJr6VhdLFG0i0R676LcZ-Qab4,Hotel,True,True,True,False,14,uda di cek,17,Tinggi,Tinggi,1,1,0,1
The Magani Hotel and Spa,4.5,1104,Jl. Melasti,Badung Regency,https://www.themagani.com/,62 361 765188,https://www.google.com/maps/search/?api=1&query=The%20Magani%20Hotel%20and%20Spa&query_place_id=ChIJcaqH4sNG0i0RDXzjmWVESDI,Hotel,True,True,True,False,11,uda di cek,14,Tinggi,Sedang,1,1,0,1
The ONE Legian,4.5,7730,Jln Legian No.117,Badung Regency,http://www.theonelegian.com/,62 361 3001101,https://www.google.com/maps/search/?api=1&query=The%20ONE%20Legian&query_place_id=ChIJQ2IOhLhG0i0RP1ml16E74Uw,Hotel,True,True,True,False,15,uda di cek,18,Tinggi,Tinggi,1,1,0,1
The Royal Beach Seminyak Bali,4.5,864,Jl. Camplung Tanduk No.1,Badung Regency,http://www.theroyalbeachseminyakbali.com/,62 361 730730,https://www.google.com/maps/search/?api=1&query=The%20Royal%20Beach%20Seminyak%20Bali&query_place_id=ChIJmWPDnHVH0i0R-Xl0BoCFHf0,Hotel,True,False,True,False,9,uda di cek,11,Sedang,Sedang,1,1,0,1
"The Sakaye, Luxury Villas & Spa.",4.5,294,Jl. Dewi Sri No.101,Badung Regency,http://www.thesakaye.com/,62 361 9344999,https://www.google.com/maps/search/?api=1&query=The%20Sakaye%2C%20Luxury%20Villas%20%26%20Spa.&query_place_id=ChIJJVuyJB9H0i0Rdad6TQdo9dQ,Hotel,True,True,True,False,10,uda di cek,13,Tinggi,Sedang,1,1,0,1
The Tukad Villa,4.5,389,Jl. Beji Ayu VI No.8,Badung Regency,http://www.thetukadvilla.com/,62 361 4741300,https://www.google.com/maps/search/?api=1&query=The%20Tukad%20Villa&query_place_id=ChIJpTwevNdG0i0RsnH4y3P4vx0,Villa,True,False,True,False,9,uda di cek,11,Sedang,Sedang,1,1,0,1
The Vie Villa,4.5,116,Jl. Nakula 5 No.8x,Badung Regency,,62 812-8417-8889,https://www.google.com/maps/search/?api=1&query=The%20Vie%20Villa&query_place_id=ChIJbRBnfdlG0i0RaE-KDany3Mk,Villa,True,True,True,False,9,uda di cek,12,Sedang,Sedang,0,1,1,3
The Vira Bali Boutique Hotel & Suite,4.5,1150,Jl. Kartika Plaza No.127,Badung Regency,https://awanngroup.com/thevirabali/,62 361 765700,https://www.google.com/maps/search/?api=1&query=The%20Vira%20Bali%20Boutique%20Hotel%20%26%20Suite&query_place_id=ChIJefVGxaFG0i0Rgft2KkkThzI,Hotel,True,True,True,True,8,uda di cek,12,Sedang,Sedang,1,1,0,1
The Wolas Villa and Spa,4.5,445,Jl. Yudistira No.18,Badung Regency,http://www.thewolasvillas.com/,,https://www.google.com/maps/search/?api=1&query=The%20Wolas%20Villa%20and%20Spa&query_place_id=ChIJ7cTl-SJH0i0RWa_UXjp0RIA,Villa,True,False,True,False,8,uda di cek,10,Sedang,Sedang,1,0,2,2
Tijili Hotel Seminyak,4.5,1839,Jl. Drupadi No.9,Badung Regency,https://tijilihotels.com/seminyak/,62 361 9597029,https://www.google.com/maps/search/?api=1&query=Tijili%20Hotel%20Seminyak&query_place_id=ChIJ00QsVh5H0i0RMOBis9p0qew,Hotel,True,True,True,True,9,uda di cek,13,Tinggi,Sedang,1,1,0,1
Total Bali,4.5,51,"B1, Pertokoan Nakula Plaza, Jl. Nakula",Badung Regency,http://www.totalbali.com/,62 813-3864-8034,https://www.google.com/maps/search/?api=1&query=Total%20Bali&query_place_id=ChIJg-_5AtFG0i0Rq8H7q3rCo5o,Lodging,True,False,True,False,3,uda di cek,5,Rendah,Rendah,1,1,0,1
TRIBE Bali Kuta Beach,4.5,1136,Jl. Pantai Kuta No.99,Badung Regency,https://all.accor.com/lien_externe.svlt?goto=fiche_hotel&code_hotel=B777&merchantid=seo-maps-ID-B777&sourceid=aw-cen&utm_medium=seo%20maps&utm_source=google%20Maps&utm_campaign=seo%20maps,62 361 2090730,https://www.google.com/maps/search/?api=1&query=TRIBE%20Bali%20Kuta%20Beach&query_place_id=ChIJ_SZCBBJH0i0RNqIcpVLSlVA,Hotel,True,True,True,False,15,uda di cek,18,Tinggi,Tinggi,1,1,0,1
TS Suites,4.5,2052,Jl. Nakula No.18,Badung Regency,http://tssuites.com/bali,62 361 8469222,https://www.google.com/maps/search/?api=1&query=TS%20Suites&query_place_id=ChIJyaecyt5G0i0RCCemhMxoGsU,Hotel,True,True,True,False,12,uda di cek,15,Tinggi,Sedang,1,1,0,1
Ulu Segara Luxury Suites & Villas,4.5,743,Jl. Raya Nusa Dua Selatan,Badung Regency,https://ulusegara.com/,62 361 8468188,https://www.google.com/maps/search/?api=1&query=Ulu%20Segara%20Luxury%20Suites%20%26%20Villas&query_place_id=ChIJ3-R1AixD0i0RHYkIPOgXP0I,Resort hotel,True,True,True,False,16,uda di cek,19,Sangat tinggi,Tinggi,1,1,0,1
Villa Bulan Bali,4.5,98,Jl. Petasikan Gang Lemu No.1,Badung Regency,http://www.villabulanbali.com/,62 813-3896-3097,https://www.google.com/maps/search/?api=1&query=Villa%20Bulan%20Bali&query_place_id=ChIJa3TGMKJD0i0RDB7KFT9tdOc,Villa,True,True,True,False,8,uda di cek,11,Sedang,Sedang,1,1,0,1
Villa Hanani,4.5,62,Jl. Yoga Perkanthi No.4,Badung Regency,http://www.villahanani.co.id/,62 361 702011,https://www.google.com/maps/search/?api=1&query=Villa%20Hanani&query_place_id=ChIJWbuhqWFE0i0RbjbAjMjK4_Q,Hotel,True,False,True,False,10,uda di cek,12,Sedang,Sedang,1,1,0,1
Villa Isabella Seminyak,4.5,15,Jl. Kunti II,Badung Regency,http://mavibalirentals.com/products/villa-isabella,62 878-0182-8953,https://www.google.com/maps/search/?api=1&query=Villa%20Isabella%20Seminyak&query_place_id=ChIJm_gmNwBH0i0R9y9XI79f_BQ,Villa,True,True,True,False,12,uda di cek,15,Tinggi,Sedang,1,1,0,1
Villa Kubu Seminyak,4.5,318,Jl. Plawa Gg. Ratna,Badung Regency,https://www.kubuvillasseminyak.com/,62 857-8376-6553,https://www.google.com/maps/search/?api=1&query=Villa%20Kubu%20Seminyak&query_place_id=ChIJo1KDqyBH0i0R0Xod4JpLzHc,Villa,True,False,True,True,11,uda di cek,14,Tinggi,Sedang,1,1,0,1
Villa Mahalini 3 Kayu Aya,4.5,20,Jl. Kayu Aya No.12X,Badung Regency,https://bit.ly/2ro4eJe,62 857-9234-1434,https://www.google.com/maps/search/?api=1&query=Villa%20Mahalini%203%20Kayu%20Aya&query_place_id=ChIJSUVbXhdH0i0RvY3DjAWZBvk,Hotel,True,False,False,False,7,uda di cek,8,Sedang,Sedang,1,1,0,1
Watermark Hotel & Spa Bali - Jimbaran,4.5,1796,Uluwatu St No.88,Badung Regency,https://www.watermark-bali.com/,62 361 4725100,https://www.google.com/maps/search/?api=1&query=Watermark%20Hotel%20%26%20Spa%20Bali%20-%20Jimbaran&query_place_id=ChIJldCYN25E0i0RcLRz2I12f9g,Hotel,False,False,False,False,10,uda di cek,10,Sedang,Sedang,1,1,0,1
You Suite Seminyak,4.5,115,Jl. Kresna No.41,Badung Regency,https://www.yousuiteseminyak.com/,62 823-2288-7773,https://www.google.com/maps/search/?api=1&query=You%20Suite%20Seminyak&query_place_id=ChIJ1RcsN_FH0i0RQjor7Qlwdl0,Hotel,True,False,False,False,10,uda di cek,11,Sedang,Sedang,1,1,0,1
ZEN Rooms Kuta Kubu Anyar 1,4.5,15,Jalan Kubu Anyar 1 No.20,Badung Regency,https://www.zenrooms.com/hotel/9/zen-rooms-kuta-kubu-anyar-1-bali-958?utm_source=local&utm_medium=organic&utm_campaign=gmb,,https://www.google.com/maps/search/?api=1&query=ZEN%20Rooms%20Kuta%20Kubu%20Anyar%201&query_place_id=ChIJDYhvC6VG0i0R0RGwRFhuhZg,Hotel,True,False,True,False,3,uda di cek,5,Rendah,Rendah,1,0,2,2
Ahimsa Beach,4.6,156,Jl. Yoga Perkanthi No.2,Badung Regency,http://www.theahimsa.com/,62 361 701999,https://www.google.com/maps/search/?api=1&query=Ahimsa%20Beach&query_place_id=ChIJ65F6j2FE0i0RhjSfKt6uIEE,Hotel,True,False,True,True,4,uda di cek,7,Sedang,Rendah,1,1,0,1
Aman Villas at Nusa Dua,4.6,231,Jl. Nusa Dua,Badung Regency,https://www.aman.com/villas/aman-villas-at-nusa-dua?utm_source=Google&utm_medium=Yext&y_source=1_MTU3MDczOTctNzE1LWxvY2F0aW9uLndlYnNpdGU%3D,62 361 8468585,https://www.google.com/maps/search/?api=1&query=Aman%20Villas%20at%20Nusa%20Dua&query_place_id=ChIJDRmSQI090i0RGhxuiaqKElk,Hotel,True,True,True,True,2,uda di cek,6,Rendah,Rendah,1,1,0,1
Anantara Vacation Club Legian Bali,4.6,324,"Beach, Jl. Pantai, Jl. Arjuna Jl. Double Six No.18",Badung Regency,https://www.anantara.com/en/vacation-club-bali?utm_source=GoogleMyBusiness&utm_medium=GMB&utm_term=Legian&utm_content=Home&utm_campaign=Google_GMB,62 361 764262,https://www.google.com/maps/search/?api=1&query=Anantara%20Vacation%20Club%20Legian%20Bali&query_place_id=ChIJVbxsNedG0i0RFVlFlJm-pl8,Hotel,True,False,True,False,6,uda di cek,8,Sedang,Rendah,1,1,0,1
"Andaz Bali, by Hyatt",4.6,1601,Jl. Danau Tamblingan No.89a,Denpasar City,https://www.hyatt.com/andaz/en-US/dpsaz-andaz-bali?src=corp_lclb_google_seo_dpsaz&utm_source=google&utm_medium=organic&utm_campaign=lmr,62 361 3201234,https://www.google.com/maps/search/?api=1&query=Andaz%20Bali%2C%20by%20Hyatt&query_place_id=ChIJB-uVJb1B0i0RqkzXI3A1-hI,Hotel,True,True,True,False,5,uda di cek,8,Sedang,Rendah,1,1,0,1
Arana Suite,4.6,359,Jl. Dewi Ratih No.5,Badung Regency,http://www.aranasuite.com/,62 361 730053,https://www.google.com/maps/search/?api=1&query=Arana%20Suite&query_place_id=ChIJP07qN9pG0i0RGaicMRqmOyY,Hotel,True,False,True,False,11,uda di cek,13,Tinggi,Sedang,1,1,0,1
Arnaya Homestay,4.6,515,Jl. Kartika Plaza Gg. Puspa Ayu,Badung Regency,,62 812-3870-4933,https://www.google.com/maps/search/?api=1&query=Arnaya%20Homestay&query_place_id=ChIJEyfAEvVH0i0RK14JTt92FCw,Homestay,True,False,False,False,7,uda di cek,8,Sedang,Sedang,0,1,1,3
Aston Kuta Hotel & Residence,4.6,6269,Jl. Wana Segara No.2,Badung Regency,https://www.astonhotelsinternational.com/en/hotel/view/21/aston-kuta-hotel---residence,62 361 754999,https://www.google.com/maps/search/?api=1&query=Aston%20Kuta%20Hotel%20%26%20Residence&query_place_id=ChIJ-T6lj0db0i0RKyLly-TVXvg,Hotel,True,True,True,True,13,uda di cek,17,Tinggi,Tinggi,1,1,0,1
Avani Seminyak Bali Resort,4.6,527,Jl. Drupadi No.28,Badung Regency,https://www.avanihotels.com/seminyak-bali?utm_source=GoogleMyBusiness&utm_medium=GMB&utm_term=AVSeminyak&utm_content=Home&utm_campaign=Google_GMB,62 361 737908,https://www.google.com/maps/search/?api=1&query=Avani%20Seminyak%20Bali%20Resort&query_place_id=ChIJlc0noRhH0i0RM_ywtU_bFlg,Resort hotel,True,False,True,False,12,uda di cek,14,Tinggi,Sedang,1,1,0,1
AYANA Segara Bali,4.6,625,Jl. Karang Mas Sejahtera,Badung Regency,https://www.ayana.com/bali/ayana-segara/,62 361 702222,https://www.google.com/maps/search/?api=1&query=AYANA%20Segara%20Bali&query_place_id=ChIJ0-vr6ZFF0i0RKjR3YIs9too,Resort hotel,True,True,True,True,9,uda di cek,13,Tinggi,Sedang,1,1,0,1
AYANA Villas Bali,4.6,589,"Jl. Karang Mas Sejahtera, Jimbaran, Kuta Selatan, Jimbaran Kuta Selatan",Badung Regency,https://www.ayana.com/bali/the-villas-at-ayana/,62 361 702222,https://www.google.com/maps/search/?api=1&query=AYANA%20Villas%20Bali&query_place_id=ChIJe2lg4gJF0i0Rl_8LzZd5b4I,Hotel,True,True,True,True,9,uda di cek,13,Tinggi,Sedang,1,1,0,1
Bali Bustle Coworking and Coliving Space Bali,4.6,460,"Bali Bustle, Jl. Dewi Sri II No.23",Badung Regency,https://balibustle.com/,62 878-6182-9035,https://www.google.com/maps/search/?api=1&query=Bali%20Bustle%20Coworking%20and%20Coliving%20Space%20Bali&query_place_id=ChIJ_8ZN7HlH0i0R9SVLx2VoD3M,Hotel,True,True,False,True,4,uda di cek,7,Sedang,Rendah,1,1,0,1
Bali Bustle Pararaton Coworking and Coliving Space,4.6,134,Jl. Pararaton Utama No.8,Badung Regency,https://balibustle.com/pararaton/,62 877-5470-4155,https://www.google.com/maps/search/?api=1&query=Bali%20Bustle%20Pararaton%20Coworking%20and%20Coliving%20Space&query_place_id=ChIJzUe1XvZH0i0RYuVuMiL4pmw,Coworking space,True,True,False,True,4,uda di cek,7,Sedang,Rendah,1,1,0,1
Bali Mandira Beach Resort & Spa,4.6,2807,Jl. Padma No.2,Badung Regency,https://www.balimandira.com/,62 361 751381,https://www.google.com/maps/search/?api=1&query=Bali%20Mandira%20Beach%20Resort%20%26%20Spa&query_place_id=ChIJOVOWWMJG0i0R7u3pb1w7WBU,Resort hotel,True,True,True,True,8,uda di cek,12,Sedang,Sedang,1,1,0,1
Balquisse Heritage Hotel,4.6,531,Uluwatu St No.18X,Badung Regency,https://www.balquisse.com/,62 811-3990-120,https://www.google.com/maps/search/?api=1&query=Balquisse%20Heritage%20Hotel&query_place_id=ChIJr2r8JopE0i0RhuZRpDpbZ4g,Hotel,True,True,True,True,11,uda di cek,15,Tinggi,Sedang,1,1,0,1
Beautiful Bali Villas,4.6,487,Jl. Padma Tim. No.16,Badung Regency,https://www.beautifulbalivillas.com/,62 361 759247,https://www.google.com/maps/search/?api=1&query=Beautiful%20Bali%20Villas&query_place_id=ChIJMzRilsRG0i0RaoXgvnsyELM,Villa,True,True,False,False,5,uda di cek,7,Sedang,Rendah,1,1,0,1
Blu-Zea Resort by Double-Six,4.6,1429,,,,(0361) 730573,https://www.google.com/maps/search/?api=1&query=Blu-Zea%20Resort%20by%20Double-Six&query_place_id=ChIJx6BJIcZG0i0RtIyDrVEoxJI,Resort hotel,True,False,True,False,13,uda di cek,15,Tinggi,Tinggi,0,1,1,3
Blue Lagoon Kuta Bali,4.6,16,Jl. Nyangnyang Sari Gang.VI No.21A,Badung Regency,https://abnb.me/jBnT4L4rlqb,,https://www.google.com/maps/search/?api=1&query=Blue%20Lagoon%20Kuta%20Bali&query_place_id=ChIJ0_sMJUVF0i0RoU0g6rRJ5qA,Villa,True,False,False,False,8,uda di cek,9,Sedang,Sedang,1,0,2,2
Breezy Point Villas,4.6,71,"Gang Bluntas 2, Jalan Kemuning Sawangan",Badung Regency,http://www.breezypointvillas.com/,62 813-9461-9777,https://www.google.com/maps/search/?api=1&query=Breezy%20Point%20Villas&query_place_id=ChIJPzVhGsdc0i0R0krNU_KA-Gs,Villa,True,False,True,False,8,uda di cek,10,Sedang,Sedang,1,1,0,1
Brits Hotel Kuta Legian,4.6,3646,Jl. Sunset Road No.150,Badung Regency,https://www.britshotellegian.com/,62 361 4727277,https://www.google.com/maps/search/?api=1&query=Brits%20Hotel%20Kuta%20Legian&query_place_id=ChIJIQ--w9lG0i0RWA-zzw5yFgQ,Hotel,True,True,True,False,8,uda di cek,11,Sedang,Sedang,1,1,0,1
Courtyard by Marriott Bali Nusa Dua Resort,4.6,4084,Kawasan Pariwisata Jalan Nusa Dua Lot SW1,Bali,https://www.marriott.com/en-us/hotels/dpscy-courtyard-bali-nusa-dua-resort/overview/?scid=f2ae0541-1279-4f24-b197-a979c79310b0,62 361 3003888,https://www.google.com/maps/search/?api=1&query=Courtyard%20by%20Marriott%20Bali%20Nusa%20Dua%20Resort&query_place_id=ChIJ2QKoMiZD0i0R8zeMlH3mCp0,Hotel,True,True,True,False,18,uda di cek,21,Sangat tinggi,Tinggi,1,1,0,1
D'Sriwing Villa Gallery,4.6,110,"75P9+6R2, Jl. Pantai Kuta",Badung Regency,,62 361 751396,https://www.google.com/maps/search/?api=1&query=D'Sriwing%20Villa%20Gallery&query_place_id=ChIJH537wsBG0i0R4w5BTnxcbh4,Hotel,False,False,True,False,13,uda di cek,14,Tinggi,Tinggi,0,1,1,3
Da Housetel Kuta,4.6,458,Jl. Merdeka Raya VI,Badung Regency,http://www.instagram.com/da_housetel,62 813-3622-4009,https://www.google.com/maps/search/?api=1&query=Da%20Housetel%20Kuta&query_place_id=ChIJa-5KZctG0i0RtXr2zY1u_bE,Hostel,True,True,True,False,11,uda di cek,14,Tinggi,Sedang,1,1,0,1
Desamuda Village,4.6,748,Jl. Raya Basangkasa No.30A,Badung Regency,https://booking.pertamastay.com/en/offers?hotel=DSMD,62 361 733088,https://www.google.com/maps/search/?api=1&query=Desamuda%20Village&query_place_id=ChIJMZJ1UCJH0i0R7CBjh76kPK4,Hotel,True,True,True,True,7,uda di cek,11,Sedang,Sedang,1,1,0,1
Episode Kuta Bali,4.6,3917,Jl. Bypass Ngurah Rai No.99,Badung Regency,https://episodekutabali.jhlcollections.com/en?utm_source=google&utm_medium=gmb&utm_campaign=gmb_ekb_bali,62 361 8948999,https://www.google.com/maps/search/?api=1&query=Episode%20Kuta%20Bali&query_place_id=ChIJE-saarJG0i0RIqEvzkWC_QY,Hotel,True,True,True,False,11,uda di cek,14,Tinggi,Sedang,1,1,0,1
Fairfield by Marriott Bali Kuta Sunset Road,4.6,2102,Jl. Merdeka Raya No.Vii,Badung Regency,https://www.marriott.com/en-us/hotels/dpsfb-fairfield-bali-kuta-sunset-road/overview/?scid=f2ae0541-1279-4f24-b197-a979c79310b0,62 361 2099100,https://www.google.com/maps/search/?api=1&query=Fairfield%20by%20Marriott%20Bali%20Kuta%20Sunset%20Road&query_place_id=ChIJ7WLIJPyF0S0RkTIAUhMOAus,Hotel,True,True,True,False,15,uda di cek,18,Tinggi,Tinggi,1,1,0,1
favehotel - Kuta Kartika Plaza,4.6,3871,Jl. Kartika Plaza No.45X,Badung Regency,https://www.favehotels.com/en/hotel/view/48/favehotel-kuta-kartika-plaza,62 361 4727799,https://www.google.com/maps/search/?api=1&query=favehotel%20-%20Kuta%20Kartika%20Plaza&query_place_id=ChIJQVBqmaFG0i0RVNWBstf500U,Hotel,True,False,True,False,12,uda di cek,14,Tinggi,Sedang,1,1,0,1
Gahana Bali Villas Seminyak,4.6,60,Jl. Yudistira No.10.A,Badung Regency,https://gahanabalivillas.com/,62 817-9788-003,https://www.google.com/maps/search/?api=1&query=Gahana%20Bali%20Villas%20Seminyak&query_place_id=ChIJOYNMkilH0i0R8_4nmRfGRBE,Villa,True,True,False,False,7,uda di cek,9,Sedang,Sedang,1,1,0,1
Gaing Mas Jimbaran Villas by Gaing Mas Group,4.6,272,Jl. Bypass Ngurah Rai Gg. Tegal Mas No.8,Badung Regency,http://www.gaingmasgroups.com/,62 361 4724919,https://www.google.com/maps/search/?api=1&query=Gaing%20Mas%20Jimbaran%20Villas%20by%20Gaing%20Mas%20Group&query_place_id=ChIJB7HNrtVF0i0RqyLTGCxRqso,Hotel,True,True,False,True,8,uda di cek,11,Sedang,Sedang,1,1,0,1
Grand Zuri Hotels Kuta - Bali,4.6,6003,Jl. Raya Kuta No.81,Badung Regency,http://www.zhmhotels.com/hotel/grand-zuri-kuta-bali/,62 361 8496655,https://www.google.com/maps/search/?api=1&query=Grand%20Zuri%20Hotels%20Kuta%20-%20Bali&query_place_id=ChIJP7Q-FMlG0i0REst8u9F5BYA,Hotel,True,True,True,False,13,uda di cek,16,Tinggi,Tinggi,1,1,0,1
Grandmas Plus Hotel Airport,4.6,3627,Jl. Bypass Ngurah Rai No.99,Badung Regency,https://www.grandmashotel.com/airport,62 361 760319,https://www.google.com/maps/search/?api=1&query=Grandmas%20Plus%20Hotel%20Airport&query_place_id=ChIJO59oR2ND0i0R89zlLB8fkOc,Hotel,True,True,True,True,9,uda di cek,13,Tinggi,Sedang,1,1,0,1
Hard Rock Hotel Bali,4.6,9895,Jl. Pantai Kuta,Badung Regency,https://hotel.hardrock.com/bali/?utm_source=gmb&utm_medium=link&utm_campaign=gmb_hotel_listing,62 361 761869,https://www.google.com/maps/search/?api=1&query=Hard%20Rock%20Hotel%20Bali&query_place_id=ChIJ4yjNZrxG0i0R1wrn2LzJ6hA,Hotel,True,True,True,True,15,uda di cek,19,Sangat tinggi,Tinggi,1,1,0,1
Hilton Bali Resort,4.6,10631,Jl. Raya Nusa Dua Selatan,Badung Regency,https://www.hilton.com/en/hotels/dpsbahi-hilton-bali-resort/?SEO_id=GMB-APAC-HI-DPSBAHI,62 361 773377,https://www.google.com/maps/search/?api=1&query=Hilton%20Bali%20Resort&query_place_id=ChIJASohYcZc0i0RdnXPUHNg12M,Resort hotel,True,False,True,False,12,uda di cek,14,Tinggi,Sedang,1,1,0,1
Hola seminyak,4.6,100,Gg. Sri Darma No.9,Badung Regency,https://www.holaseminyakbali.com/en/reservation,,https://www.google.com/maps/search/?api=1&query=Hola%20seminyak&query_place_id=ChIJ9XOhTABH0i0Rcu2bG9eeMNY,Hotel,True,False,True,False,7,uda di cek,9,Sedang,Sedang,1,0,2,2
Holiday Inn Express Bali Sunset Road by IHG,4.6,205,Jl. Sunset Road No.99X,Bali,https://www.ihg.com/holidayinnexpress/hotels/us/en/bali/dpssr/hoteldetail?cm_mmc=GoogleMaps-_-EX-_-ID-_-DPSSR,62 819-1087-9157,https://www.google.com/maps/search/?api=1&query=Holiday%20Inn%20Express%20Bali%20Sunset%20Road%20by%20IHG&query_place_id=ChIJrUvN61tH0i0RQjeZK1Q4BRM,Hotel,True,False,True,False,13,uda di cek,15,Tinggi,Tinggi,1,1,0,1
Hotel Neo+ Kuta Legian,4.6,5341,Jl. Legian Gg. Troppozone No.8,Badung Regency,https://www.neohotels.com/en/hotel/view/24/hotel-neo--kuta--legian,62 361 8499666,https://www.google.com/maps/search/?api=1&query=Hotel%20Neo%2B%20Kuta%20Legian&query_place_id=ChIJv42MwLlG0i0RLwor367fsVk,Hotel,True,True,True,False,13,uda di cek,16,Tinggi,Tinggi,1,1,0,1
Hotel Puri Tempo Doeloe,4.6,340,Jl. Bypass Ngurah Rai No.209,Denpasar City,https://puritempodoeloesanur.com/offers/,62 361 4721415,https://www.google.com/maps/search/?api=1&query=Hotel%20Puri%20Tempo%20Doeloe&query_place_id=ChIJmzm6KBhE0i0Rj_9lkwNvDf0,Hotel,True,False,True,False,8,uda di cek,10,Sedang,Sedang,1,1,0,1
Janji INN,4.6,67,Jl. Bunut Sari Gg. Janji No.7,Badung Regency,,62 361 753328,https://www.google.com/maps/search/?api=1&query=Janji%20INN&query_place_id=ChIJF6PYVMRG0i0Rxv0ZLU0ak3o,Hotel,False,False,True,False,5,uda di cek,6,Rendah,Rendah,0,1,1,3
Kuta Heritage Residence,4.6,129,Jl. Setia Budi Gg. Jangkong Sari,Badung Regency,https://kutaheritageresidence.com/,62 878-1168-8999,https://www.google.com/maps/search/?api=1&query=Kuta%20Heritage%20Residence&query_place_id=ChIJI54ptLFG0i0Ronsq5xxh30w,Hostel,True,False,False,False,2,uda di cek,3,Rendah,Rendah,1,1,0,1
Le Jardin Villas Seminyak,4.6,351,Jl. Sarinande No.7,Badung Regency,http://www.lejardinvillas.com/,62 818-0623-0000,https://www.google.com/maps/search/?api=1&query=Le%20Jardin%20Villas%20Seminyak&query_place_id=ChIJKTpkWh5H0i0RK7Fg7kH4DKA,Hotel,True,False,True,False,10,uda di cek,12,Sedang,Sedang,1,1,0,1
MAN Resort,4.6,324,Jl. Padma Utara Gg. Bujangga No.8,Badung Regency,https://www.manresort.com/,62 361 8469522,https://www.google.com/maps/search/?api=1&query=MAN%20Resort&query_place_id=ChIJy8NjWtxG0i0ReNs5IucLDnU,Resort hotel,True,True,True,False,2,uda di cek,5,Rendah,Rendah,1,1,0,1
Mango Tree Villas,4.6,64,Jl. Pemelisan Agung Gg. Menega Jati No.14B,Badung Regency,http://www.mangotreevilla.com/,62 361 701844,https://www.google.com/maps/search/?api=1&query=Mango%20Tree%20Villas&query_place_id=ChIJNaHo82NE0i0RP_3gNJyngX8,Hotel,True,False,True,True,7,uda di cek,10,Sedang,Sedang,1,1,0,1
Mercure Resort Sanur,4.6,5720,Mertasari St,Denpasar City,https://all.accor.com/lien_externe.svlt?goto=fiche_hotel&code_hotel=5474&merchantid=seo-maps-ID-5474&sourceid=aw-cen&utm_medium=seo%20maps&utm_source=google%20Maps&utm_campaign=seo%20maps,62 361 288833,https://www.google.com/maps/search/?api=1&query=Mercure%20Resort%20Sanur&query_place_id=ChIJmzm6KBhE0i0Rd5gcl0xg6MY,Hotel,True,False,True,False,10,uda di cek,12,Sedang,Sedang,1,1,0,1
Merusaka Nusa Dua,4.6,10028,"Kawasan Wisata Nusa Dua Lot S-3, Jl. Pantai Peminge",Badung Regency,http://merusaka.com/,62 361 2002900,https://www.google.com/maps/search/?api=1&query=Merusaka%20Nusa%20Dua&query_place_id=ChIJn1KMyC5D0i0RIJ7jnsLTJ1w,Hotel,True,True,True,False,11,uda di cek,14,Tinggi,Sedang,1,1,0,1
"Montigo Resorts, Seminyak",4.6,1711,"85C3+98M, Jl. Petitenget",Badung Regency,https://seminyak.montigoresorts.com/,62 361 3019888,https://www.google.com/maps/search/?api=1&query=Montigo%20Resorts%2C%20Seminyak&query_place_id=ChIJ8Zx4_A1H0i0RLdmBhXgptro,Resort hotel,True,True,True,True,15,uda di cek,19,Sangat tinggi,Tinggi,1,1,0,1
moson resort legian,4.6,11,"852F+3J5, Jl. Pandawa",Badung Regency,,,https://www.google.com/maps/search/?api=1&query=moson%20resort%20legian&query_place_id=ChIJba4Nwy9H0i0R5UAuh4DFL-k,Resort hotel,True,False,True,False,7,uda di cek,9,Sedang,Sedang,0,0,3,4
Mövenpick Resort & Spa Jimbaran Bali,4.6,7928,"Jimbaran Bali, Jl. Wanagiri No.1",Badung Regency,https://movenpick.accor.com/en/asia/indonesia/bali/jimbaran-bali.html?merchantid=seo-maps-ID-B4P2&sourceid=aw-cen&utm_medium=seo+maps&utm_source=google+Maps&utm_campaign=seo+maps&utm_content=Jambaran-Bali,62 361 4725777,https://www.google.com/maps/search/?api=1&query=M%C3%B6venpick%20Resort%20%26%20Spa%20Jimbaran%20Bali&query_place_id=ChIJJQLNgu1E0i0Rz5sm5qaV9EI,Hotel,True,True,True,True,21,uda di cek,25,Sangat tinggi,Sangat tinggi,1,1,0,1
"Mulia Resort - Nusa Dua, Bali",4.6,9076,"Kawasan Sawangan, Jl. Raya Nusa Dua Selatan",Badung Regency,https://www.themulia.com/bali/mulia-resort,62 361 8467777,https://www.google.com/maps/search/?api=1&query=Mulia%20Resort%20-%20Nusa%20Dua%2C%20Bali&query_place_id=ChIJq0s9w81c0i0R9sO_piKMC8E,Resort hotel,True,True,True,True,15,uda di cek,19,Sangat tinggi,Tinggi,1,1,0,1
"Nusa Dua Beach Hotel & Spa, Bali",4.6,4970,"Kawasan Pariwisata, Nusa Dua Lot, Jl. Nusa Dua North 4",Badung Regency,http://www.nusaduahotel.com/,62 361 771210,https://www.google.com/maps/search/?api=1&query=Nusa%20Dua%20Beach%20Hotel%20%26%20Spa%2C%20Bali&query_place_id=ChIJa8cS2yND0i0RFFJuXKvOB5M,Hotel,True,True,True,False,15,uda di cek,18,Tinggi,Tinggi,1,1,0,1
Nyaman Villas,4.6,93,Gg. Kahyangan No.15,Badung Regency,http://www.nyamanvillasbali.com/,62 812-3857-9797,https://www.google.com/maps/search/?api=1&query=Nyaman%20Villas&query_place_id=ChIJ1Z-9IRpH0i0R7VdU1lBSUY8,Villa,True,True,True,False,5,uda di cek,8,Sedang,Rendah,1,1,0,1
O.Serendipity-Serendipity Legian,4.6,48,,Badung Regency,,62 811-388-997,https://www.google.com/maps/search/?api=1&query=O.Serendipity-Serendipity%20Legian&query_place_id=ChIJF9Q0KABH0i0RNwaw-TacTwk,Bed & breakfast,True,True,True,False,8,uda di cek,11,Sedang,Sedang,0,1,1,3
OYO 90505 Pondok Karenda,4.6,69,"Kuta, Badung Regency, Bali 80361 (sebrang jalan TOKO JOGER",Badung Regency,https://www.oyorooms.com/h/113028?utm_source=Google_gmb_ID&utm_medium=Organic&utm_campaign=ID_BLI264&latitude=-8.72798&longitude=115.175&locale=id,62 21 29707601,https://www.google.com/maps/search/?api=1&query=OYO%2090505%20Pondok%20Karenda&query_place_id=ChIJSSmoxaVG0i0R8BIFMZoftMs,Hotel,True,True,True,True,8,uda di cek,12,Sedang,Sedang,1,1,0,1
Poppies Hotel,4.6,446,Jl. Poppies Lane I No.19,Badung Regency,http://www.poppiesbali.com/,62 361 751059,https://www.google.com/maps/search/?api=1&query=Poppies%20Hotel&query_place_id=ChIJdVaI_rpG0i0Ry5XG-bL59Rs,Hotel,True,False,True,False,12,uda di cek,14,Tinggi,Sedang,1,1,0,1
Pudak Sari Unizou Hostel,4.6,246,Jl. Kartika Plaza Gg. Pudak Sari No.2,Badung Regency,,62 361 4754578,https://www.google.com/maps/search/?api=1&query=Pudak%20Sari%20Unizou%20Hostel&query_place_id=ChIJERoqw6BG0i0RjhYitJzqbKU,Hotel,True,True,True,False,12,uda di cek,15,Tinggi,Sedang,0,1,1,3
Pullman Bali Legian Beach,4.6,9843,Jl. Melasti No.1,Badung Regency,https://all.accor.com/lien_externe.svlt?goto=fiche_hotel&code_hotel=6556&merchantid=seo-maps-ID-6556&sourceid=aw-cen&utm_medium=seo%20maps&utm_source=google%20Maps&utm_campaign=seo%20maps,62 361 762500,https://www.google.com/maps/search/?api=1&query=Pullman%20Bali%20Legian%20Beach&query_place_id=ChIJ0avfK8JG0i0RqnM-Lggzak4,Hotel,True,False,True,False,15,uda di cek,17,Tinggi,Tinggi,1,1,0,1
Quest Hotel Kuta,4.6,4290,Jl. Kediri No.9,Badung Regency,https://kuta.questhotels.com/,62 361 764009,https://www.google.com/maps/search/?api=1&query=Quest%20Hotel%20Kuta&query_place_id=ChIJ5cRRIcZG0i0RnppNQpA6jx8,Hotel,True,True,True,True,10,uda di cek,14,Tinggi,Sedang,1,1,0,1
Ramada Encore by Wyndham Seminyak Bali,4.6,12046,Jl. Dewi Saraswati III,Denpasar City,https://www.ramadaencoreseminyakbali.com/,62 361 4741400,https://www.google.com/maps/search/?api=1&query=Ramada%20Encore%20by%20Wyndham%20Seminyak%20Bali&query_place_id=ChIJse_1DdMl0i0R1_B6Ghy3jqY,Hotel,True,True,True,False,16,uda di cek,19,Sangat tinggi,Tinggi,1,1,0,1
RC Villas,4.6,129,Jl. Kayu Aya No.88,Badung Regency,https://rcvillasbali.co.id/,62 361 738031,https://www.google.com/maps/search/?api=1&query=RC%20Villas&query_place_id=ChIJTdtvZBpH0i0RrdQntAglmSs,Hotel,True,False,True,True,10,uda di cek,13,Tinggi,Sedang,1,1,0,1
Rumi Villas,4.6,50,Gg. Kahyangan No.4,Badung Regency,https://www.rumivillasbali.com/,62 815-5870-6064,https://www.google.com/maps/search/?api=1&query=Rumi%20Villas&query_place_id=ChIJqYRkHhhH0i0RgDHYjhJzezQ,Villa,True,False,False,False,8,uda di cek,9,Sedang,Sedang,1,1,0,1
Sawangan Eco Resort,4.6,11,Jl. Asmara Villa,Badung Regency,https://samiyabali.com/,62 821-4356-286,https://www.google.com/maps/search/?api=1&query=Sawangan%20Eco%20Resort&query_place_id=ChIJg4BxuBFd0i0RctGqXqN0vAo,Villa,True,False,False,False,5,uda di cek,6,Rendah,Rendah,1,1,0,1
Seminyak Icon Villa & Spa,4.6,429,"Dewi Madri, Jl. Bali Deli",Badung Regency,https://linktr.ee/SeminyakIcon,62 361 739073,https://www.google.com/maps/search/?api=1&query=Seminyak%20Icon%20Villa%20%26%20Spa&query_place_id=ChIJnaCBVSFH0i0RYPhIlHfKFK0,Resort hotel,True,True,True,False,10,uda di cek,13,Tinggi,Sedang,1,1,0,1
Swiss-Belhotel Rainforest Kuta,4.6,7974,Jl. Sunset Road No.101,Badung Regency,https://www.swiss-belhotel.com/hotels/swiss-belhotel-rainforest-kuta?utm_source=Google&utm_medium=GMB&utm_campaign=website,62 361 8465680,https://www.google.com/maps/search/?api=1&query=Swiss-Belhotel%20Rainforest%20Kuta&query_place_id=ChIJoxkO9dBG0i0RvjOivocGgl8,Hotel,True,False,True,False,17,uda di cek,19,Sangat tinggi,Tinggi,1,1,0,1
Taman Amertha Villas,4.6,218,Jl. Bidadari No.7,Badung Regency,https://taman-amerthavillas.com/,62 813-3911-1227,https://www.google.com/maps/search/?api=1&query=Taman%20Amertha%20Villas&query_place_id=ChIJ__9wUTtH0i0R1eogfF32fVM,Hotel,True,True,True,False,9,uda di cek,12,Sedang,Sedang,1,1,0,1
Teges Inn Kuta by Madhava,4.6,94,Jl. Majapahit Gg. Teges No.39,Badung Regency,https://madhava.asia/tegesinnkuta/,62 812-3904-0348,https://www.google.com/maps/search/?api=1&query=Teges%20Inn%20Kuta%20by%20Madhava&query_place_id=ChIJ7Up1ardG0i0Rzf9d2yn4j_8,Hotel,True,False,True,False,7,uda di cek,9,Sedang,Sedang,1,1,0,1
The Bandha Hotel & Suites,4.6,1162,Jl. Padma Utara,Badung Regency,https://www.thebandha.com/,62 361 757150,https://www.google.com/maps/search/?api=1&query=The%20Bandha%20Hotel%20%26%20Suites&query_place_id=ChIJq5AefN1G0i0RShB-TlRoThM,Hotel,True,False,True,False,18,uda di cek,20,Sangat tinggi,Tinggi,1,1,0,1
The Elysian Villas Resort,4.6,424,"The Elysian Boutique Villa, Jl. Sari Dewi No.18",Badung Regency,http://theelysian.com/,62 361 730999,https://www.google.com/maps/search/?api=1&query=The%20Elysian%20Villas%20Resort&query_place_id=ChIJD3FapRtH0i0R8U7heE7RAe0,Hotel,True,True,True,False,9,uda di cek,12,Sedang,Sedang,1,1,0,1
The Forseti Athena Suites,4.6,124,Jl. Gn. Atena I No.26,Denpasar City,https://forsetiathena.com/,62 858-4742-5646,https://www.google.com/maps/search/?api=1&query=The%20Forseti%20Athena%20Suites&query_place_id=ChIJv7em50hH0i0RWNG2amSjo7Y,Apartment building,True,False,True,False,12,uda di cek,14,Tinggi,Sedang,1,1,0,1
The Legian Sunset Residence,4.6,720,Jl. Shri Lakshmi No.17,Badung Regency,http://www.legiansunsetresidence.com/,62 361 8499219,https://www.google.com/maps/search/?api=1&query=The%20Legian%20Sunset%20Residence&query_place_id=ChIJ15xK7dlG0i0RHlXSx8FNJhQ,Hotel,True,True,True,False,9,uda di cek,12,Sedang,Sedang,1,1,0,1
The Nest Hotel Nusa Dua,4.6,1465,Jl. Pratama No.99X,Badung Regency,https://www.thenesthotelbali.com/,62 361 4776688,https://www.google.com/maps/search/?api=1&query=The%20Nest%20Hotel%20Nusa%20Dua&query_place_id=ChIJ-U8vNRhD0i0Rw0WrckeR1-o,Hotel,True,True,True,True,9,uda di cek,13,Tinggi,Sedang,1,1,0,1
The Open House Bali Hotel,4.6,641,Jl. Pemelisan Agung No.25,Badung Regency,http://www.theopenhousebali.com/,62 877-1730-8938,https://www.google.com/maps/search/?api=1&query=The%20Open%20House%20Bali%20Hotel&query_place_id=ChIJKScANWFE0i0RemOZChkzmQU,Hotel,False,True,True,True,11,uda di cek,14,Tinggi,Sedang,1,1,0,1
"The Ritz-Carlton, Bali",4.6,4409,Jl. Raya Nusa Dua Selatan,Badung Regency,https://www.ritzcarlton.com/en/hotels/dpssw-the-ritz-carlton-bali/overview/?scid=f2ae0541-1279-4f24-b197-a979c79310b0,62 361 8498988,https://www.google.com/maps/search/?api=1&query=The%20Ritz-Carlton%2C%20Bali&query_place_id=ChIJrUAAILlc0i0Rv7gcIT2U_LI,Hotel,True,True,True,False,13,uda di cek,16,Tinggi,Tinggi,1,1,0,1
The Saharah Mirage ,4.6,26,Jl. Wana Segara No.31,Badung Regency,,62 812-3932-408,https://www.google.com/maps/search/?api=1&query=A&query_place_id=ChIJvcomYs5F0i0R51ASFlGTi68,Villa,True,False,True,False,11,uda di cek,13,Tinggi,Sedang,0,1,1,3
"The Westin Resort Nusa Dua, Bali",4.6,7603,"Kawasan Pariwisata Nusa Dua, BTDC Lot N-3, Jl. Kw. Nusa Dua Resort",Badung Regency,https://www.marriott.com/en-us/hotels/dpswi-the-westin-resort-nusa-dua-bali/overview/?scid=f2ae0541-1279-4f24-b197-a979c79310b0,62 361 771906,https://www.google.com/maps/search/?api=1&query=The%20Westin%20Resort%20Nusa%20Dua%2C%20Bali&query_place_id=ChIJ6-A5UyFD0i0Rav683Mi2S4I,Hotel,True,False,True,True,12,uda di cek,15,Tinggi,Sedang,1,1,0,1
Three Bedroom Jefna Villa,4.6,24,"Agata Resort, Jl. Desa Sawangan unit A3",Badung Regency,,62 898-4596-969,https://www.google.com/maps/search/?api=1&query=Three%20Bedroom%20Jefna%20Villa&query_place_id=ChIJiwM1ReJd0i0RABaFzQcBHEs,Villa,True,False,True,False,5,uda di cek,7,Sedang,Rendah,0,1,1,3
Villa Bahia by Optimum Bali Villas,4.6,27,"gang bidadari IIF, Jl. Mertanadi",Badung Regency,https://optimumbali.com/villa-bali/rental/3-bedrooms-for-rent/villa-bahia-seminyak-bidadari/,62 853-3800-2448,https://www.google.com/maps/search/?api=1&query=Villa%20Bahia%20by%20Optimum%20Bali%20Villas&query_place_id=ChIJsfMHezxH0i0RsUTvTht7Q7k,Hotel,True,True,False,False,6,uda di cek,8,Sedang,Rendah,1,1,0,1
Villa Casa Lalita,4.6,21,854H+798,Badung Regency,,,https://www.google.com/maps/search/?api=1&query=Villa%20Casa%20Lalita&query_place_id=ChIJSR_PvsJH0i0RK3s3KjJsLr4,Hotel,True,False,False,False,2,uda di cek,3,Rendah,Rendah,0,0,3,4
Villa Chocolat 1,4.6,34,Gg. Kahyangan No.16,Badung Regency,https://www.villachocolatbali.com/,62 812-3857-9797,https://www.google.com/maps/search/?api=1&query=Villa%20Chocolat%201&query_place_id=ChIJc4ucJxpH0i0RM19szGJmIC8,Villa,True,True,True,False,12,uda di cek,15,Tinggi,Sedang,1,1,0,1
Villa Chunga-Changa,4.6,16,Jl. Campuhan II No.4,Badung Regency,,62 812-2620-6367,https://www.google.com/maps/search/?api=1&query=Villa%20Chunga-Changa&query_place_id=ChIJ_dYhSG1H0i0RXTlmdiBjKCo,Hotel,False,False,False,False,12,uda di cek,12,Sedang,Sedang,0,1,1,3
Villa Puri Bagus,4.6,57,Jl. Patimura No.2 B,Badung Regency,,62 821-2297-3363,https://www.google.com/maps/search/?api=1&query=Villa%20Puri%20Bagus&query_place_id=ChIJrV9qusdG0i0RrUc8Crj0RBM,Villa,False,True,True,True,5,uda di cek,8,Sedang,Rendah,0,1,1,3
Villa Raka,4.6,73,Jl. Nakula 5 No.11A,Badung Regency,http://www.villaraka.com/,62 812-2699-9988,https://www.google.com/maps/search/?api=1&query=Villa%20Raka&query_place_id=ChIJsbicftlG0i0RA4obQ0_vZFg,Hotel,True,True,True,False,5,uda di cek,8,Sedang,Rendah,1,1,0,1
Villa Shiva,4.6,7,"8599+VW2, Gg. Arjuna Jl. Bidadari II",Badung Regency,,,https://www.google.com/maps/search/?api=1&query=Villa%20Shiva&query_place_id=ChIJ0x5KaDxH0i0R5D-FhRooAuk,Lodging,False,False,False,False,0,uda di cek,0,Rendah,Rendah,0,0,3,4
Vinila Villas Nusa Dua by Nakula,4.6,265,Jl. Desa Sawangan,Badung Regency,https://vinilanusadua.com/,62 811-3855-883,https://www.google.com/maps/search/?api=1&query=Vinila%20Villas%20Nusa%20Dua%20by%20Nakula&query_place_id=ChIJQ5rbkMlc0i0RCKJaACVheTU,Hotel,True,False,True,False,6,uda di cek,8,Sedang,Rendah,1,1,0,1
Vlad Bali Villa,4.6,12,Jl. Segara Wangi No.33,Badung Regency,,62 851-0044-7381,https://www.google.com/maps/search/?api=1&query=Vlad%20Bali%20Villa&query_place_id=ChIJCzg1bn9F0i0RVOoij6rPQDo,Hotel,True,False,True,False,0,uda di cek,2,Rendah,Rendah,0,1,1,3
W Bali - Seminyak,4.6,6409,Jl. Petitenget,Badung Regency,https://www.marriott.com/en-us/hotels/dpswh-w-bali-seminyak/overview/?scid=f2ae0541-1279-4f24-b197-a979c79310b0,62 361 3000106,https://www.google.com/maps/search/?api=1&query=W%20Bali%20-%20Seminyak&query_place_id=ChIJP7mL_wxH0i0R7pAAg_h9Zqo,Hotel,True,True,True,True,5,uda di cek,9,Sedang,Rendah,1,1,0,1
ZEN Rooms Legian Dewi Sri 2,4.6,5,Jl. Dewi Sri I No.8,Badung Regency,,62 855-7467-1004,https://www.google.com/maps/search/?api=1&query=ZEN%20Rooms%20Legian%20Dewi%20Sri%202&query_place_id=ChIJd5OUfNBG0i0RkUCh0dUr0sE,Hotel,True,False,True,False,3,uda di cek,5,Rendah,Rendah,0,1,1,3
Airy Legian Shri Lakhsmi 17 Kuta Bali,4.7,3,Jl. Shri Lakshmi No.17,Badung Regency,,62 804 111 2479,https://www.google.com/maps/search/?api=1&query=Airy%20Legian%20Shri%20Lakhsmi%2017%20Kuta%20Bali&query_place_id=ChIJg9kc7dlG0i0R_FAtpVr1zMs,Hotel,True,False,True,False,3,uda di cek,5,Rendah,Rendah,0,1,1,3
Akaya Bali,4.7,214,Jl. Danau Tamblingan No.168,Denpasar City,https://akayabali.com/,62 811-3888-082,https://www.google.com/maps/search/?api=1&query=Akaya%20Bali&query_place_id=ChIJP_0efshB0i0R_mwXYPtMGvk,Hotel,True,False,True,False,5,uda di cek,7,Sedang,Rendah,1,1,0,1
Aksari Villa Seminyak by iNi Vie Hospitality,4.7,994,"Jalan Sunset Road, Jl. Nakula Gg. Baik-Baik II No.8",Badung Regency,http://inivie.com/aksarivillaseminyak/?utm_source=google&utm_medium=organic&utm_campaign=google_business_profile,62 821-2300-8088,https://www.google.com/maps/search/?api=1&query=Aksari%20Villa%20Seminyak%20by%20iNi%20Vie%20Hospitality&query_place_id=ChIJeQzLnNhG0i0RQV72QkV7cAU,Villa,True,False,True,True,5,uda di cek,8,Sedang,Rendah,1,1,0,1
Al - Isha Dharamshala,4.7,39,Jl. Pura Mertasari Jl. Sunset Road No.27,Denpasar City,http://alishabali.com/,62 361 8477490,https://www.google.com/maps/search/?api=1&query=Al%20-%20Isha%20Dharamshala&query_place_id=ChIJrQE-fstG0i0RSOEpGKQPHZk,Bed & breakfast,True,False,False,False,4,uda di cek,5,Rendah,Rendah,1,1,0,1
Alaya Dedaun Kuta,4.7,182,Jln Legian No.123B,Badung Regency,https://alayahotels.com/alaya-dedaun-kuta/?utm_source=GMB&utm_medium=displaylink&utm_campaign=profile&utm_id=ADD,62 361 756276,https://www.google.com/maps/search/?api=1&query=Alaya%20Dedaun%20Kuta&query_place_id=ChIJ8QEEQgJH0i0RK1zjq_7VeTE,Villa,True,True,True,False,4,uda di cek,7,Sedang,Rendah,1,1,0,1
Aldeoz Residence Kuta,4.7,56,Jl. Taman Griya V No.9,Badung Regency,https://aldeozgroupvilla.com/,62 817-4838-282,https://www.google.com/maps/search/?api=1&query=Aldeoz%20Residence%20Kuta&query_place_id=ChIJoato1dVF0i0RrW_XfgWCFM4,Resort hotel,True,False,False,False,4,uda di cek,5,Rendah,Rendah,1,1,0,1
Aleva Villa Seminyak by iNi Vie Hospitality,4.7,603,Jl. Dewi Saraswati No.8,Badung Regency,http://inivie.com/alevavilla/?utm_source=google&utm_medium=organic&utm_campaign=google_business_profile,62 811-3960-7257,https://www.google.com/maps/search/?api=1&query=Aleva%20Villa%20Seminyak%20by%20iNi%20Vie%20Hospitality&query_place_id=ChIJkbAwqjxH0i0R-lbaxTe4SJI,Villa,True,True,True,True,5,uda di cek,9,Sedang,Rendah,1,1,0,1
"Amalia Swan Haven Villa, Seminyak",4.7,31,"Jl Laksmana (Kayu Aya, Seminyak, Oberoi Gg. Putu No.8",Badung Regency,https://book-directonline.com/properties/amaliaswanhavenvilla,62 857-3865-7745,https://www.google.com/maps/search/?api=1&query=Amalia%20Swan%20Haven%20Villa%2C%20Seminyak&query_place_id=ChIJfZDSnwZH0i0RgF0fYMs923I,Villa,True,False,True,False,3,uda di cek,5,Rendah,Rendah,1,1,0,1
"Amarterra Villas Resort Bali Nusa Dua, Autograph Collection",4.7,1113,"Kawasan Pariwisata, Jl. Nusa Dua ITDC Resort Lot No.Block B",Badung Regency,https://www.marriott.com/en-us/hotels/dpsav-amarterra-villas-resort-bali-nusa-dua-autograph-collection/overview/?scid=f2ae0541-1279-4f24-b197-a979c79310b0,62 361 776400,https://www.google.com/maps/search/?api=1&query=Amarterra%20Villas%20Resort%20Bali%20Nusa%20Dua%2C%20Autograph%20Collection&query_place_id=ChIJzyPaoS5D0i0Rjvnm_LjZoZ8,Hotel,True,False,True,False,13,uda di cek,15,Tinggi,Tinggi,1,1,0,1
Amnaya Resort Kuta,4.7,4490,Gg. Puspa Ayu No.99,Badung Regency,https://www.amnayahotel.com/kuta,62 361 755380,https://www.google.com/maps/search/?api=1&query=Amnaya%20Resort%20Kuta&query_place_id=ChIJ17pob6FG0i0RgPPcVKAcjR8,Resort hotel,True,False,True,True,7,uda di cek,10,Sedang,Sedang,1,1,0,1
Armonia Bali Legian Villas,4.7,23,Jl. Pandawa,Badung Regency,https://armoniabali.com/,62 857-3893-1630,https://www.google.com/maps/search/?api=1&query=Armonia%20Bali%20Legian%20Villas&query_place_id=ChIJKTK6ZQBH0i0RILguTAk6hlc,Villa,True,False,False,False,8,uda di cek,9,Sedang,Sedang,1,1,0,1
AYANA Resort Bali,4.7,11462,Jl. Karang Mas Sejahtera,Badung Regency,https://www.ayana.com/,62 361 702222,https://www.google.com/maps/search/?api=1&query=AYANA%20Resort%20Bali&query_place_id=ChIJpRD09opE0i0RykahkXbmPjE,Resort hotel,True,True,True,True,9,uda di cek,13,Tinggi,Sedang,1,1,0,1
Baahi Villa,4.7,59,Jl. Pandawa No.33,Badung Regency,,,https://www.google.com/maps/search/?api=1&query=Baahi%20Villa&query_place_id=ChIJuyCBX3tH0i0RsHzK6yW2rJc,Lodging,False,False,False,False,3,uda di cek,3,Rendah,Rendah,0,0,3,4
Chandra Bali Villas,4.7,200,Jl. Sari Temuku Gg. Sandat,Badung Regency,https://chandravillas.com/,62 361 738091,https://www.google.com/maps/search/?api=1&query=Chandra%20Bali%20Villas&query_place_id=ChIJZS9w4N9G0i0RxOHc2mu4zis,Villa,True,True,True,True,9,uda di cek,13,Tinggi,Sedang,1,1,0,1
Chill Hotel Seminyak,4.7,133,Jl. Sarinande No.20,Badung Regency,http://www.chillhotelbali.com/,62 819-4328-8205,https://www.google.com/maps/search/?api=1&query=Chill%20Hotel%20Seminyak&query_place_id=ChIJz00__3JH0i0RBVIJo1WJLAw,Hotel,True,True,False,False,12,uda di cek,14,Tinggi,Sedang,1,1,0,1
Chimera Villas,4.7,33,Jl. Sari Temuku No.10,Badung Regency,http://www.chimeravillasbali.com/,62 813-3849-5971,https://www.google.com/maps/search/?api=1&query=Chimera%20Villas&query_place_id=ChIJ9SFZNhpH0i0RtYx1iEXPCHk,Villa,True,True,False,True,8,uda di cek,11,Sedang,Sedang,1,1,0,1
Conrad Bali,4.7,6669,Jl. Pratama No.168,Badung Regency,https://www.hilton.com/en/hotels/bpncici-conrad-bali/?SEO_id=GMB-APAC-CI-BPNCICI,62 361 778788,https://www.google.com/maps/search/?api=1&query=Conrad%20Bali&query_place_id=ChIJzR9XaA9D0i0RKM9T4eQUmdo,Resort hotel,True,True,True,False,13,uda di cek,16,Tinggi,Tinggi,1,1,0,1
Courtyard by Marriott Bali Seminyak Resort,4.7,3866,"No 103 Sp, Jl. Camplung Tanduk Jl. Dhyana Pura",Badung Regency,https://www.marriott.com/en-us/hotels/dpssm-courtyard-bali-seminyak-resort/overview/?scid=f2ae0541-1279-4f24-b197-a979c79310b0,62 361 8499600,https://www.google.com/maps/search/?api=1&query=Courtyard%20by%20Marriott%20Bali%20Seminyak%20Resort&query_place_id=ChIJT3_dVB5H0i0Ri71kc4BUQ8A,Hotel,True,True,True,False,12,uda di cek,15,Tinggi,Sedang,1,1,0,1
Dancing Garden Resort Nusa Dua,4.7,30,Jl. Desa Sawangan No.8,Badung Regency,,,https://www.google.com/maps/search/?api=1&query=Dancing%20Garden%20Resort%20Nusa%20Dua&query_place_id=ChIJg1YCgYFd0i0R_9r703XRpa0,Villa,False,False,False,True,6,uda di cek,7,Sedang,Rendah,0,0,3,4
"De Dukuh Guest House,",4.7,206,Jl. Suli Gg. Dukuh Sari No.11,Badung Regency,,62 361 765049,https://www.google.com/maps/search/?api=1&query=De%20Dukuh%20Guest%20House%2C&query_place_id=ChIJo0t5pbBG0i0RRxZ5SrtK3x0,Guest house,False,False,True,False,11,uda di cek,12,Sedang,Sedang,0,1,1,3
Desa Potato Head Bali,4.7,8904,Jl. Petitenget No.51B,Badung Regency,https://seminyak.potatohead.co/sleep?utm_source=google&utm_medium=gmb&utm_campaign=gmb_desa-potato-head&utm_term=creative-village&utm_content=landing-page,62 361 6207979,https://www.google.com/maps/search/?api=1&query=Desa%20Potato%20Head%20Bali&query_place_id=ChIJ4f9QNY9H0i0REbMfgG5iI18,Resort hotel,True,True,True,True,11,uda di cek,15,Tinggi,Sedang,1,1,0,1
Devata Suites and Residence,4.7,61,Gg. Cendana No.67,Badung Regency,,62 813-3934-2021,https://www.google.com/maps/search/?api=1&query=Devata%20Suites%20and%20Residence&query_place_id=ChIJLeLqitpG0i0RT2uMtK19u8s,Hotel,True,True,False,False,14,uda di cek,16,Tinggi,Tinggi,0,1,1,3
Dikubu Belong Villa,4.7,78,Jl. Belong No.46,Badung Regency,https://www.hotelsinseminyak.com/dikubu-belong-seminyak/,62 813-3722-0011,https://www.google.com/maps/search/?api=1&query=Dikubu%20Belong%20Villa&query_place_id=ChIJ7QW4ZidH0i0RRpRBbWxPT0M,Hotel,True,True,True,False,10,uda di cek,13,Tinggi,Sedang,1,1,0,1
Discovery Beach Front Villas,4.7,326,"7597+RVH, Jl. Kartika Plaza",Badung Regency,https://www.discoverykartikaplaza.com/topic/accommodation/villa/2-bedroom-beachfront-villa/,62 361 2001300,https://www.google.com/maps/search/?api=1&query=Discovery%20Beach%20Front%20Villas&query_place_id=ChIJkc56W59G0i0R3MfyFDX30_o,Hotel,True,True,True,True,8,uda di cek,12,Sedang,Sedang,1,1,0,1
Donguri House Bali,4.7,48,Jl. Pemelisan No.10,Badung Regency,,62 857-4671-1767,https://www.google.com/maps/search/?api=1&query=Donguri%20House%20Bali&query_place_id=ChIJkTajYm9E0i0R2R_IMmHSYtI,Bed & breakfast,True,False,True,False,15,uda di cek,17,Tinggi,Tinggi,0,1,1,3
Double Six Luxury Hotel,4.7,3085,Jl. Double Six No.66,Badung Regency,http://www.double-six.com/,62 361 730466,https://www.google.com/maps/search/?api=1&query=Double%20Six%20Luxury%20Hotel&query_place_id=ChIJ______8j0i0R4BuF3WaH_qQ,Hotel,True,True,True,True,2,uda di cek,6,Rendah,Rendah,1,1,0,1
eqUILIBRIA SEMINYAK,4.7,605,"No 5x, Jl. Wirasaba Jl. Kayu Aya",Badung Regency,http://www.equilibriahotels.com/,62 361 4741071,https://www.google.com/maps/search/?api=1&query=eqUILIBRIA%20SEMINYAK&query_place_id=ChIJX_rboRdH0i0RU8CQQTTD8DQ,Villa,True,True,True,True,10,uda di cek,14,Tinggi,Sedang,1,1,0,1
Four Seasons Resort Bali At Jimbaran Bay,4.7,2734,Jl. Bukit Permai,Badung Regency,https://www.fourseasons.com/jimbaranbay/?utm_source=google&utm_medium=organicsearch&utm_campaign=tor-bal-hre-mid-seo-na&utm_content=na-na&utm_term=na,62 361 2019000,https://www.google.com/maps/search/?api=1&query=Four%20Seasons%20Resort%20Bali%20At%20Jimbaran%20Bay&query_place_id=ChIJ6cVf9fFE0i0RogyvBWu4WuM,Hotel,True,True,True,False,19,uda di cek,22,Sangat tinggi,Sangat tinggi,1,1,0,1
Grand Seminyak - Lifestyle Boutique Bali Resort,4.7,432,"Jl Camplung Tanduk Dhyana Pura, Seminyak Beach",Badung Regency,https://grandseminyak.com,62 361 737773,https://www.google.com/maps/search/?api=1&query=Grand%20Seminyak%20-%20Lifestyle%20Boutique%20Bali%20Resort&query_place_id=ChIJwT8d2h1H0i0RlFlaJyRFky0,Hotel,True,False,True,False,8,uda di cek,10,Sedang,Sedang,1,1,0,1
Holiday Inn Bali Sanur by IHG,4.7,967,Jl. Kusuma Sari No.4,Denpasar City,https://www.ihg.com/holidayinn/hotels/us/en/bali/dpsbs/hoteldetail?cm_mmc=GoogleMaps-_-HI-_-ID-_-DPSBS,62 361 2098999,https://www.google.com/maps/search/?api=1&query=Holiday%20Inn%20Bali%20Sanur%20by%20IHG&query_place_id=ChIJaUCdZVdB0i0RoBalNrAa3xU,Hotel,True,False,True,False,13,uda di cek,15,Tinggi,Tinggi,1,1,0,1
Holiday Inn Resort Bali Nusa Dua by IHG,4.7,2600,Jl. Pratama No.86,Badung Regency,https://www.ihg.com/holidayinnresorts/hotels/us/en/bali/dpsbb/hoteldetail?cm_mmc=GoogleMaps-_-RS-_-ID-_-DPSBB,62 361 8947888,https://www.google.com/maps/search/?api=1&query=Holiday%20Inn%20Resort%20Bali%20Nusa%20Dua%20by%20IHG&query_place_id=ChIJqfcP7xpD0i0RBkfBDmU4CsA,Hotel,True,False,True,False,13,uda di cek,15,Tinggi,Tinggi,1,1,0,1
Holiday Inn Resort Baruna Bali by IHG,4.7,6887,Jl. Wana Segara No.33,Badung Regency,https://www.ihg.com/holidayinnresorts/hotels/us/en/bali/dpsbh/hoteldetail?cm_mmc=GoogleMaps-_-RS-_-ID-_-DPSBH,62 361 755577,https://www.google.com/maps/search/?api=1&query=Holiday%20Inn%20Resort%20Baruna%20Bali%20by%20IHG&query_place_id=ChIJb-sESSBE0i0RzLv7-RfT0fE,Hotel,True,False,True,False,13,uda di cek,15,Tinggi,Tinggi,1,1,0,1
Hyatt Regency Bali,4.7,3507,Jl. Danau Tamblingan No.89,Denpasar City,https://www.hyatt.com/hyatt-regency/en-US/dpsbl-hyatt-regency-bali?src=corp_lclb_google_seo_dpsbl&utm_source=google&utm_medium=organic&utm_campaign=lmr,62 361 281234,https://www.google.com/maps/search/?api=1&query=Hyatt%20Regency%20Bali&query_place_id=ChIJ7Z1p08ZB0i0RiHys8Ga2s_0,Hotel,True,False,True,False,13,uda di cek,15,Tinggi,Tinggi,1,1,0,1
Impiana Private Villas Seminyak,4.7,636,Jl. Kunti I No.118X,Badung Regency,https://www.impianaseminyak.com/,62 361 730840,https://www.google.com/maps/search/?api=1&query=Impiana%20Private%20Villas%20Seminyak&query_place_id=ChIJvXA6XyFH0i0RDaof_bE-QAs,Villa,True,False,True,False,13,uda di cek,15,Tinggi,Tinggi,1,1,0,1
InterContinental Bali Resort by IHG,4.7,4420,Uluwatu St No.45,Badung Regency,https://www.ihg.com/intercontinental/hotels/us/en/bali/dpsha/hoteldetail?cm_mmc=GoogleMaps-_-IC-_-ID-_-DPSHA,62 361 701888,https://www.google.com/maps/search/?api=1&query=InterContinental%20Bali%20Resort%20by%20IHG&query_place_id=ChIJZS45kIxE0i0RJ5ay5snshP4,Hotel,True,True,True,False,18,uda di cek,21,Sangat tinggi,Tinggi,1,1,0,1
James Guest House,4.7,18,Jl. Kunti I Jl. Bali Deli No.7A,Badung Regency,,62 821-4592-6951,https://www.google.com/maps/search/?api=1&query=James%20Guest%20House&query_place_id=ChIJ5_sLXJxH0i0RFDpScr5uQu4,Guest house,True,False,False,False,9,uda di cek,10,Sedang,Sedang,0,1,1,3
Jimbaran Bay Villas,4.7,120,Jl. Segara Wangi Jl. Pudak Sari Gg. III No.1,Badung Regency,http://www.greenvillabali.com/,62 877-7274-3878,https://www.google.com/maps/search/?api=1&query=Jimbaran%20Bay%20Villas&query_place_id=ChIJF2AI58RG0i0RYAoBwTGVmxM,Hotel,True,False,True,False,15,uda di cek,17,Tinggi,Tinggi,1,1,0,1
"Jimbaran Puri, A Belmond Hotel, Bali",4.7,1164,Jalan Uluwatu Yoga Perkanthi Lane,Badung Regency,https://www.belmond.com/hotels/asia/bali/belmond-jimbaran-puri/?utm_source=local_search&utm_medium=link&utm_campaign=google_business,62 361 701605,https://www.google.com/maps/search/?api=1&query=Jimbaran%20Puri%2C%20A%20Belmond%20Hotel%2C%20Bali&query_place_id=ChIJB8V3r2FE0i0RWfyymPJpz5E,Hotel,True,False,True,False,15,uda di cek,17,Tinggi,Tinggi,1,1,0,1
KAWALI HOMESTAY,4.7,91,Jl. Majapahit No.55,Badung Regency,http://kawalihomestaybali.zoombookdirect.com/,62 813-3822-8355,https://www.google.com/maps/search/?api=1&query=KAWALI%20HOMESTAY&query_place_id=ChIJqwTvC7dG0i0RTYoQLlpwMkE,Guest house,True,False,False,False,10,uda di cek,11,Sedang,Sedang,1,1,0,1
Kayumas Seminyak Resort,4.7,1170,Jl. Pura Telaga Waja No.18A,Badung Regency,http://www.kayumasresort.com/,62 361 9348348,https://www.google.com/maps/search/?api=1&query=Kayumas%20Seminyak%20Resort&query_place_id=ChIJNUggjmZH0i0RaqBZw0ZvY5o,Resort hotel,True,True,True,False,8,uda di cek,11,Sedang,Sedang,1,1,0,1
Kubu Van Helen,4.7,39,Gg. Pura Uluwatu II No.4,Badung Regency,,,https://www.google.com/maps/search/?api=1&query=Kubu%20Van%20Helen&query_place_id=ChIJs2vs-MRG0i0RQ4_qhsvtAsw,Hotel,False,False,False,False,6,uda di cek,6,Rendah,Rendah,0,0,3,4
MOSON BALI VILLA & EATERY,4.7,315,Jl. Pandawa,Badung Regency,https://instagram.com/mosonbalilegian,62 819-9908-4565,https://www.google.com/maps/search/?api=1&query=MOSON%20BALI%20VILLA%20%26%20EATERY&query_place_id=ChIJj3g4VrhH0i0RrGEp6BQxY6s,Villa,True,True,False,False,5,uda di cek,7,Sedang,Rendah,1,1,0,1
Noku Beach House,4.7,161,Jl. Sarinande No.22,Badung Regency,https://www.nokubeachhouse.com/,62 361 9345307,https://www.google.com/maps/search/?api=1&query=Noku%20Beach%20House&query_place_id=ChIJdzYeXCJH0i0RY2u1I-CMGY0,Villa,True,True,True,False,3,uda DI CEK,6,Rendah,Rendah,1,1,0,1
Novotel Bali Benoa,4.7,4080,Jl. Pratama No.70,Badung Regency,https://all.accor.com/lien_externe.svlt?goto=fiche_hotel&code_hotel=1922&merchantid=seo-maps-ID-1922&sourceid=aw-cen&utm_medium=seo%20maps&utm_source=google%20Maps&utm_campaign=seo%20maps,62 361 772239,https://www.google.com/maps/search/?api=1&query=Novotel%20Bali%20Benoa&query_place_id=ChIJKV03uqVD0i0RdKih9h9RGgE,Hotel,True,False,True,False,15,udh dicek,17,Tinggi,Tinggi,1,1,0,1
Novotel Bali Ngurah Rai Airport,4.7,6684,Jalan Raya Ngurah Rai,Badung Regency,https://all.accor.com/lien_externe.svlt?goto=fiche_hotel&code_hotel=9105&merchantid=seo-maps-ID-9105&sourceid=aw-cen&utm_medium=seo%20maps&utm_source=google%20Maps&utm_campaign=seo%20maps,62 361 9360200,https://www.google.com/maps/search/?api=1&query=Novotel%20Bali%20Ngurah%20Rai%20Airport&query_place_id=ChIJj7GjtxdE0i0R56DHD5xFw3Q,Hotel,True,False,True,False,15,udh dicek,17,Tinggi,Tinggi,1,1,0,1
Nyoman Legian House,4.7,11,Jl. Sriwijya Gg. Dharma Kerthi No.9X,Badung Regency,,62 898-7286-668,https://www.google.com/maps/search/?api=1&query=Nyoman%20Legian%20House&query_place_id=ChIJGTLRHMZG0i0Rn6RyicVk0qY,Hotel,True,False,True,False,6,udh dicek,8,Sedang,Rendah,0,1,1,3
Nyuh Bali Villas,4.7,222,Jl. Bali Deli No.99,Badung Regency,https://nyuhbalivillas.com/seminyak/,62 361 738920,https://www.google.com/maps/search/?api=1&query=Nyuh%20Bali%20Villas&query_place_id=ChIJo6u37SNH0i0RNZ7K0xcCd9k,Villa,True,True,True,False,6,udh dicek,9,Sedang,Rendah,1,1,0,1
Palette Hotel Seminyak,4.7,17,"No 28, Seminyak Bali Nusra",Badung Regency,https://www.oyorooms.com/ID/359739/,91 96677 83994,https://www.google.com/maps/search/?api=1&query=Palette%20Hotel%20Seminyak&query_place_id=ChIJrbbPVB5H0i0RUvdfWNGhidA,Hotel,False,False,False,False,8,udh dicek,8,Sedang,Sedang,1,1,0,1
Peppers Seminyak,4.7,1607,Jl. Pura Telaga Waja Jl. Petitenget,Badung Regency,https://all.accor.com/lien_externe.svlt?goto=fiche_hotel&code_hotel=B3U5&merchantid=seo-maps-ID-B3U5&sourceid=aw-cen&utm_medium=seo%20maps&utm_source=google%20Maps&utm_campaign=seo%20maps,62 361 730333,https://www.google.com/maps/search/?api=1&query=Peppers%20Seminyak&query_place_id=ChIJdUHuKRFH0i0R8cd6U6hMYt8,Hotel,True,True,True,True,9,udh dicek,13,Tinggi,Sedang,1,1,0,1
Platinum hotel jimbaran beach,4.7,1851,Jl. Pantai Kedonganan No.91-93,Badung Regency,https://platinumhotelindonesia.com/platinum-hotel-jimbaran-beach-bali,62 361 9587828,https://www.google.com/maps/search/?api=1&query=Platinum%20hotel%20jimbaran%20beach&query_place_id=ChIJk-r9Sh5F0i0RDUx5DBfQF5M,Hotel,True,True,True,True,12,udh dicek,16,Tinggi,Sedang,1,1,0,1
Pondok A Joss,4.7,15,"754F+M5R, Jl. Merpati1 No.3A",Badung Regency,,62 812-3626-906,https://www.google.com/maps/search/?api=1&query=Pondok%20A%20Joss&query_place_id=ChIJ4x82bBpE0i0R15Z2r4u8St8,Extended stay hotel,True,False,False,False,0,udh dicek,1,Rendah,Rendah,0,1,1,3
Rama Garden Hotel Bali,4.7,399,Jl. Padma,Badung Regency,http://ramagardenhotelbali.com/,62 361 751971,https://www.google.com/maps/search/?api=1&query=Rama%20Garden%20Hotel%20Bali&query_place_id=ChIJu9ohD8NG0i0RO-16uoLTlQs,Hotel,True,True,True,False,9,udh dicek,12,Sedang,Sedang,1,1,0,1
Rama Residence Padma,4.7,765,Jl. Padma,Badung Regency,http://www.ramaresidencepadma.com/,62 361 750760,https://www.google.com/maps/search/?api=1&query=Rama%20Residence%20Padma&query_place_id=ChIJ6SR-AcNG0i0RcRWh-Q629Ew,Hotel,True,True,True,True,10,udh dicek,14,Tinggi,Sedang,1,1,0,1
RedDoorz @ Istana Kuta Galeria,4.7,9,"Komplek Istana Kuta Galeria Blok Ethnic, No.12/12A Central Park Kuta, Jalan patih Jelantik, Kuta Badung, Kuta",Bali,https://www.reddoorz.com/id-id/hotel/indonesia/bali/kuta/istana-kuta-galeria/reddoorz-istana-kuta-galeria?utm_campaign=webclick&utm_medium=mybusiness&utm_source=google,,https://www.google.com/maps/search/?api=1&query=RedDoorz%20%40%20Istana%20Kuta%20Galeria&query_place_id=ChIJ1YRBLMZG0i0R4abFW0iLjk8,Hotel,True,True,True,True,5,udh dicek,9,Sedang,Rendah,1,0,2,2
Renaissance Bali Uluwatu Resort & Spa,4.7,3605,Jl. Pantai Balangan I No.1,Badung Regency,https://www.marriott.com/en-us/hotels/dpsuw-renaissance-bali-uluwatu-resort-and-spa/overview/?scid=f2ae0541-1279-4f24-b197-a979c79310b0,62 361 2003588,https://www.google.com/maps/search/?api=1&query=Renaissance%20Bali%20Uluwatu%20Resort%20%26%20Spa&query_place_id=ChIJt6gpetRE0i0RkXxJfSDCcI4,Hotel,True,False,True,False,14,udh dicek,16,Tinggi,Tinggi,1,1,0,1
RIMBA by AYANA Bali,4.7,6473,"Sejahtera, Jl. Karang Mas",Badung Regency,https://www.ayana.com/bali/rimba-by-ayana/,62 361 8468468,https://www.google.com/maps/search/?api=1&query=RIMBA%20by%20AYANA%20Bali&query_place_id=ChIJQ3ArOANF0i0RZ5WHaeVMx7o,Resort hotel,True,True,True,False,15,udh dicek,18,Tinggi,Tinggi,1,1,0,1
Samabe Bali Suites & Villas,4.7,1694,"Barong - Barong Sawangan, Jl. Pura Jl. Raya Nusa Dua Selatan",Badung Regency,https://www.samabe.com/,62 361 8468633,https://www.google.com/maps/search/?api=1&query=Samabe%20Bali%20Suites%20%26%20Villas&query_place_id=ChIJXSk2N5Vc0i0RPumxFdVDLos,Resort hotel,True,True,True,True,15,udh dicek,19,Sangat tinggi,Tinggi,1,1,0,1
Secana Beachtown,4.7,398,Jl. Pemelisan Agung Jl. Pantai Berawa,Badung Regency,https://secanabeachtown.com/,62 813-2277-1160,https://www.google.com/maps/search/?api=1&query=Secana%20Beachtown&query_place_id=ChIJ_-s8TM5H0i0RCgz9WYdD7Tk,Resort hotel,True,True,True,True,11,udh dicek,15,Tinggi,Sedang,1,1,0,1
Selasih Beach House,4.7,13,Jl. Courtyard No.4,Bali,,62 813-3789-9569,https://www.google.com/maps/search/?api=1&query=Selasih%20Beach%20House&query_place_id=ChIJDfnYVIlH0i0RSrT62cp3PG0,Villa,True,False,True,False,4,udh dicek,6,Rendah,Rendah,0,1,1,3
Sheraton Bali Kuta Resort,4.7,7377,Jl. Pantai Kuta,Badung Regency,https://www.marriott.com/en-us/hotels/dpsks-sheraton-bali-kuta-resort/overview/?scid=f2ae0541-1279-4f24-b197-a979c79310b0,62 361 8465555,https://www.google.com/maps/search/?api=1&query=Sheraton%20Bali%20Kuta%20Resort&query_place_id=ChIJcYoe6b5G0i0RP7t8kfRb95o,Hotel,True,True,True,False,11,udh dicek,14,Tinggi,Sedang,1,1,0,1
Shin In Bali,4.7,23,Jl. Taman Pancing Timur Gg. Tulip,Denpasar City,https://shininbali.com/,62 822-6678-6410,https://www.google.com/maps/search/?api=1&query=Shin%20In%20Bali&query_place_id=ChIJTaJ4NO1H0i0RFTa5hNBpZ0A,Hotel,False,True,False,False,9,udh dicek,10,Sedang,Sedang,1,1,0,1
Space Villas,4.7,179,Jl. Drupadi No.8,Badung Regency,https://spacevillasbali.com/,62 361 731100,https://www.google.com/maps/search/?api=1&query=Space%20Villas&query_place_id=ChIJ6-HWjBhH0i0R5ugNGlOzCs0,Villa,True,False,True,False,9,udh dicek,11,Sedang,Sedang,1,1,0,1
Swiss-Belcourt Sunset,4.7,321,Jl. Bidadari No.2,Badung Regency,https://www.swiss-belhotel.com/hotels/swiss-belcourt-sunset?utm_source=Google&utm_medium=GMB&utm_campaign=website,62 361 732088,https://www.google.com/maps/search/?api=1&query=Swiss-Belcourt%20Sunset&query_place_id=ChIJXb5urjxH0i0RMkonS1zwAuE,Hotel,True,False,False,False,7,udh dicek,8,Sedang,Sedang,1,1,0,1
Swiss-Belinn Seminyak,4.7,691,Jl. Dewi Saraswati III No.53-55,Badung Regency,https://www.swiss-belhotel.com/hotels/swiss-belinn-seminyak?utm_source=Google&utm_medium=GMB,62 361 4741953,https://www.google.com/maps/search/?api=1&query=Swiss-Belinn%20Seminyak&query_place_id=ChIJO2aDqyVH0i0R5ac30dOPAUc,Hotel,True,False,True,False,8,udh dicek,10,Sedang,Sedang,1,1,0,1
The Anvaya Beach Resort Bali,4.7,14649,Jl. Kartika Plaza,Badung Regency,https://www.theanvayabali.com/,62 361 2090477,https://www.google.com/maps/search/?api=1&query=The%20Anvaya%20Beach%20Resort%20Bali&query_place_id=ChIJF70-LKBG0i0RUO3m3-Jy9BM,Hotel,True,True,True,True,14,udh dicek,18,Tinggi,Tinggi,1,1,0,1
The Balé Nusa Dua by LifestyleRetreats,4.7,497,Jl. Raya Nusa Dua Selatan,Badung Regency,https://lifestyleretreats.com/the-bale-nusa-dua/?utm_source=google&utm_medium=gmb&utm_campaign=googlemybusiness,62 812-3845-600,https://www.google.com/maps/search/?api=1&query=The%20Bal%C3%A9%20Nusa%20Dua%20by%20LifestyleRetreats&query_place_id=ChIJC_7MoM1c0i0Rln9HyM-nOJA,Hotel,True,False,False,False,15,udh dicek,16,Tinggi,Tinggi,1,1,0,1
The Fields Hotel & Apartment,4.7,23,Jl. Gn. Payung No.34,Denpasar City,https://instagram.com/thefieldsapartment?igshid=MmU2YjMzNjRlOQ==,62 878-1114-9288,https://www.google.com/maps/search/?api=1&query=The%20Fields%20Hotel%20%26%20Apartment&query_place_id=ChIJL9e0rexH0i0RLqS5oBeZd70,Hotel,True,False,False,False,8,udh dicek,9,Sedang,Sedang,1,1,0,1
"The Laguna, a Luxury Collection Resort & Spa, Nusa Dua, Bali",4.7,3615,"Kawasan Pariwisata, Jl. Nusa Dua No.2 Lot N",Badung Regency,https://www.marriott.com/en-us/hotels/dpslc-the-laguna-a-luxury-collection-resort-and-spa-nusa-dua-bali/overview/?scid=f2ae0541-1279-4f24-b197-a979c79310b0,62 361 771327,https://www.google.com/maps/search/?api=1&query=The%20Laguna%2C%20a%20Luxury%20Collection%20Resort%20%26%20Spa%2C%20Nusa%20Dua%2C%20Bali&query_place_id=ChIJGVcbnCZD0i0Rgr93Q2UcMds,Hotel,True,True,True,True,16,udh dicek,20,Sangat tinggi,Tinggi,1,1,0,1
"The Oberoi Beach Resort, Bali",4.7,844,"Seminyak Beach, Jl. Kayu Aya",Bali,https://www.oberoihotels.com/hotels-in-bali/?utm_source=GMBlisting&utm_medium=organic,62 361 730361,https://www.google.com/maps/search/?api=1&query=The%20Oberoi%20Beach%20Resort%2C%20Bali&query_place_id=ChIJLa7L3xpH0i0RuHscXTwPrc4,Resort hotel,True,False,True,True,12,udh dicek,15,Tinggi,Sedang,1,1,0,1
The Royal Santrian Luxury Beach Villas,4.7,1370,"Nusa Dua, Jl. Pratama",Badung Regency,http://www.theroyalsantrian.com/,62 361 778181,https://www.google.com/maps/search/?api=1&query=The%20Royal%20Santrian%20Luxury%20Beach%20Villas&query_place_id=ChIJXUTLB0dD0i0R1XOfO6YRGUc,Villa,True,True,True,True,10,udh dicek,14,Tinggi,Sedang,1,1,0,1
The Samaya Seminyak Bali,4.7,1275,"Seminyak Beach, Jl. Kayu Aya",Badung Regency,https://thesamayabali.com/seminyak/,62 361 731149,https://www.google.com/maps/search/?api=1&query=The%20Samaya%20Seminyak%20Bali&query_place_id=ChIJ-aTejwAu0i0Rv1y_KkQ-xtg,Resort hotel,True,True,True,False,12,udh dicek,15,Tinggi,Sedang,1,1,0,1
"The Stones Hotel - Legian Bali, Autograph Collection",4.7,5571,Jl. Raya Pantai Kuta Banjar Legian Kelod,Badung Regency,https://www.marriott.com/en-us/hotels/dpsak-the-stones-hotel-legian-bali-autograph-collection/overview/?scid=f2ae0541-1279-4f24-b197-a979c79310b0,62 361 3005888,https://www.google.com/maps/search/?api=1&query=The%20Stones%20Hotel%20-%20Legian%20Bali%2C%20Autograph%20Collection&query_place_id=ChIJl3yZssFG0i0Rcjd59j7NNn4,Hotel,True,True,True,False,15,udh dicek,18,Tinggi,Tinggi,1,1,0,1
THE TANDIBAYANG HOTEL AND VILLAS,4.7,234,Jl. Sahadewa No.19,Badung Regency,http://thetandibayanghotelbali.com/,62 811-3827-6777,https://www.google.com/maps/search/?api=1&query=THE%20TANDIBAYANG%20HOTEL%20AND%20VILLAS&query_place_id=ChIJTw7yAYdH0i0RoYTaZoFEy4I,Hotel,True,True,True,False,10,udh dicek,13,Tinggi,Sedang,1,1,0,1
The Trans Resort Bali,4.7,6580,Jl. Sunset Road,Badung Regency,https://www.transresortbali.com/,62 361 8981234,https://www.google.com/maps/search/?api=1&query=The%20Trans%20Resort%20Bali&query_place_id=ChIJSdIXcT1H0i0R0vTqmwjznss,Hotel,True,True,True,True,10,udh dicek,14,Tinggi,Sedang,1,1,0,1
Tropical House Legian,4.7,12,"Garlic Lane, Jl. Sahadewa No.Gang 9",Badung Regency,https://www.villaslegianbali.com/,,https://www.google.com/maps/search/?api=1&query=Tropical%20House%20Legian&query_place_id=ChIJKaOfV8lH0i0RWvelFMAsR60,Holiday apartment rental,False,False,False,False,6,udh dicek,6,Rendah,Rendah,1,0,2,2
Utari Residence,4.7,40,Jl. Nakula 5 No.11B,Badung Regency,,62 812-3944-975,https://www.google.com/maps/search/?api=1&query=Utari%20Residence&query_place_id=ChIJZ1hV2ttG0i0R5TLDC1ev9cA,Hotel,True,False,True,False,5,udh dicek,7,Sedang,Rendah,0,1,1,3
Villa Agni,4.7,28,Jl. Kayu Aya Gg. Damai No.29f,Badung Regency,,,https://www.google.com/maps/search/?api=1&query=Villa%20Agni&query_place_id=ChIJ2-g8PhhH0i0RY4LSX2RJ9Ig,Group accommodation,False,False,True,False,6,udh dicek,7,Sedang,Rendah,0,0,3,4
Villa Bali Asri Seminyak,4.7,127,Jl. Sari Dewi No.39,Badung Regency,https://seminyak.villabaliasri.com/,62 361 735444,https://www.google.com/maps/search/?api=1&query=Villa%20Bali%20Asri%20Seminyak&query_place_id=ChIJaaGKqh5H0i0RB5Ks3bbwyCE,Villa,True,False,True,True,15,udh dicek,18,Tinggi,Tinggi,1,1,0,1
Villa Drupadi Seminyak,4.7,68,Jl. Drupadi No.16,Badung Regency,http://www.villadrupadi16.com/,62 853-3910-9266,https://www.google.com/maps/search/?api=1&query=Villa%20Drupadi%20Seminyak&query_place_id=ChIJrUIwcxhH0i0RYTCDilVpXsw,Villa,True,False,True,True,4,udh dicek,7,Sedang,Rendah,1,1,0,1
Villa Havana Seminyak,4.7,14,Gg. Yogi Jl. Raya Kerobokan No.112,Badung Regency,http://www.villahavanaseminyak.com/,61 414 888 859,https://www.google.com/maps/search/?api=1&query=Villa%20Havana%20Seminyak&query_place_id=ChIJLTrV8QdH0i0RHlazvstUbf0,Holiday apartment rental,True,False,True,False,1,udh dicek,3,Rendah,Rendah,1,1,0,1
Villa Hope & Joy,4.7,14,Jl. Drupadi No.20,Badung Regency,http://www.villacoconutbali.com/,62 822-4701-9898,https://www.google.com/maps/search/?api=1&query=Villa%20Hope%20%26%20Joy&query_place_id=ChIJcTuadyJH0i0RycFBFiXLZSs,Villa,False,False,False,False,3,udh dicek,3,Rendah,Rendah,1,1,0,1
Villa Naga,4.7,33,Jl. Dewi Sri I Jl. Sunset Road No.75,Badung Regency,http://villanaga.com/,62 818-138-938,https://www.google.com/maps/search/?api=1&query=Villa%20Naga&query_place_id=ChIJM57GF9BG0i0RZFlxXody5fQ,Villa,True,False,False,False,3,udh dicek,4,Rendah,Rendah,1,1,0,1
Villa Safari,4.7,29,Jl. Dewi Saraswati II No.9X,Badung Regency,http://mavibalirentals.com/products/villa-safari,62 812-3814-5664,https://www.google.com/maps/search/?api=1&query=Villa%20Safari&query_place_id=ChIJM8a6biRH0i0RwyTDm6MZkTc,Villa,False,False,False,False,7,uda DI CEK,7,Sedang,Sedang,1,1,0,1
Vivara Bali Private Pool Villas & Spa Retreat,4.7,393,Jl. Karang Mas,Badung Regency,http://www.vivarabali.com/,62 361 4724977,https://www.google.com/maps/search/?api=1&query=Vivara%20Bali%20Private%20Pool%20Villas%20%26%20Spa%20Retreat&query_place_id=ChIJH1Ilm3dF0i0RswU6MFu8auI,Resort hotel,True,True,True,True,6,udh dicek,10,Sedang,Rendah,1,1,0,1
ZEN Rooms Kuta Sentral Parkir 2,4.7,3,Komplek Istana Kuta Galeria Blok Ethnic No 12/12A,Badung Regency,https://zenrooms.com/hotel/9/zen-rooms-kuta-sentral-parkir-2-bali-1364?utm_source=local&utm_medium=organic&utm_campaign=gmb,62 855-7467-1004,https://www.google.com/maps/search/?api=1&query=ZEN%20Rooms%20Kuta%20Sentral%20Parkir%202&query_place_id=ChIJ32mX9chG0i0RZHnrx0HjGE8,Hotel,True,False,True,False,3,uda DI CEK,5,Rendah,Rendah,1,1,0,1
Adinda Homestay Kerobokan,4.8,33,Unnamed Road,Denpasar City,,,https://www.google.com/maps/search/?api=1&query=Adinda%20Homestay%20Kerobokan&query_place_id=ChIJDSdwHTRH0i0R3tP7RBWmZ34,Hotel,False,False,False,False,1,uda DI CEK,1,Rendah,Rendah,0,0,3,4
Althia Private Capsule Quarters,4.8,21,Jl. Nakula No.18A,Badung Regency,https://althiacapsulequarters.com/,62 877-4543-3242,https://www.google.com/maps/search/?api=1&query=Althia%20Private%20Capsule%20Quarters&query_place_id=ChIJoVBUPdpG0i0RQjs1JopFyXc,Hotel,True,True,False,False,6,uda DI CEK,8,Sedang,Rendah,1,1,0,1
Amnaya Resort Nusa Dua,4.8,1780,Jl. Pratama No.87,Badung Regency,https://www.amnayahotel.com/nusadua,62 361 4773380,https://www.google.com/maps/search/?api=1&query=Amnaya%20Resort%20Nusa%20Dua&query_place_id=ChIJYyph_59D0i0RKSegfS7z8do,Resort hotel,True,False,True,True,4,uda DI CEK,7,Sedang,Rendah,1,1,0,1
Anathera Resort Kuta,4.8,18468,Jl. Kubu Anyar No.31,                                                                                                                                                                                                                       ,http://www.anatheraresort.com/,62 361 4727177,https://www.google.com/maps/search/?api=1&query=Anathera%20Resort%20Kuta&query_place_id=ChIJzbAXMR5E0i0Rb96_M_Jb1rM,Hotel,True,True,True,True,5,uda DI CEK,9,Sedang,Rendah,1,1,0,1
Artura Tepisawa,4.8,10,Jalan Gunung Athena III/6 Padang Sambian Kelod West DPS,Denpasar City,,62 361 734942,https://www.google.com/maps/search/?api=1&query=Artura%20Tepisawa&query_place_id=ChIJx7g9NS9H0i0RyIgIFjzpMY8,Resort hotel,True,False,False,False,3,uda DI CEK,4,Rendah,Rendah,0,1,1,3
Avani Seminyak Resort Bali,4.8,4,,Badung Regency,https://voyabay.com/rentals/lpf23bb,,https://www.google.com/maps/search/?api=1&query=Avani%20Seminyak%20Resort%20Bali&query_place_id=ChIJa3FmoxhH0i0RtvH-R15Pz8g,Vacation Rental,True,False,True,False,12,uda DI CEK,14,Tinggi,Sedang,1,0,2,2
Ayodya Resort Bali,4.8,12828,Jl. Pantai Mengiat No.4,Badung Regency,https://www.ayodyaresortbali.com/,62 361 771102,https://www.google.com/maps/search/?api=1&query=Ayodya%20Resort%20Bali&query_place_id=ChIJ-yUZDMRc0i0RtaoD9YgFA-U,Resort hotel,True,True,True,True,11,uda DI CEK,15,Tinggi,Sedang,1,1,0,1
Baliterraneo Boutique Resort,4.8,283,Jl. Yudistira No.69,Badung Regency,http://baliterraneoresort.com/,62 822-6658-2940,https://www.google.com/maps/search/?api=1&query=Baliterraneo%20Boutique%20Resort&query_place_id=ChIJabIbNwBH0i0RpSpnWUxyBJU,Resort hotel,True,True,True,False,19,uda DI CEK,22,Sangat tinggi,Sangat tinggi,1,1,0,1
Biliq Coliving Space (an Airbnb Superhost),4.8,115,"Banjar Basangkasa, Jl. Dewi Saraswati III No.77",Badung Regency,http://www.biliqbali.com/coliving,62 881-8840-443,https://www.google.com/maps/search/?api=1&query=Biliq%20Coliving%20Space%20(an%20Airbnb%20Superhost)&query_place_id=ChIJT8l6kUlH0i0RpgE1427bVoc,Hotel,True,True,True,True,6,uda DI CEK,10,Sedang,Rendah,1,1,0,1
Blue Karma Seminyak,4.8,562,,,,(0361) 737898,https://www.google.com/maps/search/?api=1&query=Blue%20Karma%20Seminyak&query_place_id=ChIJV4-UYyBH0i0RBgVLsuozv2c,Hotel,True,True,True,False,8,uda DI CEK,11,Sedang,Sedang,0,1,1,3
CASA DE LA VIDA,4.8,5,"75VG+6V3, Jl. Dewi Sri VIII",Badung Regency,,,https://www.google.com/maps/search/?api=1&query=CASA%20DE%20LA%20VIDA&query_place_id=ChIJNzciJQpH0i0RLa6LP4Rddes,Villa,False,False,False,False,7,UDA DI CEK,7,Sedang,Sedang,0,0,3,4
Casa Mateo Villa,4.8,41,"Jl. Braban No.103X Banjar Taman, Kerobokan",Badung Regency,http://www.balicasa.net/,62 812-4600-4334,https://www.google.com/maps/search/?api=1&query=Casa%20Mateo%20Villa&query_place_id=ChIJhYfjBhdH0i0REzpIEBchNa0,Villa,True,True,False,False,7,UDA DI CEK,9,Sedang,Sedang,1,1,0,1
Casamaya Villa,4.8,29,Jl. Pandawa No.96 No. 96,Badung Regency,http://www.casamayavillla.com/,62 821-4632-4098,https://www.google.com/maps/search/?api=1&query=Casamaya%20Villa&query_place_id=ChIJDxIWG9tG0i0RaMzCpO1iBSI,Villa,True,False,True,False,10,UDA DI CEK,12,Sedang,Sedang,1,1,0,1
Eight Palms Villa Seminyak by iNi Vie Hospitality,4.8,375,Jl. Pandawa No.8A,Badung Regency,http://inivie.com/eightpalmsvilla/?utm_source=google&utm_medium=organic&utm_campaign=google_business_profile,62 813-3746-6780,https://www.google.com/maps/search/?api=1&query=Eight%20Palms%20Villa%20Seminyak%20by%20iNi%20Vie%20Hospitality&query_place_id=ChIJWeHqlmhH0i0RaZRu2lXomWo,Hotel,True,True,True,True,7,UDA DI CEK,11,Sedang,Sedang,1,1,0,1
Gempita House Legian,4.8,40,"75RG+74M, Gg. Lestari",Badung Regency,http://gempitahouse.zoombookdirect.com/,,https://www.google.com/maps/search/?api=1&query=Gempita%20House%20Legian&query_place_id=ChIJvSX-DcxH0i0RBXELHse32yo,Hotel,True,False,True,False,8,UDA DI CEK,10,Sedang,Sedang,1,0,2,2
Glamp Nusa,4.8,482,"Jl. Villa Shanti, Lingkungan Sawangan Jl. Raya Nusa Dua Selatan",Badung Regency,https://glampnusa.com/rooms,62 811-3801-6524,https://www.google.com/maps/search/?api=1&query=Glamp%20Nusa&query_place_id=ChIJi3nw6mdd0i0RNq8w13Rt0-w,Resort hotel,True,True,True,True,9,UDA DI CEK,13,Tinggi,Sedang,1,1,0,1
Grand Cliff Nusa Dua,4.8,24,"5674+9Q3, Jl. Villa Shanti Asmara",Badung Regency,https://www.elitehavens.com/grand-cliff-nusa-dua-villa/nusa-dua-bali-indonesia.aspx?utm_source=google&utm_medium=organic&utm_campaign=gmb-listing,,https://www.google.com/maps/search/?api=1&query=Grand%20Cliff%20Nusa%20Dua&query_place_id=ChIJbbslMo9d0i0RZYkOS0dvuMo,Villa,False,False,True,False,12,UDA DI CEK,13,Tinggi,Sedang,1,0,2,2
Hazel Villa,4.8,49,Jl. Drupadi 1 No.23,Badung Regency,https://www.granddelight.net/,62 811-3821-6948,https://www.google.com/maps/search/?api=1&query=Hazel%20Villa&query_place_id=ChIJTSKt2_BH0i0RgkGOP_7LwT8,Villa,True,True,True,False,4,UDA DI CEK,7,Sedang,Rendah,1,1,0,1
Holl Villa - Family Two Bedroom Private Pool Villa in Legian,4.8,376,Jl. Kresna No.89,Badung Regency,http://www.hollvilla.com/,,https://www.google.com/maps/search/?api=1&query=Holl%20Villa%20-%20Family%20Two%20Bedroom%20Private%20Pool%20Villa%20in%20Legian&query_place_id=ChIJcz1jpMhG0i0RBLXyCh8ySl4,Villa,True,False,True,False,7,UDA DI CEK,9,Sedang,Sedang,1,0,2,2
Hotel Indigo Bali Seminyak Beach by IHG,4.8,8559,Jl. Camplung Tanduk No.10,Badung Regency,https://www.ihg.com/hotelindigo/hotels/us/en/bali/dpsin/hoteldetail?cm_mmc=GoogleMaps-_-IN-_-ID-_-DPSIN,62 361 2099999,https://www.google.com/maps/search/?api=1&query=Hotel%20Indigo%20Bali%20Seminyak%20Beach%20by%20IHG&query_place_id=ChIJk6Zg2R1H0i0R3qSXgY5tnm8,Hotel,True,True,True,True,16,UDA DI CEK,20,Sangat tinggi,Tinggi,1,1,0,1
Kayumanis Jimbaran Private Estate,4.8,464,Jl. Yoga Perkanthi Lingkungan,Badung Regency,https://www.kayumanisjimbaran.com/,62 361 705777,https://www.google.com/maps/search/?api=1&query=Kayumanis%20Jimbaran%20Private%20Estate&query_place_id=ChIJGzISkGFE0i0RN1BD3tVE5vI,Hotel,True,True,True,True,9,UDA DI CEK,13,Tinggi,Sedang,1,1,0,1
La Vie Villa Seminyak by iNi Vie Hospitality,4.8,646,Jl. Pandawa No.88 A,Badung Regency,http://inivie.com/lavievilla/?utm_source=google&utm_medium=organic&utm_campaign=google_business_profile,62 811-3960-7258,https://www.google.com/maps/search/?api=1&query=La%20Vie%20Villa%20Seminyak%20by%20iNi%20Vie%20Hospitality&query_place_id=ChIJ75JsGdtG0i0R_EY8exnMgiU,Villa,True,True,True,True,8,UDA DI CEK,12,Sedang,Sedang,1,1,0,1
Le Cielo Romantic Villas HONEYMOON VILLA IN SEMINYAK,4.8,81,Jl. Shri Lakshmi No.I,Badung Regency,http://www.lecielovillas.com/,62 859-4252-0995,https://www.google.com/maps/search/?api=1&query=Le%20Cielo%20Romantic%20Villas%20HONEYMOON%20VILLA%20IN%20SEMINYAK&query_place_id=ChIJr6r6kklH0i0RNueP_VgNqCA,Hotel,True,False,True,False,5,UDA DI CEK,7,Sedang,Rendah,1,1,0,1
LITUS Hotels,4.8,311,Jl. Buana Sari,Badung Regency,https://lituss.hotelf1.top/,62 361 735288,https://www.google.com/maps/search/?api=1&query=LITUS%20Hotels&query_place_id=ChIJ5YXHSPhF0i0RKNdWkbWsrEw,Hotel,False,False,False,False,8,UDA DI CEK,8,Sedang,Sedang,1,1,0,1
Maya Sanur Resort & Spa,4.8,6380,Jl. Danau Tamblingan No.89M,Denpasar City,https://mayaresorts.com/sanur,62 361 8497800,https://www.google.com/maps/search/?api=1&query=Maya%20Sanur%20Resort%20%26%20Spa&query_place_id=ChIJm8XKLsZB0i0R6QtMj8jLCA8,Resort hotel,True,False,True,False,13,UDA DI CEK,15,Tinggi,Tinggi,1,1,0,1
Moonshine villa,4.8,16,"perum puri damai, Jl. Yudistira Gg. Cemara No.4C 4D",Badung Regency,,62 813-5381-1415,https://www.google.com/maps/search/?api=1&query=Moonshine%20villa&query_place_id=ChIJTzjZz2JF0i0Rs_plDpNfMcU,Hotel,False,False,False,False,4,UDA DI CEK,4,Rendah,Rendah,0,1,1,3
"Mulia Villas - Nusa Dua, Bali",4.8,1299,"Kawasan Sawangan, Jl. Raya Nusa Dua Selatan Jl. Nusa Dua",Badung Regency,https://www.themulia.com/bali/mulia-villas,62 361 8467777,https://www.google.com/maps/search/?api=1&query=Mulia%20Villas%20-%20Nusa%20Dua%2C%20Bali&query_place_id=ChIJcSwDAsxc0i0RLWsuHHyTTxE,Villa,True,True,True,True,12,UDA DI CEK,16,Tinggi,Sedang,1,1,0,1
OCEAN GRAND BEACH BALI,4.8,2200,"Jl Camplung Tanduk Dhyana Pura, Seminyak Beach",Badung Regency,https://all.accor.com/hotel/C4D5/index.en.shtml#section-facilities,62 852-1113-232,https://www.google.com/maps/search/?api=1&query=OCEAN%20GRAND%20BEACH%20BALI&query_place_id=ChIJoQpRpNJH0i0RAMW974pe3wU,Restaurant,True,True,True,False,3,UDA DI CEK,6,Rendah,Rendah,1,1,0,1
"One Eleven Retreat – Adults Only Private Pool Villas, Seminyak, Bali",4.8,253,Jl. Pangkung Sari No.3,Badung Regency,https://111resorts.com/seminyak-resort/retreat/,62 361 731343,https://www.google.com/maps/search/?api=1&query=One%20Eleven%20Retreat%20%E2%80%93%20Adults%20Only%20Private%20Pool%20Villas%2C%20Seminyak%2C%20Bali&query_place_id=ChIJbUFaxRZH0i0R7eQZf_rP-cs,Resort hotel,True,True,True,True,12,UDA DI CEK,16,Tinggi,Sedang,1,1,0,1
Padma Resort Legian,4.8,6409,Jl. Padma No.1,Badung Regency,http://www.padmaresortlegian.com/,62 361 752111,https://www.google.com/maps/search/?api=1&query=Padma%20Resort%20Legian&query_place_id=ChIJ2cAB8cJG0i0R0ICJSQC3nBw,Resort hotel,True,False,True,False,9,UDA DI CEK,11,Sedang,Sedang,1,1,0,1
Sahana Villas,4.8,165,Jl. Kayu Aya Oberoi Street No.35B,Badung Regency,http://www.sahanavillas.com/,62 811-3882-070,https://www.google.com/maps/search/?api=1&query=Sahana%20Villas&query_place_id=ChIJ89bVIhhH0i0R4BIhI2UatAs,Hotel,True,True,True,True,8,UDA DI CEK,12,Sedang,Sedang,1,1,0,1
Samblung Mas House,4.8,180,Jl. Griya Anyar No.16,Denpasar City,,62 812-3910-900,https://www.google.com/maps/search/?api=1&query=Samblung%20Mas%20House&query_place_id=ChIJh92sHU1B0i0RRfLPKK80H78,Hotel,True,False,False,False,6,UDA DI CEK,7,Sedang,Rendah,0,1,1,3
Saudara Villas One & Two,4.8,54,Gg. Kahyangan No.6,Badung Regency,http://www.saudaravillas.com/,,https://www.google.com/maps/search/?api=1&query=Saudara%20Villas%20One%20%26%20Two&query_place_id=ChIJx6y18BpH0i0Rn3KO4-CIr6U,Resort hotel,True,True,True,False,3,UDA DI CEK,6,Rendah,Rendah,1,0,2,2
Seminyak Sanctuary Beach Villa by iNi Vie Hospitality,4.8,1218,Jl. Pandawa No.88 B,Badung Regency,http://inivie.com/seminyaksanctuaryvilla/?utm_source=google&utm_medium=organic&utm_campaign=google_business_profile,62 811-3960-7338,https://www.google.com/maps/search/?api=1&query=Seminyak%20Sanctuary%20Beach%20Villa%20by%20iNi%20Vie%20Hospitality&query_place_id=ChIJiwLJ0cRG0i0Rz-A4Dird2mo,Villa,True,True,True,True,6,UDA DI CEK,10,Sedang,Rendah,1,1,0,1
Sini Vie Resort & Spa Seminyak by iNi Vie Hospitality,4.8,1251,Jl. Dewi Saraswati No.88 A,Badung Regency,http://inivie.com/sinivieresort/?utm_source=google&utm_medium=organic&utm_campaign=google_business_profile,62 812-3850-4678,https://www.google.com/maps/search/?api=1&query=Sini%20Vie%20Resort%20%26%20Spa%20Seminyak%20by%20iNi%20Vie%20Hospitality&query_place_id=ChIJcc-wiB5H0i0RP9tY8ccRG70,Resort hotel,True,True,True,True,8,UDA DI CEK,12,Sedang,Sedang,1,1,0,1
Sumitra Luxury Villas & Resort by Pramana,4.8,252,Jl. Tirta Empul,Denpasar City,http://sumitrahotels.com/,62 361 9581011,https://www.google.com/maps/search/?api=1&query=Sumitra%20Luxury%20Villas%20%26%20Resort%20by%20Pramana&query_place_id=ChIJgwubR2tB0i0RMrmDK_VMsGs,Resort hotel,True,False,True,False,12,UDA DI CEK,14,Tinggi,Sedang,1,1,0,1
TanaDewa Villas Nusa Dua Bali by Cross Collection,4.8,1476,Jl. Taman Giri No.11,Badung Regency,https://www.tanadewanusadua.com/,62 361 8959740,https://www.google.com/maps/search/?api=1&query=TanaDewa%20Villas%20Nusa%20Dua%20Bali%20by%20Cross%20Collection&query_place_id=ChIJ-8i7uGVD0i0R2Abs44XBK2M,Villa,True,True,True,False,8,UDA DI CEK,11,Sedang,Sedang,1,1,0,1
Tanaga Coliving,4.8,414,"8569+W48, Jalan Raya Basangkasa Gg. sariwangi No.14A",Badung Regency,http://www.tanagaseminyak.com/,62 811-3887-0777,https://www.google.com/maps/search/?api=1&query=Tanaga%20Coliving&query_place_id=ChIJY1mNzzFH0i0Rd3Do_IHu-Vg,Hotel,True,True,True,False,10,UDA DI CEK,13,Tinggi,Sedang,1,1,0,1
The Apurva Kempinski Bali,4.8,15554,Jl. Raya Nusa Dua Selatan No.4,Badung Regency,https://www.kempinski.com/en/the-apurva-kempinski-bali?utm_medium=organic&utm_source=google&utm_campaign=KIDPS1&utm_content=gmb&source=S308962248,62 361 2092288,https://www.google.com/maps/search/?api=1&query=The%20Apurva%20Kempinski%20Bali&query_place_id=ChIJ-y0a4MBc0i0RnO2HW2UbbUg,Hotel,True,False,True,True,22,UDA DI CEK,25,Sangat tinggi,Sangat tinggi,1,1,0,1
The Banksia Suites Bali,4.8,17,Jl. Padma No.51,Badung Regency,http://www.banksiasuitesbali.com/,,https://www.google.com/maps/search/?api=1&query=The%20Banksia%20Suites%20Bali&query_place_id=ChIJ9ZmEDMNG0i0RJuAO5s2diAA,Hotel,False,False,True,False,2,UDA DI CEK,3,Rendah,Rendah,1,0,2,2
The New Moon Seminyak,4.8,29,Jl. Bidadari 1 No.89,Badung Regency,,62 813-3841-6111,https://www.google.com/maps/search/?api=1&query=The%20New%20Moon%20Seminyak&query_place_id=ChIJ81h9TB1H0i0RSoZ9nfmOpj0,Serviced accommodation,True,False,False,False,10,UDA DI CEK,11,Sedang,Sedang,0,1,1,3
The Seminyak Beach Resort & Spa,4.8,2785,"8573+VJ8, Jl. Kayu Aya",Badung Regency,http://www.theseminyak.com/,62 361 730814,https://www.google.com/maps/search/?api=1&query=The%20Seminyak%20Beach%20Resort%20%26%20Spa&query_place_id=ChIJzcxjwRpH0i0RkCvrbJ5wmL8,Hotel,True,True,True,True,16,UDA DI CEK,20,Sangat tinggi,Tinggi,1,1,0,1
The St. Regis Bali Resort,4.8,2770,Jl. Raya Nusa Dua Selatan,Badung Regency,https://www.marriott.com/en-us/hotels/dpsxr-the-st-regis-bali-resort/overview/?scid=f2ae0541-1279-4f24-b197-a979c79310b0,62 361 8478111,https://www.google.com/maps/search/?api=1&query=The%20St.%20Regis%20Bali%20Resort&query_place_id=ChIJlxcgYM1c0i0RIbLfYRwiJDo,Hotel,True,False,True,False,16,UDA DI CEK,18,Tinggi,Tinggi,1,1,0,1
Utopic Suite Residence,4.8,4,Jl. Campuhan II No.6A,Badung Regency,,62 896-9599-8829,https://www.google.com/maps/search/?api=1&query=Utopic%20Suite%20Residence&query_place_id=ChIJ1XMe0NpG0i0ROeq2CHru81k,Hotel,True,False,True,False,7,UDA DI CEK,9,Sedang,Sedang,0,1,1,3
Villa Ananda,4.8,27,Jl. Dewi Saraswati II No.5,Badung Regency,,,https://www.google.com/maps/search/?api=1&query=Villa%20Ananda&query_place_id=ChIJ72Y1mSRH0i0RPeWUiUHhbqw,Hotel,True,False,True,False,8,UDA DI CEK,10,Sedang,Sedang,0,0,3,4
Villa Assia,4.8,12,854G+V6W,Badung Regency,,,https://www.google.com/maps/search/?api=1&query=Villa%20Assia&query_place_id=ChIJv2TQ8idH0i0RUyu36AGui9I,Hotel,True,False,False,False,1,UDA DI CEK,2,Rendah,Rendah,0,0,3,4
Villa Ava Bali,4.8,50,"Jl.Pangkung Sari No. 6, Kerobokan, Seminyak",Badung Regency,,62 361 4741172,https://www.google.com/maps/search/?api=1&query=Villa%20Ava%20Bali&query_place_id=ChIJx9Z-MUFA0i0R1EoSjAZYZ9s,Villa,True,True,False,False,11,UDA DI CEK,13,Tinggi,Sedang,0,1,1,3
VILLA DEWATA ONE,4.8,58,Jl. Raya Basangkasa Gg. Dewata No.15B,Badung Regency,https://www.bealittle.com.au/pages/guest-house,,https://www.google.com/maps/search/?api=1&query=VILLA%20DEWATA%20ONE&query_place_id=ChIJW5EOjyJH0i0Rjv8SQ7bvlmE,Resort hotel,True,False,True,False,1,UDA DI CEK,3,Rendah,Rendah,1,0,2,2
Villa Indigo,4.8,49,Jl. Drupadi II No.20,Badung Regency,https://book.northern.estate/properties/636f1199438cc1004636553b,62 813-3850-6040,https://www.google.com/maps/search/?api=1&query=Villa%20Indigo&query_place_id=ChIJbyOQyS5H0i0R9WiYlTsy7dM,Hotel,True,True,True,True,5,UDA DI CEK,9,Sedang,Rendah,1,1,0,1
Villa jerami,4.8,412,Jl. Bali Deli No.1,Badung Regency,http://villajerami.com/,62 361 8475970,https://www.google.com/maps/search/?api=1&query=Villa%20jerami&query_place_id=ChIJS_Wv-LtH0i0RDH6crYVPkx0,Villa,True,True,True,True,6,UDA DI CEK,10,Sedang,Rendah,1,1,0,1
Villa Luma Seminyak,4.8,13,"8567+VQH, Gg. Mertasari",Badung Regency,https://luxuryvillabali.com/,62 817-4744-664,https://www.google.com/maps/search/?api=1&query=Villa%20Luma%20Seminyak&query_place_id=ChIJFyH1AKJH0i0RLT5uaJadMgc,Holiday home,True,True,False,False,9,UDA DI CEK,11,Sedang,Sedang,1,1,0,1
Villa Mia Seminyak - Boutique Villas - II,4.8,48,Jl. Sari Dewi Gg. Salia,Badung Regency,https://www.villamiabali.com/,62 811-3940-3060,https://www.google.com/maps/search/?api=1&query=Villa%20Mia%20Seminyak%20-%20Boutique%20Villas%20-%20II&query_place_id=ChIJQfmNP_5H0i0REfEj7c9DVos,Hotel,True,False,True,False,2,UDA DI CEK,4,Rendah,Rendah,1,1,0,1
Villa Mimpi,4.8,5,"75PG+HQJ, Villa Mimpi, Jl. Mataram, De,, Gg. Jepun",Badung Regency,https://www.kutavillamimpi.com.au/,61 404 007 663,https://www.google.com/maps/search/?api=1&query=Villa%20Mimpi&query_place_id=ChIJNVYU_cdG0i0Recs9dtNq_kk,Villa,True,False,True,False,20,UDA DI CEK,22,Sangat tinggi,Sangat tinggi,1,1,0,1
Villa Uma Sapna,4.8,647,"Jalan Drupadi Banjar, Jl. Raya Basangkasa Gg. Kahyangan",Badung Regency,https://umasapna.com/,62 878-8873-6628,https://www.google.com/maps/search/?api=1&query=Villa%20Uma%20Sapna&query_place_id=ChIJ0WmmucVG0i0RxfcC56MX2MY,Hotel,True,False,True,True,12,UDA DI CEK,15,Tinggi,Sedang,1,1,0,1
Voyage Villas,4.8,33,Jl. Raya Basangkasa No.40,Badung Regency,,62 857-3975-4640,https://www.google.com/maps/search/?api=1&query=Voyage%20Villas&query_place_id=ChIJ-_hw8iJH0i0RYRsGmK9sTO4,Hotel,True,True,True,False,1,UDA DI CEK,4,Rendah,Rendah,0,1,1,3
Aka Villa Bali 5 bedroom,4.9,20,"No.7, Jl. Nakula 5 No.4",Badung Regency,,,https://www.google.com/maps/search/?api=1&query=Aka%20Villa%20Bali%205%20bedroom&query_place_id=ChIJjZA-19tG0i0RsqUyJymEFWE,Hotel,True,False,True,False,2,UDA DI CEK,4,Rendah,Rendah,0,0,3,4
Avani Seminyak Resort Bali,4.9,18,,Badung Regency,,,https://www.google.com/maps/search/?api=1&query=Avani%20Seminyak%20Resort%20Bali&query_place_id=ChIJa3FmoxhH0i0Rwd6AY3Ft_f4,Villa,True,False,True,False,12,UDA DI CEK,14,Tinggi,Sedang,0,0,3,4
Ayatana Bali,4.9,14,"8576+974, Gg. Taman Pule",Badung Regency,http://ayatanabali.com/,,https://www.google.com/maps/search/?api=1&query=Ayatana%20Bali&query_place_id=ChIJEQJwnxlH0i0RJpoX6FTE7_s,Villa,True,False,True,False,9,UDA DI CEK,11,Sedang,Sedang,1,0,2,2
Capricorn Villa,4.9,61,Jl. Nakula 5 No.8,Badung Regency,https://www.booking.com/searchresults.id.html?aid=356980&label=gog235jc-10CAsoaEIhY2Fwcmljb3JuLXZpbGxhLWthYnVwYXRlbi1iYWR1bmcxSBJYA2hoiAECmAEzuAEJyAER2AED6AEB-AEBiAIBqAIBuALAitLOBsACAdICJDk1YTdjZmRlLWFjNTYtNDMyMi1iNzRkLWExNDIxMTg2OGNiONgCAeACAQ&highlighted_hotels=10810771&redirected=1&city=900040134&hlrd=user_sh&source=hotel&expand_sb=1&keep_landing=1&sid=2b5c3699e83348e1f7a5accddad1f58b,62 857-3700-1562,https://www.google.com/maps/search/?api=1&query=Capricorn%20Villa&query_place_id=ChIJu65awdtG0i0RmAyRzkPcnJ4,Villa,True,False,True,False,9,UDA DI CEK,11,Sedang,Sedang,1,1,0,1
Door-in House,4.9,11,Jl. Desa Sawangan Gg. Kloncing No.3,Badung Regency,https://doorinhouse.wordpress.com/,62 853-3743-4597,https://www.google.com/maps/search/?api=1&query=Door-in%20House&query_place_id=ChIJeURQLJFd0i0RrUlZoLjAI54,Holiday apartment rental,True,True,False,False,0,UDA DI CEK,2,Rendah,Rendah,1,1,0,1
Goddess Retreats - Bali,4.9,214,Jl. Braban Gang 333 A No.1,Badung Regency,https://www.goddessretreats.com/,62 813-5355-2879,https://www.google.com/maps/search/?api=1&query=Goddess%20Retreats%20-%20Bali&query_place_id=ChIJPdghShBH0i0RQQ7kZ3wofH8,Retreat center,False,False,False,False,1,UDA DI CEK,1,Rendah,Rendah,1,1,0,1
Hotel Dakozi Living,4.9,73,Jl. Tegeh Sari No.63,Badung Regency,https://dakoziliving.com,62 878-7271-1691,https://www.google.com/maps/search/?api=1&query=Hotel%20Dakozi%20Living&query_place_id=ChIJjUNXaSVH0i0Rx4fY55xEkPs,Hotel,True,False,False,False,10,UDA DI CEK,11,Sedang,Sedang,1,1,0,1
INSPIRA Seminyak,4.9,90,Jl. Kayu Aya Jl. Wirasaba No.XX,Badung Regency,https://inspiracollection.com/,62 813-9999-6800,https://www.google.com/maps/search/?api=1&query=INSPIRA%20Seminyak&query_place_id=ChIJeRX39eVH0i0RjnqlZ6HYz_c,Villa,True,False,False,False,10,UDA DI CEK,11,Sedang,Sedang,1,1,0,1
Kamini Cottages,4.9,16,"JL. Benesari Gg Poppies II 80361, Kuta",Badung Regency,,62 361 752774,https://www.google.com/maps/search/?api=1&query=Kamini%20Cottages&query_place_id=ChIJVdmlu8BG0i0RkhYRY7hvvaw,Hotel,False,False,False,False,6,UDA DI CEK,6,Rendah,Rendah,0,1,1,3
Kayo House Bali,4.9,30,"Lingk.Sawangan, Jl. Bongantik Gang Sri Kaya",Denpasar,https://www.kayohousebali.com/,62 812-3732-5908,https://www.google.com/maps/search/?api=1&query=Kayo%20House%20Bali&query_place_id=ChIJnWTDi89d0i0RhoNOM4c956I,Guest house,True,False,True,False,8,UDA DI CEK,10,Sedang,Sedang,1,1,0,1
Khaya Luxury Villas,4.9,55,"Jalan Bukit Damai, Banjar Sawangan ,Nusa Dua",Badung Regency,http://www.khayaluxury.com/,62 812-2712-2880,https://www.google.com/maps/search/?api=1&query=Khaya%20Luxury%20Villas&query_place_id=ChIJdW03A41d0i0RuOy4gVWPLOY,Lodge,True,False,True,False,8,UDA DI CEK,10,Sedang,Sedang,1,1,0,1
MasBro ART Villas,4.9,227,Gg. Arjuna Jl. Sari Dewi,Badung Regency,http://masbrovillas.art/,62 813-1825-9235,https://www.google.com/maps/search/?api=1&query=MasBro%20ART%20Villas&query_place_id=ChIJI825yz9H0i0RfhjEyuYGDag,Hotel,True,False,True,True,11,UDA DI CEK,14,Tinggi,Sedang,1,1,0,1
"Pronoia Community | Luxury Beachfront Wellness Resort | Yoga, Fitness, & Retreats",4.9,202,Jl. Segara Wangi No.36,Badung Regency,http://pronoiacommunity.com/,62 821-4741-3356,https://www.google.com/maps/search/?api=1&query=Pronoia%20Community%20%7C%20Luxury%20Beachfront%20Wellness%20Resort%20%7C%20Yoga%2C%20Fitness%2C%20%26%20Retreats&query_place_id=ChIJ7Y2bz2FF0i0RNrVlBuIE2og,Resort hotel,True,False,False,True,8,UDA DI CEK,10,Sedang,Sedang,1,1,0,1
Quest Vibe Dewi Sri Bali,4.9,474,Jl. Dewi Sri No.1A,Badung Regency,https://www.questhotels.com/en/hotel/view/11/quest-vibe-dewi-sri---bali,62 361 9598000,https://www.google.com/maps/search/?api=1&query=Quest%20Vibe%20Dewi%20Sri%20Bali&query_place_id=ChIJl2ZR6MhG0i0RfZS9yWV_I9g,Hotel,True,True,True,True,10,UDA DI CEK,14,Tinggi,Sedang,1,1,0,1
Raffles Bali,4.9,681,Jl. Karang Mas Sejahtera No.1A,Badung Regency,https://www.raffles.com/bali?goto=fiche_hotel&code_hotel=B695&merchantid=seo-maps-ID-B695&sourceid=aw-cen&utm_medium=seo%20maps&utm_source=google%20Maps&utm_campaign=seo%20maps,62 361 2015800,https://www.google.com/maps/search/?api=1&query=Raffles%20Bali&query_place_id=ChIJZVY6dR1F0i0Rrr0mM0kyMDI,Hotel,True,True,True,True,17,UDA DI CEK,21,Sangat tinggi,Tinggi,1,1,0,1
RONJA Boutique Hotel,4.9,318,Jl. Tj. Simah No.4,Badung Regency,https://ronjabali.com/,62 811-3833-301,https://www.google.com/maps/search/?api=1&query=RONJA%20Boutique%20Hotel&query_place_id=ChIJJQ3igsZF0i0RMpbZVt9xfvI,Hotel,True,True,True,False,5,UDA DI CEK,8,Sedang,Rendah,1,1,0,1
Rumah Nakula Apartment,4.9,36,Jl. Nakula 5 No.2,Badung Regency,,62 821-4465-8918,https://www.google.com/maps/search/?api=1&query=Rumah%20Nakula%20Apartment&query_place_id=ChIJYws-UbRH0i0Rda4_l1_f7lQ,Holiday apartment rental,True,False,True,False,3,UDA DI CEK,5,Rendah,Rendah,0,1,1,3
Sampatti Villas,4.9,484,Jl. Dewi Sita Selatan No.88,Badung Regency,https://sampattivilla.com/,62 361 3352159,https://www.google.com/maps/search/?api=1&query=Sampatti%20Villas&query_place_id=ChIJod_X4ptH0i0RXDY9zRInKyM,Villa,True,True,True,True,6,UDA DI CEK,10,Sedang,Rendah,1,1,0,1
Swiss-Belexpress Kuta Legian,4.9,10343,Jl. Legian Gg. Troppozone,Badung Regency,https://www.swiss-belhotel.com/hotels/swiss-belexpress-kuta?utm_source=Google&utm_medium=GMB&utm_campaign=website,62 361 4753267,https://www.google.com/maps/search/?api=1&query=Swiss-Belexpress%20Kuta%20Legian&query_place_id=ChIJv_CVlLlG0i0R0UnVg6tscBU,Hotel,True,False,True,False,14,UDA DI CEK,16,Tinggi,Tinggi,1,1,0,1
The Island Houses Seminyak,4.9,147,Jl. Sari Dewi No.29,Badung Regency,http://www.theislandhouses.com/,62 882-1909-8957,https://www.google.com/maps/search/?api=1&query=The%20Island%20Houses%20Seminyak&query_place_id=ChIJOy4b5htH0i0RAS0dRYQkorc,Hotel,True,False,True,False,6,UDA DI CEK,8,Sedang,Rendah,1,1,0,1
The Khalifah Villas Bali,4.9,15,Jl. Drupadi 1 No.18,Badung Regency,https://khalifahvillasbali.com/,,https://www.google.com/maps/search/?api=1&query=The%20Khalifah%20Villas%20Bali&query_place_id=ChIJTchTcHxH0i0Rkw3k4yZnXLE,Hotel,False,False,False,False,7,UDA DI CEK,7,Sedang,Sedang,1,0,2,2
The Mahata Legian,4.9,886,Jl. Lb. Bene No.121,Badung Regency,http://www.themahata.com/,62 853-3771-8850,https://www.google.com/maps/search/?api=1&query=The%20Mahata%20Legian&query_place_id=ChIJk994cRtH0i0RXdd4K_Pxt14,Resort hotel,True,True,True,True,15,UDA DI CEK,19,Sangat tinggi,Tinggi,1,1,0,1
Tuban Torres Accommodation,4.9,7,Jl. Kakatua No.7 B,Badung Regency,https://isunosing.co.id/hotel-near-bali-airport-tuban-torres,62 823-2450-3339,https://www.google.com/maps/search/?api=1&query=Tuban%20Torres%20Accommodation&query_place_id=ChIJ9-qZBkRF0i0RrITl-FXF0VQ,Hotel,False,False,False,False,10,UDA DI CEK,10,Sedang,Sedang,1,1,0,1
Tulus Coliving,4.9,9,Jl. Raya Kuta,Bali,,,https://www.google.com/maps/search/?api=1&query=Tulus%20Coliving&query_place_id=ChIJUykVAHhH0i0Rkzc5su_FQ0k,Hotel,True,False,False,False,6,UDA DI CEK,7,Sedang,Rendah,0,0,3,4
Villa Anaya Manis,4.9,41,"Kerobokan, Jl. Bidadari ll Taman Mertanadi",Badung Regency,https://villaanayamanis.com/,62 855-7467-8171,https://www.google.com/maps/search/?api=1&query=Villa%20Anaya%20Manis&query_place_id=ChIJI8eItKlH0i0Rov7mko75rj4,Hotel,True,True,True,False,9,UDA DI CEK,12,Sedang,Sedang,1,1,0,1
Villa Gili IKONA,4.9,14,Jl. Bali Deli No.32,Badung Regency,http://villagiliikona.balihotels.site/,62 877-0010-4888,https://www.google.com/maps/search/?api=1&query=Villa%20Gili%20IKONA&query_place_id=ChIJE2SzlyNH0i0Rj8TAFpTucOg,Hotel,True,False,False,False,2,UDA DI CEK,3,Rendah,Rendah,1,1,0,1
Villa Kiran One - Seminyak,4.9,31,"Number 08, Jl. Drupadi",Badung Regency,https://villa-kiranone.com/,62 818-811-405,https://www.google.com/maps/search/?api=1&query=Villa%20Kiran%20One%20-%20Seminyak&query_place_id=ChIJ7WxY_CFH0i0RuEqPSB0NMI8,Hotel,False,False,True,False,8,UDA DI CEK,9,Sedang,Sedang,1,1,0,1
Villa Kyah,4.9,22,,Badung Regency,http://www.villakyah.com/,62 361 8475976,https://www.google.com/maps/search/?api=1&query=Villa%20Kyah&query_place_id=ChIJx559eDxH0i0Rr1QmThf6RqI,Hotel,False,False,False,False,12,UDA DI CEK,12,Sedang,Sedang,1,1,0,1
Villa Luxe,4.9,20,Jl. Beraban No.35,Badung Regency,https://www.villaluxeseminyak.com/,61 409 119 108,https://www.google.com/maps/search/?api=1&query=Villa%20Luxe&query_place_id=ChIJ13SVRBZH0i0RsiNmmpRUa6s,Hotel,True,False,True,False,1,UDA DI CEK,3,Rendah,Rendah,1,1,0,1
Villa Riva by Optimum Bali Villas,4.9,21,"Villa Riva Oberoi Central Seminyak beach 800m, Gg. Bugis",Badung Regency,https://optimumbali.com/villa-bali/rental/4-bedrooms-for-rent/villa-riva-seminyak-oberoi/,62 853-3800-2448,https://www.google.com/maps/search/?api=1&query=Villa%20Riva%20by%20Optimum%20Bali%20Villas&query_place_id=ChIJV4ZrDRlH0i0RfuSaxwyJ6so,Hotel,True,False,False,False,7,UDA DI CEK,8,Sedang,Sedang,1,1,0,1
Villa Sedap Malam,4.9,19,Jl. Sari Dewi,Badung Regency,https://villasedapmalamseminyak.com/,62 817-0356-9659,https://www.google.com/maps/search/?api=1&query=Villa%20Sedap%20Malam&query_place_id=ChIJWUga_PJH0i0RK8oov9AAvB4,Hotel,False,False,False,False,5,UDA DI CEK,5,Rendah,Rendah,1,1,0,1
Villa Viona 3 Seminyak,4.9,7,Jl. Sari Temuku Gg. Sandat,Badung Regency,,62 821-3616-5253,https://www.google.com/maps/search/?api=1&query=Villa%20Viona%203%20Seminyak&query_place_id=ChIJ2e5-IeZH0i0RV3HiGHoAy-M,Resort hotel,True,False,False,False,8,UDA DI CEK,9,Sedang,Sedang,0,1,1,3
Zayana Villas Resort Seminyak,4.55,8,,Badung Regency,,,https://www.google.com/maps/search/?api=1&query=Zayana%20Villas%20Resort%20Seminyak&query_place_id=ChIJsfKCUBhH0i0RZWqYf4F94MY,Villa,False,False,False,False,7,UDA DI CEK,7,Sedang,Sedang,0,0,3,4
La Berceuse Resort and Villa Nusa Dua by Taritiya Collection,4.95,8,,Badung Regency,https://br.bluepillow.com/search/594390907c00cb0e6438b5fa?dest=bkng&cat=apartment&lat=-8.81837&lng=115.21433&language=pt,,https://www.google.com/maps/search/?api=1&query=La%20Berceuse%20Resort%20and%20Villa%20Nusa%20Dua%20by%20Taritiya%20Collection%20-%20Deluxe%20Premier%20Double%20Room&query_place_id=ChIJhwajlclc0i0RGmnepuIKW6g,Apartment,True,True,True,True,7,UDA DI CEK,11,Sedang,Sedang,1,0,2,2
Agata Resort Nusa Dua,0.0,0,"Benoa, South Kuta, Badung Regency, Bali",Badung Regency,https://br.bluepillow.com/search/67b31de057129f09022d4ff0?dest=htpn&cat=House&lat=-8.82003&lng=115.21229&language=pt,,https://www.google.com/maps/search/?api=1&query=Agata%20Resort%20Nusa%20Dua&query_place_id=ChIJ72eH1Ldc0i0Rw8x8mRFmlB8,House,True,False,True,True,5,UDA DI CEK,8,Sedang,Rendah,1,0,2,2
Airy Kuta Legian 99 Bali,0.0,0,Jln Legian No.99,Badung Regency,,62 804 111 2479,https://www.google.com/maps/search/?api=1&query=Airy%20Kuta%20Legian%2099%20Bali&query_place_id=ChIJ1YECJn1H0i0RPuC8C8RbxQU,Hotel,True,False,True,False,3,UDA DI CEK,5,Rendah,Rendah,0,1,1,3
Airy Legian Dewi Ratih 9 Bali,0.0,0,Jl. Dewi Ratih No.9,Badung Regency,http://www.airyrooms.com/,62 804 111 2479,https://www.google.com/maps/search/?api=1&query=Airy%20Legian%20Dewi%20Ratih%209%20Bali&query_place_id=ChIJo8AO6w1H0i0RuZofJXG6ySw,Hotel,True,False,True,False,3,UDA DI CEK,5,Rendah,Rendah,1,1,0,1
Airy Legian Nakula Timur Kuta Bali,0.0,0,"852H+JXF, Legian Guest House, Jl. Nakula Timur Banjar Legian Kaja, Legian, Kuta, Kota Denpasar, Bali",Badung Regency,,62 804 111 2479,https://www.google.com/maps/search/?api=1&query=Airy%20Legian%20Nakula%20Timur%20Kuta%20Bali&query_place_id=ChIJwaxs1tBG0i0RAwJnozQAsG8,Hotel,True,False,True,False,3,UDA DI CEK,5,Rendah,Rendah,0,1,1,3
Airy Legian Pantai Kuta Bali,0.0,0,"75Q9+63Q, Jalan Pantai Kuta, Kuta, Badung Regency, Bali, Indonesia",Bali,,62 804 111 2479,https://www.google.com/maps/search/?api=1&query=Airy%20Legian%20Pantai%20Kuta%20Bali&query_place_id=ChIJC6dbUcBG0i0R5KPWaJ0Bc_8,Hotel,True,False,True,False,3,UDA DI CEK,5,Rendah,Rendah,0,1,1,3
Airy Raya Kuta 78 Bali,0.0,0,Jl. Raya Kuta No.78,Badung Regency,,62 804 111 2479,https://www.google.com/maps/search/?api=1&query=Airy%20Raya%20Kuta%2078%20Bali&query_place_id=ChIJFRWE3nxH0i0RL_c0Ypay_hs,Hotel,True,False,True,False,3,UDA DI CEK,5,Rendah,Rendah,0,1,1,3
Anari Villas Kuta by The Wina Resorts,0.0,0,,Badung Regency,https://voyabay.com/rentals/lp82b27,,https://www.google.com/maps/search/?api=1&query=Anari%20Villas%20Kuta%20by%20The%20Wina%20Resorts&query_place_id=ChIJn93I5M5G0i0RBnSnmpitIoU,Lodging,True,False,True,False,4,UDA DI CEK,6,Rendah,Rendah,1,0,2,2
Andi hotel,0.0,0,Jl. Dewi Sri I No.99z,Badung Regency,,,https://www.google.com/maps/search/?api=1&query=Andi%20hotel&query_place_id=ChIJh1SNJQBH0i0Rfo9RFbgmKTA,Hotel,True,True,False,False,2,UDA DI CEK,4,Rendah,Rendah,0,0,3,4
Aneka Beach Inn,0.0,0,"75Q8+HW3, Jl. Pantai Kuta",Badung Regency,,62 361 761526,https://www.google.com/maps/search/?api=1&query=Aneka%20Beach%20Inn&query_place_id=ChIJLbb5sMFG0i0RLnv3pGJJNis,Hotel,False,False,False,False,0,UDA DI CEK,0,Rendah,Rendah,0,1,1,3
Avani Seminyak Resort Bali,0.0,0,,Badung Regency,https://www.decolar.com/hoteis/h-1702603,,https://www.google.com/maps/search/?api=1&query=Avani%20Seminyak%20Resort%20Bali&query_place_id=ChIJa3FmoxhH0i0RjVYsoOrlDYc,Villa,True,False,True,False,12,UDA DI CEK,14,Tinggi,Sedang,1,0,2,2
Avia Resort,0.0,0,"75R9+5WP, Jl. Melasti",Badung Regency,http://aviahotel.co.id/,62 856-8882-325,https://www.google.com/maps/search/?api=1&query=Avia%20Resort&query_place_id=ChIJcRb728NG0i0R6udmxykiJmM,Resort hotel,True,False,True,False,7,UDA DI CEK,9,Sedang,Sedang,1,1,0,1
Awila Villas Kuta by The Wina Resorts - Deluxe Premium Three-Bedroom Villa with Private Pool,0.0,0,,Badung Regency,https://br.bluepillow.com/search/61eef782113b0ba9fb940dc8/44679512?dest=bkng&cat=Villa&lat=-8.70726&lng=115.17902&language=pt,,https://www.google.com/maps/search/?api=1&query=Awila%20Villas%20Kuta%20by%20The%20Wina%20Resorts%20-%20Deluxe%20Premium%20Three-Bedroom%20Villa%20with%20Private%20Pool&query_place_id=ChIJ2xdyPM9G0i0RvFQ-JsajsL4,Lodging,True,False,True,False,10,UDA DI CEK,12,Sedang,Sedang,1,0,2,2
Awila Villas Kuta by The Wina Resorts - Deluxe Three-Bedroom Villa with Private Pool,0.0,0,,Badung Regency,,,https://www.google.com/maps/search/?api=1&query=Awila%20Villas%20Kuta%20by%20The%20Wina%20Resorts%20-%20Deluxe%20Three-Bedroom%20Villa%20with%20Private%20Pool&query_place_id=ChIJDTxzPM9G0i0RCozDYMslIf0,Lodging,True,False,True,False,10,UDA DI CEK,12,Sedang,Sedang,0,0,3,4
Awila Villas Kuta by The Wina Resorts - Deluxe Three-Bedroom Villa with Private Pool,0.0,0,,Badung Regency,,,https://www.google.com/maps/search/?api=1&query=Awila%20Villas%20Kuta%20by%20The%20Wina%20Resorts%20-%20Deluxe%20Three-Bedroom%20Villa%20with%20Private%20Pool&query_place_id=ChIJ78JzPM9G0i0RKZ2auVqxQNw,Lodging,True,False,True,False,10,UDA DI CEK,12,Sedang,Sedang,0,0,3,4
Awila Villas Kuta by The Wina Resorts - Two Bedroom Deluxe Premium,0.0,0,,Badung Regency,,,https://www.google.com/maps/search/?api=1&query=Awila%20Villas%20Kuta%20by%20The%20Wina%20Resorts%20-%20Two%20Bedroom%20Deluxe%20Premium&query_place_id=ChIJ78JzPM9G0i0RTl9HvkEIOvw,Lodging,True,False,True,False,10,UDA DI CEK,12,Sedang,Sedang,0,0,3,4
Bali Hotel City,0.0,0,Jl. Padma No.2,Badung Regency,,,https://www.google.com/maps/search/?api=1&query=Bali%20Hotel%20City&query_place_id=ChIJ9QCzJQBH0i0RYxO2Yv47cxk,Hotel,False,False,False,False,10,UDA DI CEK,10,Sedang,Sedang,0,0,3,4
Bali Radiance Villas Seminyak,0.0,0,8599+RGQ,Badung Regency,https://www.reddoorz.com/id-id/hotel/indonesia/bali/seminyak/seminyak/the-lavana-bali-radiance-nakula-villa-seminyak?utm_campaign=webclick&utm_medium=mybusiness&utm_source=google,62 813-2227-795,https://www.google.com/maps/search/?api=1&query=Bali%20Radiance%20Villas%20Seminyak&query_place_id=ChIJPXDq0PFH0i0REZWxbzChvuE,Hotel,True,True,True,False,11,UDA DI CEK,14,Tinggi,Sedang,1,1,0,1
Baliterraneo Boutique Resort,0.0,0,,Badung Regency,https://br.bluepillow.com/search/67a2415b905c444f2d0ada3d?dest=ago&cat=Vacation+rental+(other)&lat=-8.69142&lng=115.17627&language=pt,,https://www.google.com/maps/search/?api=1&query=Baliterraneo%20Boutique%20Resort&query_place_id=ChIJwyVGxSdH0i0RCs8J7GrjKz8,House,True,True,True,False,8,UDA DI CEK,11,Sedang,Sedang,1,0,2,2
Dara Ayu Villas,0.0,0,Jl. Raya Buahan No. 88X Majangan Payangan Benoa Kuta Selatan Badung Bali,Badung Regency,,62 361 9000797,https://www.google.com/maps/search/?api=1&query=Dara%20Ayu%20Villas&query_place_id=ChIJ01cVbsZG0i0RA6qWWim943U,Resort hotel,True,False,True,False,0,UDA DI CEK,2,Rendah,Rendah,0,1,1,3
"Elegance, 1 Bedroom Villa Resort in Jimbaran",0.0,0,,Badung Regency,,,https://www.google.com/maps/search/?api=1&query=Elegance%2C%201%20Bedroom%20Villa%20Resort%20in%20Jimbaran&query_place_id=ChIJx-VZb2ZE0i0RvKYt0T4uw74,Lodging,False,False,False,False,7,UDA DI CEK,7,Sedang,Sedang,0,0,3,4
"Elegance, 3 Bedroom Villa Resort in Jimbaran",0.0,0,,Badung Regency,,,https://www.google.com/maps/search/?api=1&query=Elegance%2C%203%20Bedroom%20Villa%20Resort%20in%20Jimbaran&query_place_id=ChIJjXJXb2ZE0i0RISku9RykHO8,Lodging,False,False,False,False,7,UDA DI CEK,7,Sedang,Sedang,0,0,3,4
Harris Resort Kuta Beach,0.0,0,,Badung Regency,https://deals.vio.com/?sig=73aca13c7f952d2641c156f3e69125e1eb497c325f122828ee5aa8797168b9a12d32303331333438363233&turl=https%3A%2F%2Fwww.vio.com%2FHotel%2FSearch%3FhotelId%3D1196640%26utm_source%3Dgha-vr%26utm_campaign%3Dstatic%26openHotelDetails%3D1,,https://www.google.com/maps/search/?api=1&query=Harris%20Resort%20Kuta%20Beach&query_place_id=ChIJg1jpOr9G0i0RjCKEMYvzBTI,Lodging,True,True,True,False,18,UDA DI CEK,21,Sangat tinggi,Tinggi,1,0,2,2
Hospedagem bali,0.0,0,Jl. Penataran Agung No.14,Badung Regency,,62 877-6156-1359,https://www.google.com/maps/search/?api=1&query=Hospedagem%20bali&query_place_id=ChIJSz8ofMpF0i0RqayT7xmUwiw,Hotel,False,False,False,False,9,UDA DI CEK,9,Sedang,Sedang,0,1,1,3
"Jimbaran Puri, A Belmond Hotel, Bali",0.0,0,Jl. Pantai Jimbaran No.7,Badung Regency,,,https://www.google.com/maps/search/?api=1&query=Jimbaran%20Puri%2C%20A%20Belmond%20Hotel%2C%20Bali&query_place_id=ChIJNYepRQBF0i0RWhdSeE31k-Q,Hotel,True,False,True,False,15,UDA DI CEK,17,Tinggi,Tinggi,0,0,3,4
Kutus Kutus Canggu Villa Resort - 2 bedroom pool,0.0,0,,Badung Regency,https://br.bluepillow.com/search/67a51c18064d51dcdc9762ad?dest=bpex&cat=Apartment&lat=-8.72613&lng=115.17666&language=pt,,https://www.google.com/maps/search/?api=1&query=Kutus%20Kutus%20Canggu%20Villa%20Resort%20-%202%20bedroom%20pool&query_place_id=ChIJw8KpeKVG0i0RL84t4kwXbNI,Lodging,True,True,True,False,10,UDA DI CEK,13,Tinggi,Sedang,1,0,2,2
Legian Village Beach Resort - CHSE Certified - Superior Double or Twin Room,0.0,0,,Badung Regency,https://br.bluepillow.com/search/59438e7e7c00cb0e64370af1?dest=bkng&cat=apartment&lat=-8.70668&lng=115.1689&language=pt,,https://www.google.com/maps/search/?api=1&query=Legian%20Village%20Beach%20Resort%20-%20CHSE%20Certified%20-%20Superior%20Double%20or%20Twin%20Room&query_place_id=ChIJP8mgqMNG0i0ROj2vRoU1Z0o,Lodging,True,False,True,False,14,UDA DI CEK,16,Tinggi,Tinggi,1,0,2,2
NEW - Secret Resort W Sauna,0.0,0,,Badung Regency,https://br.bluepillow.com/search/67a24111905c444f2d0a8f8e?dest=ago&cat=Vacation+rental+(other)&lat=-8.6832&lng=115.15585&language=pt,,https://www.google.com/maps/search/?api=1&query=NEW%20-%20Secret%20Resort%20W%20Sauna&query_place_id=ChIJKx8EYRBH0i0RmWryOPN6l20,House,False,False,False,False,2,UDA DI CEK,2,Rendah,Rendah,1,0,2,2
NEW Deluxe Resort - Jacuzzi And Private Sauna,0.0,0,,Badung Regency,https://br.bluepillow.com/search/67a24133905c444f2d0aaa1c?dest=ago&cat=Vacation+rental+(other)&lat=-8.68367&lng=115.15579&language=pt,,https://www.google.com/maps/search/?api=1&query=NEW%20Deluxe%20Resort%20-%20Jacuzzi%20And%20Private%20Sauna&query_place_id=ChIJKx8EYRBH0i0R1PFvuPHhxtk,House,False,False,False,False,3,UDA DI CEK,3,Rendah,Rendah,1,0,2,2
Palette Hotel Near Dewi Sri Legian,0.0,0,"27, d'Sri Saren, 27, Jalan Shri Laksmi, Legian, Kuta, Badung, Bali Nusa Tenggara, 80361",Bali,https://www.oyorooms.com/ID/365508/,62 21 29707601,https://www.google.com/maps/search/?api=1&query=Palette%20Hotel%20Near%20Dewi%20Sri%20Legian&query_place_id=ChIJ2Zoj7vxH0i0RrlrSYiozUKE,Hotel,False,False,False,False,8,UDA DI CEK,8,Sedang,Sedang,1,1,0,1
Poppies Bali,0.0,0,Jln Legian,Bali,,62 851-9474-3568,https://www.google.com/maps/search/?api=1&query=Poppies%20Bali&query_place_id=ChIJLyesG1VH0i0R5MguoJ6aulU,Hotel,True,False,True,False,12,UDA DI CEK,14,Tinggi,Sedang,0,1,1,3
Respati Hotel,0.0,0,"Hotel Pullman Bali Legian Nirwana, Jl. Melasti No.9",Badung Regency,,62 361 751592,https://www.google.com/maps/search/?api=1&query=Respati%20Hotel&query_place_id=ChIJ7-y00cNG0i0RP2ymCt1Mjyo,Hotel,True,False,True,False,12,UDA DI CEK,14,Tinggi,Sedang,0,1,1,3
Sini Vie Resort & Spa Seminyak by Ini Vie Hospitality,0.0,0,,Badung Regency,https://www.vrbo.com/pdp/lo/42452808?MDPCID=VRBO-META.HPA.WEB-ORGANIC.VR,,https://www.google.com/maps/search/?api=1&query=Sini%20Vie%20Resort%20%26%20Spa%20Seminyak%20by%20Ini%20Vie%20Hospitality&query_place_id=ChIJC0OicTtH0i0RIfLNz16_N_4,Lodging,True,True,True,True,10,UDA DI CEK,14,Tinggi,Sedang,1,0,2,2
Sini Vie Resort & Spa Seminyak by Ini Vie Hospitality,0.0,0,,Badung Regency,,,https://www.google.com/maps/search/?api=1&query=Sini%20Vie%20Resort%20%26%20Spa%20Seminyak%20by%20Ini%20Vie%20Hospitality&query_place_id=ChIJC0OicTtH0i0RbVG4PCjkWmo,Lodging,True,True,True,True,8,UDA DI CEK,12,Sedang,Sedang,0,0,3,4
Sini Vie Resort Spa Seminyak by Ini Vie Hospitality - Smart One Bedroom Villa with Private Pool Jacuzzi,0.0,0,,Badung Regency,https://br.bluepillow.com/search/5df4f105e24da45b685be808?dest=bkng&cat=House&lat=-8.68143&lng=115.17212&language=pt,,https://www.google.com/maps/search/?api=1&query=Sini%20Vie%20Resort%20Spa%20Seminyak%20by%20Ini%20Vie%20Hospitality%20-%20Smart%20One%20Bedroom%20Villa%20with%20Private%20Pool%20Jacuzzi&query_place_id=ChIJ_xa5cTtH0i0RsxVOD2ZhFos,Lodging,True,True,True,True,10,UDA DI CEK,14,Tinggi,Sedang,1,0,2,2
Tahoma Villas Seminyak,0.0,0,Jl. Dewi Sri IV No.5,Badung Regency,,62 818-0888-9028,https://www.google.com/maps/search/?api=1&query=Tahoma%20Villas%20Seminyak&query_place_id=ChIJYexQVdpG0i0RgEjnOL0EdjQ,Hotel,False,False,False,False,11,UDA DI CEK,11,Sedang,Sedang,0,1,1,3
The Sand Suites & Villas - Jimbaran,0.0,0,Jl. Batas Kauh No.18,Badung Regency,https://thesandbali.com/,62 812-3806-477,https://www.google.com/maps/search/?api=1&query=The%20Sand%20Suites%20%26%20Villas%20-%20Jimbaran&query_place_id=ChIJZX53kyBF0i0RFZy0q4FsrLM,Resort hotel,True,True,True,True,8,UDA DI CEK,12,Sedang,Sedang,1,1,0,1
Villa Bima II,0.0,0,"56H6+6H4 Agata Resort C6, Jl. Desa Sawangan Jl. Nusa Dua",Badung Regency,,62 813-3729-7909,https://www.google.com/maps/search/?api=1&query=Villa%20Bima%20II&query_place_id=ChIJiSDS87dc0i0RIwYl3qViZvk,Guest house,True,False,False,False,5,UDA DI CEK,6,Rendah,Rendah,0,1,1,3
Villa Sunset Golf,0.0,0,Jl. Nakula No.5B,Badung Regency,,62 361 8947540,https://www.google.com/maps/search/?api=1&query=Villa%20Sunset%20Golf&query_place_id=ChIJU1VVVdpG0i0RJXtxkFDMz2A,Resort hotel,False,False,False,False,0,UDA DI CEK,0,Rendah,Rendah,0,1,1,3
Vinly Villa Bali,0.0,0,Jl. Beji Ayu Jl. Sunset Road No.VI,Badung Regency,,62 361 2166661,https://www.google.com/maps/search/?api=1&query=Vinly%20Villa%20Bali&query_place_id=ChIJwwmeGShH0i0RfSASMeomC4g,Hotel,False,False,False,False,0,UDA DI CEK,0,Rendah,Rendah,0,1,1,3
Wiestasha Ayu Hotel,0.0,0,Jl. Pantai Kuta No.1,Badung Regency,,62 361 752520,https://www.google.com/maps/search/?api=1&query=Wiestasha%20Ayu%20Hotel&query_place_id=ChIJG9784bpG0i0ROa_wjju6dUA,Hotel,False,False,False,False,0,UDA DI CEK,0,Rendah,Rendah,0,1,1,3
Yortira Kuta Hotel,0.0,0,Jln Legian No.129,Badung Regency,,62 361 767265,https://www.google.com/maps/search/?api=1&query=Yortira%20Kuta%20Hotel&query_place_id=ChIJJ-K_mrhG0i0RHQaQmzuysh8,Hotel,False,False,False,False,0,UDA DI CEK,0,Rendah,Rendah,0,1,1,3
Yudistira 69 Resort,0.0,0,,Badung Regency,https://deals.vio.com/?sig=73aca13c7f952d2641c156f3e69125e1eb497c325f122828ee5aa8797168b9a12d32303331333438363233&turl=https%3A%2F%2Fwww.vio.com%2FHotel%2FSearch%3FhotelId%3D2681429%26utm_source%3Dgha-vr%26utm_campaign%3Dstatic%26openHotelDetails%3D1,,https://www.google.com/maps/search/?api=1&query=Yudistira%2069%20Resort&query_place_id=ChIJ28m1TSZH0i0RgobUhR1KJDY,Vacation Rental,False,False,False,False,1,UDA DI CEK,1,Rendah,Rendah,1,0,2,2
ZEN Premium Padma 2 legian,0.0,0,"75V9+HP6, Jl. Padma",Badung Regency,,62 855-7467-1004,https://www.google.com/maps/search/?api=1&query=ZEN%20Premium%20Padma%202%20legian&query_place_id=ChIJq9_tDcNG0i0RgYJZUjbWpEo,Hotel,True,False,True,False,3,UDA DI CEK,5,Rendah,Rendah,0,1,1,3
ZEN Rooms Sriwijaya Legian Kuta,0.0,0,Jl. Sriwijaya No.23,Badung Regency,,62 855-7467-1004,https://www.google.com/maps/search/?api=1&query=ZEN%20Rooms%20Sriwijaya%20Legian%20Kuta&query_place_id=ChIJ9YgxzMVG0i0R4eQ1nD_ypiU,Hotel,True,False,True,False,3,UDA DI CEK,5,Rendah,Rendah,0,1,1,3
