title,totalScore,reviewsCount,street,city,website,phone,url,categoryName,Instagram,Tiktok,Facebook,YT,ShopeeFood,GrabFood,GoFood,jumlah_sosmed_ODD,kategori,has_website,has_phone,cluster,tier
Warung balibong,4.9,82,Jl. Selat Anturan gang selip,Buleleng Regency,,+62 881-0374-97110,https://www.google.com/maps/search/?api1&queryWarung%20balibong&query_place_idChIJ94By9Nub0S0R5yVwvLaAkeY,Breakfast restaurant,False,False,True,False,False,False,True,2,Sedang,0,1,0,2
Bakso Babi Beranak,4.9,27,Jl. Surya Dharma,Buleleng Regency,,+62 878-6196-6055,https://www.google.com/maps/search/?api1&queryBakso%20Babi%20Beranak&query_place_idChIJbUSWbQCb0S0RkVERJ2i4ekU,Brunch restaurant,True,False,False,False,False,False,False,1,Rendah,0,1,0,2
Warung Kadek Sariati,4.9,10,Jl. Gempol Blk. Masula Masuli No.Gg,Buleleng Regency,,+62 859-3832-8072,https://www.google.com/maps/search/?api1&queryWarung%20Kadek%20Sariati&query_place_idChIJM4ZTZyGR0S0RPd0c2zwJebc,Brunch restaurant,True,False,False,False,False,False,True,2,Sedang,0,1,0,2
Martabak Harland,4.9,8,"V3WV+QHJ, Jl. P. Sulawesi",Buleleng Regency,,+62 897-0999-521,https://www.google.com/maps/search/?api1&queryMartabak%20Harland&query_place_idChIJHcXD9Qea0S0R7PeEQYdk4sE,Creperie,True,False,False,False,True,True,True,4,Tinggi,0,1,0,2
Nasi be Genyol goes blekek,4.9,9,"F478+2WQ, Jl. Pulau Menjangan",Tabanan Regency,,,https://www.google.com/maps/search/?api1&queryNasi%20be%20Genyol%20goes%20blekek&query_place_idChIJ8cyGOwA70i0RKyO_e7rzIpk,Family restaurant,False,False,True,False,False,False,True,2,Sedang,0,0,1,3
Paon Dahayu,4.9,13,"C4WP+V63, Jl. Dr. Ir. Soekarno",Tabanan Regency,,,https://www.google.com/maps/search/?api1&queryPaon%20Dahayu&query_place_idChIJL1lzAAA70i0RJ2InMizM4l4,Family restaurant,True,True,False,False,False,False,True,3,Sedang,0,0,1,3
X Burger Tabanan,4.9,60,,Tabanan Regency,,+62 878-6306-1110,https://www.google.com/maps/search/?api1&queryX%20Burger%20Tabanan&query_place_idChIJzcjuRQA70i0Rwh0AQObbYnI,Hamburger restaurant,True,False,False,False,False,False,False,1,Rendah,0,1,0,2
Lovina Sports Bar & Warung,4.9,36,Jl. Kubu Cembong,Buleleng Regency,,+62 821-4684-1068,https://www.google.com/maps/search/?api1&queryLovina%20Sports%20Bar%20%26%20Warung&query_place_idChIJOWGlFQCb0S0RfqiJaLxv5wI,Indonesian restaurant,False,False,False,False,False,False,False,0,Rendah,0,1,0,2
Pempek Cek Lena Tabanan,4.9,41,Jl. Pulau Menjangan No.32,Tabanan Regency,,+62 878-9773-5992,https://www.google.com/maps/search/?api1&queryPempek%20Cek%20Lena%20Tabanan&query_place_idChIJW-kWOwA70i0RpcKbHgi_w2s,Indonesian restaurant,True,False,False,False,False,False,True,2,Sedang,0,1,0,2
The Chandi kuliner,4.9,14,"V4VC+MX7, Jl. Samratulangi No.188",Buleleng Regency,http://www.instagram.com/chandikuliner,+62 881-0375-52506,https://www.google.com/maps/search/?api1&queryThe%20Chandi%20kuliner&query_place_idChIJYVGSCMeR0S0RHHgfpFJP4OA,Indonesian restaurant,True,False,False,False,False,False,True,2,Sedang,1,1,2,1
Warung Bu Desak,4.9,15,"V3CX+X69, Jl. Mayor Metra",Buleleng Regency,,,https://www.google.com/maps/search/?api1&queryWarung%20Bu%20Desak&query_place_idChIJnz2p4tuR0S0RB77KnPa6tyU,Indonesian restaurant,False,False,False,False,False,False,True,1,Rendah,0,0,1,3
Warung Titiran,4.9,82,"R4X4+4WX, Jl. Jelantik Gingsir",Buleleng Regency,,+62 859-6709-4533,https://www.google.com/maps/search/?api1&queryWarung%20Titiran&query_place_idChIJxTZEKmOR0S0RlsbAMv-jTOM,Indonesian restaurant,False,False,True,False,False,False,False,1,Rendah,0,1,0,2
Waroeng Singgah 1,4.9,83,Gg. Pisang,Buleleng Regency,,,https://www.google.com/maps/search/?api1&queryWaroeng%20Singgah%201&query_place_idChIJdySojXua0S0RnEnGrWM73OU,Nasi restaurant,True,False,False,False,False,False,True,2,Sedang,0,0,1,3
Warung Daduk,4.9,22,Jl. Anggrek BR Delodrurung No.9,Tabanan Regency,,+62 896-9732-1578,https://www.google.com/maps/search/?api1&queryWarung%20Daduk&query_place_idChIJ9yim1MM70i0Rh4PI97GEC-M,Nasi restaurant,False,False,True,False,False,False,False,1,Rendah,0,1,0,2
Da' Kayu warung,4.9,21,P2RX+H6C,Buleleng Regency,,+62 858-4750-0979,https://www.google.com/maps/search/?api1&queryDa'%20Kayu%20warung&query_place_idChIJsZ6HWgCH0S0RFgSBuQo3cI8,Restaurant,False,False,False,False,False,False,False,0,Rendah,0,1,0,2
Dapoer Rujak 2 Pemaron,4.9,22,"V378+87G, dauh margi, Jl. Gede Wangsa",Buleleng Regency,,+62 821-4615-7117,https://www.google.com/maps/search/?api1&queryDapoer%20Rujak%202%20Pemaron&query_place_idChIJ3bBEnW2b0S0RX30YstG1PiA,Restaurant,False,False,False,False,False,False,False,0,Rendah,0,1,0,2
HuiJia Kopitiam Singaraja,4.9,9,Jl. Gajah Mada No.97,Buleleng Regency,https://instagram.com/huijia.kopitiam?igshidYmMyMTA2M2Y,+62 811-3702-887,https://www.google.com/maps/search/?api1&queryHuiJia%20Kopitiam%20Singaraja&query_place_idChIJ359kATCb0S0R10oB42r1d_4,Restaurant,True,False,False,False,False,False,False,1,Rendah,1,1,2,1
Martabak dan terangbulan *BINTANG RASA 2*,4.9,7,Jl. Surya Dharma No.5,Buleleng Regency,,,https://www.google.com/maps/search/?api1&queryMartabak%20dan%20terangbulan%20*BINTANG%20RASA%202*&query_place_idChIJ2we4Yz2b0S0RDIMHPe3uvZw,Restaurant,False,False,False,False,False,False,False,0,Rendah,0,0,1,3
Shanti Joglo Restaurant,4.9,30,Jl. Raya Desa Sambangan,Buleleng Regency,https://shanti-northbali.com/,+62 812-3824-800,https://www.google.com/maps/search/?api1&queryShanti%20Joglo%20Restaurant&query_place_idChIJx2mFvh6R0S0RldjU6C0AX8Y,Restaurant,False,False,False,False,False,False,False,0,Rendah,1,1,2,1
Warung Dora,4.9,40,Gg. Klp.,Buleleng Regency,,,https://www.google.com/maps/search/?api1&queryWarung%20Dora&query_place_idChIJyRG6Jn6a0S0RQSeONFztZXk,Restaurant,True,False,False,False,False,False,True,2,Sedang,0,0,1,3
Warunk Uma Lele Singaraja,4.9,13,Jl. Ngurah Rai No.51,Buleleng Regency,,+62 858-7716-8168,https://www.google.com/maps/search/?api1&queryWarunk%20Uma%20Lele%20Singaraja&query_place_idChIJ-6zQIQCb0S0RnaHDO_bYA7w,Restaurant,True,True,True,True,False,False,True,5,Tinggi,0,1,0,2
Restaurant Dewa Dewi,4.9,105,"R2RH+H6P, Jl. Mawar Gang Sawah Lovina, Desa Kalibukbuk, Kec. Buleleng",Buleleng Regency,,+62 813-3836-5721,https://www.google.com/maps/search/?api1&queryRestaurant%20Dewa%20Dewi&query_place_idChIJNXB6z0ab0S0RK45oce7AOVk,Seafood restaurant,False,False,True,False,False,False,False,1,Rendah,0,1,0,2
Seblak Gacor Teh Nia,4.9,8,Jl. Pulau Menjangan No.26,Tabanan Regency,,,https://www.google.com/maps/search/?api1&querySeblak%20Gacor%20Teh%20Nia&query_place_idChIJBalUbQA70i0Rm1xlzWtzb1Y,Seblak restaurant,False,False,False,False,False,False,True,1,Rendah,0,0,1,3
Nela Cafe & Restaurant,4.9,28,Jl. Celuk Agung No 1,Buleleng Regency,https://caferestaurantlovina.com/,+62 853-3828-6830,https://www.google.com/maps/search/?api1&queryNela%20Cafe%20%26%20Restaurant&query_place_idChIJu83Wzneb0S0RTVsCTrojlfQ,Takeout Restaurant,True,True,False,False,False,False,False,2,Sedang,1,1,2,1
Bakso Fauzan,3.9,7,Jl. Imam Bonjol No.58,Buleleng Regency,,,https://www.google.com/maps/search/?api1&queryBakso%20Fauzan&query_place_idChIJJ_iAwQia0S0ReVwBm_LdOEY,Bakso restaurant,False,False,True,False,False,False,False,1,Rendah,0,0,1,3
PAK GEMBUS Tabanan,3.9,176,Jl. Mawar No.53,Tabanan Regency,,+62 877-1753-4617,https://www.google.com/maps/search/?api1&queryPAK%20GEMBUS%20Tabanan&query_place_idChIJB0-TX8E70i0RUJ7USPLB2FQ,Chicken restaurant,True,False,False,False,False,False,True,2,Sedang,0,1,0,2
Warung Babi Guling Singaraja,3.9,9,"V356+64V, Jl. Surya Dharma",Buleleng Regency,,,https://www.google.com/maps/search/?api1&queryWarung%20Babi%20Guling%20Singaraja&query_place_idChIJh61yWACb0S0RY_GzBgksEAU,Indonesian restaurant,False,False,False,False,False,False,True,1,Rendah,0,0,1,3
Babi Guling Winia 2,3.9,11,"F43C+G3M, Jl. Jepun",Tabanan Regency,,+62 821-4655-8935,https://www.google.com/maps/search/?api1&queryBabi%20Guling%20Winia%202&query_place_idChIJzRXICx470i0RAj50tYXLP2c,Restaurant,False,False,False,False,False,False,False,0,Rendah,0,1,0,2
Warung Makan A & D,3.9,8,Jl. Merak No.9,Tabanan Regency,,+62 812-3824-1510,https://www.google.com/maps/search/?api1&queryWarung%20Makan%20A%20%26%20D&query_place_idChIJwaXOFfY60i0Rnw_1y3CtNbc,Restaurant,False,False,False,False,False,False,False,0,Rendah,0,1,0,2
Paon Happy Terrace,4.8,46,Jl. Pantai Happy,Buleleng Regency,https://www.instagram.com/paonhappyterrace/profilecard/?igshMXR6enJzNTEyNng0,+62 812-4621-0799,https://www.google.com/maps/search/?api1&queryPaon%20Happy%20Terrace&query_place_idChIJlZVMeQCb0S0RkWVpVbaUMXM,Asian restaurant,False,False,False,False,False,False,False,0,Rendah,1,1,2,1
Bakso Ayam Desy,4.8,4,"Jl. Gn. Agung nomer No.3, Kelurahan",Buleleng Regency,,+62 878-5434-7947,https://www.google.com/maps/search/?api1&queryBakso%20Ayam%20Desy&query_place_idChIJ3dx8u4mb0S0RRrukiOWjq24,Bakso restaurant,False,False,False,False,False,False,False,0,Rendah,0,1,0,2
Bakso Berkah Barokah,4.8,18,V374+HRV,Buleleng Regency,,+62 813-5344-4434,https://www.google.com/maps/search/?api1&queryBakso%20Berkah%20Barokah&query_place_idChIJUXZR8U-b0S0RxnsBzRyKI2Y,Bakso restaurant,False,False,False,False,False,False,True,1,Rendah,0,1,0,2
Warung Baso Bandung,4.8,6,Jl. Laksamana No.Barat,Buleleng Regency,,+62 818-0578-6464,https://www.google.com/maps/search/?api1&queryWarung%20Baso%20Bandung&query_place_idChIJoTLLcqub0S0RbzHnqyghizU,Bakso restaurant,True,False,False,False,False,False,True,2,Sedang,0,1,0,2
Warung darmawan,4.8,8,Jl. WR Supratman,Buleleng Regency,,+62 877-0100-0576,https://www.google.com/maps/search/?api1&queryWarung%20darmawan&query_place_idChIJa3XXDoKR0S0RmmnwEQzQ3LQ,Bakso restaurant,False,False,False,False,False,False,False,0,Rendah,0,1,0,2
Nasi Be Genyol Men Ridep,4.8,4,Jl. Mawar No.22,Tabanan Regency,,,https://www.google.com/maps/search/?api1&queryNasi%20Be%20Genyol%20Men%20Ridep&query_place_idChIJOSe-ss070i0RfKDxwypPDYI,Balinese restaurant,False,False,False,True,False,False,False,1,Rendah,0,0,1,3
Rujak mbok luh tengking,4.8,12,Jl. Gn. Rinjani No.8,Buleleng Regency,,,https://www.google.com/maps/search/?api1&queryRujak%20mbok%20luh%20tengking&query_place_idChIJUb3_fqSb0S0RUxvhYocZIn8,Balinese restaurant,False,False,False,False,False,False,False,0,Rendah,0,0,1,3
Rumah Pak Agast,4.8,10,"Pasar Senggol, pasar tradisional tanah lot",Tabanan Regency,,+62 812-3836-8496,https://www.google.com/maps/search/?api1&queryRumah%20Pak%20Agast&query_place_idChIJP0JLGo450i0RORJTaT1uCo8,Balinese restaurant,False,False,False,False,False,False,False,0,Rendah,0,1,0,2
Warung Babi Guling Manis Jambe,4.8,92,Jl. Gelatik Dajan Peken No.14,Tabanan Regency,,+62 813-6862-7652,https://www.google.com/maps/search/?api1&queryWarung%20Babi%20Guling%20Manis%20Jambe&query_place_idChIJudva-MM70i0RttixW00HlN4,Balinese restaurant,True,False,True,False,False,False,True,3,Sedang,0,1,0,2
Warung Makan Bu Rini,4.8,13,"W423+876, Jl. WR Supratman",Buleleng Regency,,+62 812-3677-3063,https://www.google.com/maps/search/?api1&queryWarung%20Makan%20Bu%20Rini&query_place_idChIJj-KKkQuR0S0R3ccSAnZanYU,Balinese restaurant,True,True,False,False,False,False,False,2,Sedang,0,1,0,2
Warung Makan Siobak Buk Jeni,4.8,13,V3MR+9GR,Buleleng Regency,,,https://www.google.com/maps/search/?api1&queryWarung%20Makan%20Siobak%20Buk%20Jeni&query_place_idChIJWYHISnSa0S0RSNdXtErpGAs,Balinese restaurant,False,False,False,False,False,False,False,0,Rendah,0,0,1,3
Warung Makan Wira,4.8,36,Jl. Laksamana-Baktiseraga No.154,Buleleng Regency,,+62 819-3654-4500,https://www.google.com/maps/search/?api1&queryWarung%20Makan%20Wira&query_place_idChIJdTdJr5ib0S0R2bI6juAH6do,Balinese restaurant,False,False,False,False,False,False,True,1,Rendah,0,1,0,2
NR Kitchen,4.8,8,"Btn batu sejahtera, dusun batupulu, Jl. Dewa Putu Kerta gang jambu blok c5",Buleleng Regency,https://www.instagram.com/nr_kitchen25?igshMWdpb3ZwMHJvazl5eQ&utm_sourceqr,+62 881-0383-80888,https://www.google.com/maps/search/?api1&queryNR%20Kitchen&query_place_idChIJZTfMJQCb0S0R7AprIQipwgo,Brunch restaurant,True,False,True,False,False,False,False,2,Sedang,1,1,2,1
Warung sate madura urwah albariqi,4.8,4,Jl. Jepun,Tabanan Regency,,+62 812-2714-2949,https://www.google.com/maps/search/?api1&queryWarung%20sate%20madura%20urwah%20albariqi&query_place_idChIJ4yhbOQA70i0Rhe8HwTAyCls,Brunch restaurant,False,False,False,False,False,False,True,1,Rendah,0,1,0,2
Ayam Geprek ala Rahma,4.8,10,"F42C+FH7, Jl. Klp. Gading",Tabanan Regency,,,https://www.google.com/maps/search/?api1&queryAyam%20Geprek%20ala%20Rahma&query_place_idChIJM6uImn870i0R-xIUMs7G-3Q,Chicken restaurant,False,False,False,False,False,False,True,1,Rendah,0,0,1,3
"Chinese Food ""Santoso""",4.8,6,Jl. Mawar No.50,Tabanan Regency,,+62 831-6644-1378,https://www.google.com/maps/search/?api1&queryChinese%20Food%20%22Santoso%22&query_place_idChIJMeq0tDU70i0ReyyaWsSECtM,Chinese restaurant,False,False,False,False,False,False,False,0,Rendah,0,1,0,2
Kedai Singasana,4.8,18,Jl. By Pass Kediri,Tabanan Regency,,+62 822-3040-1864,https://www.google.com/maps/search/?api1&queryKedai%20Singasana&query_place_idChIJ5UODOwA70i0RqDZC6Gwhviw,Food court,False,False,False,False,False,False,False,0,Rendah,0,1,0,2
AYAM GEPREK TULANG LUNAK TABANAN,4.8,84,Jl. Cemp. Hijau No.12,Tabanan Regency,,+62 822-6631-1933,https://www.google.com/maps/search/?api1&queryAYAM%20GEPREK%20TULANG%20LUNAK%20TABANAN&query_place_idChIJq3iEXgA70i0RV4CTburuNIU,Indonesian restaurant,True,False,False,False,False,False,True,2,Sedang,0,1,0,2
Warung Berkat Unyil,4.8,4,Jl. A. Yani No.25c,Buleleng Regency,,+62 819-1440-8420,https://www.google.com/maps/search/?api1&queryWarung%20Berkat%20Unyil&query_place_idChIJp6FqfxWb0S0RGVegaoYzttY,Indonesian restaurant,False,False,False,False,False,False,True,1,Rendah,0,1,0,2
Warung Jepun (Bar and Resto),4.8,772,"R2QH+Q38, Jl. Mawar",Buleleng Regency,,+62 813-3857-3145,https://www.google.com/maps/search/?api1&queryWarung%20Jepun%20(Bar%20and%20Resto)&query_place_idChIJ90PDXxyb0S0RzH3f8NzbkDs,Indonesian restaurant,True,False,False,False,False,False,True,2,Sedang,0,1,0,2
Warung Nasi Goreng,4.8,4,Jl. Gempol No.94a,Buleleng Regency,,,https://www.google.com/maps/search/?api1&queryWarung%20Nasi%20Goreng%2C%20Capcay%2C%20Ddll&query_place_idChIJ4zLsx5iQ0S0RoDXTswi3PQ0,Nasi goreng restaurant,False,False,False,False,False,False,False,0,Rendah,0,0,1,3
Nasi Campur Ayam Jokwi Singaraja,4.8,46,Jl. Kartini,Buleleng Regency,,+62 812-3645-8498,https://www.google.com/maps/search/?api1&queryNasi%20Campur%20Ayam%20Jokwi%20Singaraja&query_place_idChIJ45l2Xw2a0S0RdspdVLBP2Gw,Nasi restaurant,True,False,False,False,False,False,False,1,Rendah,0,1,0,2
Warung makan Babi Genyol,4.8,5,V32X+HPJ,Buleleng Regency,,+62 812-3754-3554,https://www.google.com/maps/search/?api1&queryWarung%20makan%20Babi%20Genyol&query_place_idChIJxW7aJUGR0S0R9XH9pUaoSXM,Nasi restaurant,False,False,False,False,False,False,True,1,Rendah,0,1,0,2
Warung Nasi Be Kebo,4.8,6,"W46J+MFF, Jl. Raya Sangsit",Buleleng Regency,,,https://www.google.com/maps/search/?api1&queryWarung%20Nasi%20Be%20Kebo&query_place_idChIJUaxRvS2X0S0Rlhb-S63aDxo,Nasi restaurant,False,False,False,False,False,False,True,1,Rendah,0,0,1,3
Ableh Kopi & Kelapa Bakar,4.8,43,Desa Sanggulan No.kelurahan,Tabanan Regency,,+62 813-5335-1322,https://www.google.com/maps/search/?api1&queryAbleh%20Kopi%20%26%20Kelapa%20Bakar&query_place_idChIJT41is0870i0RPf89unzorGA,Restaurant,True,True,True,False,False,False,False,3,Sedang,0,1,0,2
Barclona Lovina Bar & Restaurant,4.8,314,Jl. Mawar,Buleleng Regency,,+62 362 41894,https://www.google.com/maps/search/?api1&queryBarclona%20Lovina%20Bar%20%26%20Restaurant&query_place_idChIJ3-BLdz6b0S0RBXz-5FN67cQ,Restaurant,True,False,False,False,False,False,False,1,Rendah,0,1,0,2
Blayag Bu Kriting,4.8,21,Jl. Gajah Mada No.10,Buleleng Regency,,,https://www.google.com/maps/search/?api1&queryBlayag%20Bu%20Kriting&query_place_idChIJl9QWtA6R0S0RiF7dkRuZ-q4,Restaurant,False,False,False,False,False,False,True,1,Rendah,0,0,1,3
CUMI CUMI SPORTS LOUNGE,4.8,243,"Kalibukbuk, Jl. Mawar",Buleleng Regency,,+62 877-3457-3486,https://www.google.com/maps/search/?api1&queryCUMI%20CUMI%20SPORTS%20LOUNGE&query_place_idChIJgfFB66ib0S0RjcUTBhlkaFk,Restaurant,True,False,False,False,False,False,False,1,Rendah,0,1,0,2
Depot Hong,4.8,6,"V3WR+8CQ, Jl. Surapati",Buleleng Regency,,,https://www.google.com/maps/search/?api1&queryDepot%20Hong&query_place_idChIJIYJFKwaa0S0Ry5WEBA0-uHc,Restaurant,False,False,False,False,False,False,False,0,Rendah,0,0,1,3
Happy Nice,4.8,136,,Buleleng Regency,,+62 877-6291-5128,https://www.google.com/maps/search/?api1&queryHappy%20Nice&query_place_idChIJd9d_ovia0S0RDfPHZCtK41o,Restaurant,False,False,False,False,False,False,False,0,Rendah,0,1,0,2
Lalapan Laksamana,4.8,16,"V3GM+5J2, Jl. Laksamana-Baktiseraga",Buleleng Regency,,,https://www.google.com/maps/search/?api1&queryLalapan%20Laksamana&query_place_idChIJrSs-znqb0S0R3h2WVUm4oiA,Restaurant,False,False,False,False,False,False,False,0,Rendah,0,0,1,3
Lapis Karet Lik Tabanan,4.8,8,Jl. Pulau Menjangan No.65,Tabanan Regency,,+62 899-0115-612,https://www.google.com/maps/search/?api1&queryLapis%20Karet%20Lik%20Tabanan&query_place_idChIJrxsnAl470i0R6d6DQwezjTU,Restaurant,False,False,False,False,False,False,False,0,Rendah,0,1,0,2
Mai grill’Lan,4.8,4,"Jl. Srikandi gang Durian II BTN Balai Nuansa Indah Blok C21, Banjar Babakan, Desa Sambangi",Buleleng Regency,,,https://www.google.com/maps/search/?api1&queryMai%20grill%E2%80%99Lan&query_place_idChIJv9nVJoub0S0RXMw7VLfIzds,Restaurant,False,False,False,False,False,False,False,0,Rendah,0,0,1,3
Ocean Paradise Beachfront Restaurant,4.8,10,,Singraja,,+62 812-3697-3939,https://www.google.com/maps/search/?api1&queryOcean%20Paradise%20Beachfront%20Restaurant&query_place_idChIJj9s9FWSX0S0RxkEZSUuNtiM,Restaurant,False,False,False,False,False,False,False,0,Rendah,0,1,0,2
RM Jaya Serasi,4.8,20,Jl. Pulau Menjangan No.49,Tabanan Regency,,+62 821-4688-9992,https://www.google.com/maps/search/?api1&queryRM%20Jaya%20Serasi&query_place_idChIJu5-BVl460i0RRm0Cfd_7WuA,Restaurant,False,False,False,False,False,False,False,0,Rendah,0,1,0,2
Starfish Bar and Restaurant,4.8,19,Jl. Kartika,Buleleng Regency,,+62 877-2277-0222,https://www.google.com/maps/search/?api1&queryStarfish%20Bar%20and%20Restaurant&query_place_idChIJm7VTaACb0S0Rp6w6MVOJ2kU,Restaurant,True,False,False,False,False,False,False,1,Rendah,0,1,0,2
Waroeng D'Bukit 2,4.8,4,Jl. Srimadya No.81119,Buleleng Regency,,,https://www.google.com/maps/search/?api1&queryWaroeng%20D'Bukit%202&query_place_idChIJmeDnIryR0S0R3VCtGCfUBs0,Restaurant,False,False,False,False,False,False,False,0,Rendah,0,0,1,3
Warung Bu Agus,4.8,6,"F443+MQV, Jl. Garuda",Tabanan Regency,,,https://www.google.com/maps/search/?api1&queryWarung%20Bu%20Agus&query_place_idChIJQYXaF3s60i0RFzZ2PTs5JxY,Restaurant,True,False,False,False,False,False,True,2,Sedang,0,0,1,3
Warung Indra,4.8,54,,Buleleng Regency,,+62 819-3632-2480,https://www.google.com/maps/search/?api1&queryWarung%20Indra&query_place_idChIJgQRWahqb0S0RWKeZvpPzV-A,Restaurant,True,False,False,False,False,False,True,2,Sedang,0,1,0,2
Warung LONCENG & catering,4.8,8,,Buleleng Regency,,+62 812-3810-5867,https://www.google.com/maps/search/?api1&queryWarung%20LONCENG%20%26%20catering&query_place_idChIJwdjabwWb0S0RmNoAP9En2QU,Restaurant,False,False,False,False,False,False,False,0,Rendah,0,1,0,2
Warung Special Seblak,4.8,8,Jl. Mawar No.77,Tabanan Regency,,,https://www.google.com/maps/search/?api1&queryWarung%20Special%20Seblak&query_place_idChIJY5n4TwA70i0RksVWX69stIg,Restaurant,False,False,False,False,False,False,False,0,Rendah,0,0,1,3
Warung TopSpot,4.8,5,Jl. Nakula No.2,Buleleng Regency,,+62 889-8702-2870,https://www.google.com/maps/search/?api1&queryWarung%20TopSpot&query_place_idChIJOzIJg3Cb0S0RmNFsUjXU-C0,Restaurant,False,False,True,False,False,False,False,1,Rendah,0,1,0,2
Sate Mek Ngah (Sate Serapah Kakul dan Sapi),4.8,12,V3WV+J56,Buleleng Regency,,,https://www.google.com/maps/search/?api1&querySate%20Mek%20Ngah%20(Sate%20Serapah%20Kakul%20dan%20Sapi)&query_place_idChIJQbmOohCb0S0RUo5QdA62yvU,Satay restaurant,False,False,False,False,False,False,False,0,Rendah,0,0,1,3
Zen's Home,4.8,26,"Ayodya Residence Blok D. 2, Jl. Kumba Karna No.LC 10",Buleleng Regency,,+62 815-2943-3629,https://www.google.com/maps/search/?api1&queryZen's%20Home&query_place_idChIJX5bn-_BB0i0R1nPvUlD4-WI,Smart shop,False,False,False,False,False,False,False,0,Rendah,0,1,0,2
Soto Ayam Surabaya,4.8,84,Jl. A. Yani No.25h,Buleleng Regency,,,https://www.google.com/maps/search/?api1&querySoto%20Ayam%20Surabaya&query_place_idChIJDTFh7gua0S0R9BsdzFQI7y8,Soto ayam restaurant,False,False,False,False,False,False,False,0,Rendah,0,0,1,3
Warung Soto Ayam Mas Bejo,4.8,4,Pasar kodok(OB,Tabanan Regency,,+62 822-5932-0034,https://www.google.com/maps/search/?api1&queryWarung%20Soto%20Ayam%20Mas%20Bejo&query_place_idChIJo_YYpLY70i0Rt-rL8KUQykI,Soto ayam restaurant,False,False,False,False,False,False,False,0,Rendah,0,1,0,2
Wr. Soto Buk Edd,4.8,56,"V3GJ+QFF, Jl. Dewi Uma Gg. Padi",Buleleng Regency,,+62 877-6278-9046,https://www.google.com/maps/search/?api1&queryWr.%20Soto%20Buk%20Edd&query_place_idChIJ91Ykzm-a0S0R0_gIgOpATg8,Soto ayam restaurant,False,False,False,False,False,False,False,0,Rendah,0,1,0,2
Nasi Soto SGM,4.8,45,Jl. Kaswari No.3,Tabanan Regency,,+62 819-9939-3137,https://www.google.com/maps/search/?api1&queryNasi%20Soto%20SGM&query_place_idChIJwUJuG9070i0RNhfUUbkMiRU,Soto restaurant,False,False,True,False,False,False,True,2,Sedang,0,1,0,2
Warung Tipat Tahu Pak Nurul,4.8,24,Jl. Gajah Mada No.120,Tabanan Regency,,,https://www.google.com/maps/search/?api1&queryWarung%20Tipat%20Tahu%20Pak%20Nurul&query_place_idChIJnahCfmA70i0RSp4AnP8cNUw,Tofu restaurant,False,True,False,False,False,False,False,1,Rendah,0,0,1,3
Bakso Mas Gatot,3.8,16,"V3FM+W2G, Jl. Laksamana",Buleleng Regency,,+62 813-1622-2744,https://www.google.com/maps/search/?api1&queryBakso%20Mas%20Gatot&query_place_idChIJc3MIwMub0S0RwagWXgKY_0A,Bakso restaurant,False,False,False,False,False,False,True,1,Rendah,0,1,0,2
Nasi Angin Dimas,3.8,42,Jl. Yeh Gangga I,Tabanan Regency,,+62 822-3771-7976,https://www.google.com/maps/search/?api1&queryNasi%20Angin%20Dimas&query_place_idChIJY4qiZ9k70i0RnikCG3qWFds,Balinese restaurant,False,False,False,False,False,False,True,1,Rendah,0,1,0,2
Warung Bu Ayu,3.8,6,"W45C+HXW, Jalan",Buleleng Regency,,+62 878-5311-8645,https://www.google.com/maps/search/?api1&queryWarung%20Bu%20Ayu&query_place_idChIJ_W7Kek-X0S0RE-9tYV-IUUM,Breakfast restaurant,True,False,False,False,False,False,True,2,Sedang,0,1,0,2
Bakso Pak Yanto,3.8,14,Jl. Mawar No.36,Tabanan Regency,,,https://www.google.com/maps/search/?api1&queryBakso%20Pak%20Yanto&query_place_idChIJ286Svo870i0Rs7Miiu2y61A,Brunch restaurant,False,False,True,False,False,False,True,2,Sedang,0,0,1,3
Warung Ikan Asap,3.8,4,"F429+2JH, Jl. Bedugul Sel. Asri",Tabanan Regency,,,https://www.google.com/maps/search/?api1&queryWarung%20Ikan%20Asap&query_place_idChIJ292CF0I60i0RRIQKQe7Aa-k,Ikan bakar restaurant,False,False,False,False,False,False,False,0,Rendah,0,0,1,3
Warung Jaya,3.8,5,"V3GM+5JQ, Jl. Laksamana",Buleleng Regency,,,https://www.google.com/maps/search/?api1&queryWarung%20Jaya&query_place_idChIJ-ZuBVwCb0S0RQjhnna8lfBQ,Indonesian restaurant,True,False,False,False,False,False,False,1,Rendah,0,0,1,3
ABAH BAGY BANDUNGwaroeng,3.8,4,Jl. Pesona Rajawali No.B 18,Tabanan Regency,,+62 812-9177-229,https://www.google.com/maps/search/?api1&queryABAH%20BAGY%20BANDUNGwaroeng&query_place_idChIJ63R23zw70i0RLZbPGuFJUjQ,Restaurant,True,False,False,False,False,False,True,2,Sedang,0,1,0,2
Lalapan Mas Joki,3.8,4,"V3F9+6Q9, Jl. Serma Karma",Buleleng Regency,,+62 898-8084-830,https://www.google.com/maps/search/?api1&queryLalapan%20Mas%20Joki&query_place_idChIJ0_FraF2a0S0R7GanYjMaDXk,Restaurant,False,False,False,False,False,False,False,0,Rendah,0,1,0,2
Syobak,3.8,5,"V443+XQ2, Jl. Jelantik Gingsir",Buleleng Regency,,,https://www.google.com/maps/search/?api1&querySyobak&query_place_idChIJZ0cy63qQ0S0R1UGssD5m0ec,Restaurant,False,False,False,False,False,False,False,0,Rendah,0,0,1,3
Warung De'bu,3.8,17,"C4WC+9X6, Gg. XI",Tabanan Regency,,+62 878-6091-7623,https://www.google.com/maps/search/?api1&queryWarung%20De'bu&query_place_idChIJOSTcPGk70i0RN4TtzEe2OT4,Restaurant,False,False,False,False,False,False,True,1,Rendah,0,1,0,2
ACK Gerokgak Tabanan,2.8,50,Jl. Mawar No.59,Tabanan Regency,,,https://www.google.com/maps/search/?api1&queryACK%20Gerokgak%20Tabanan&query_place_idChIJDSiuFwA70i0R1c4Kyg1LuQI,Fast food restaurant,True,True,False,False,True,True,True,5,Tinggi,0,0,1,3
Ajik Budi Bakso Ceker,4.7,9,"R3XQ+P8W, Jl. Ki Barak Panji",Buleleng Regency,,+62 877-6174-3356,https://www.google.com/maps/search/?api1&queryAjik%20Budi%20Bakso%20Ceker&query_place_idChIJtcnPF3mb0S0R7La_vxjL3qI,Bakso restaurant,False,False,False,True,False,False,False,1,Rendah,0,1,0,2
Bakso Babi Pasar KEBON,4.7,3,"V3WR+FW4, Jl. P. Maluku",Buleleng Regency,,,https://www.google.com/maps/search/?api1&queryBakso%20Babi%20Pasar%20KEBON&query_place_idChIJWa8B3Aea0S0RpBlaYr-aHm4,Bakso restaurant,False,False,False,False,False,False,False,0,Rendah,0,0,1,3
"Bakso Bintang Solo 2 ""Cak Wo""",4.7,15,"W448+5PR, Jl. Ratulangi",Buleleng Regency,,+62 823-1939-4763,https://www.google.com/maps/search/?api1&queryBakso%20Bintang%20Solo%202%20%22Cak%20Wo%22&query_place_idChIJ2xEKE-GR0S0RlNpvsYmQP8A,Bakso restaurant,False,False,False,False,False,False,False,0,Rendah,0,1,0,2
Bakso Merdeka Cak No,4.7,44,Jl. Mawar No.77,Tabanan Regency,,+62 853-3786-6898,https://www.google.com/maps/search/?api1&queryBakso%20Merdeka%20Cak%20No&query_place_idChIJ3-ts20A60i0RSyLMdk0paVU,Bakso restaurant,False,False,False,False,False,False,True,1,Rendah,0,1,0,2
Bakso Solo Bang Somat,4.7,3,"W46H+FW3, Jl. Raya Sangsit",Buleleng Regency,,+62 878-6310-0061,https://www.google.com/maps/search/?api1&queryBakso%20Solo%20Bang%20Somat&query_place_idChIJvXX7V-CX0S0RHT8xQn4QylA,Bakso restaurant,False,False,False,False,False,False,True,1,Rendah,0,1,0,2
Bakso Spesial Jumbo Solo,4.7,6,Jl. Pulau Menjangan No.4,Tabanan Regency,,,https://www.google.com/maps/search/?api1&queryBakso%20Spesial%20Jumbo%20Solo&query_place_idChIJ97vyn7o70i0RXOBep3kSv-Q,Bakso restaurant,False,False,False,False,False,False,True,1,Rendah,0,0,1,3
Warung Buk Metri,4.7,10,Jl. P. Seribu No.18,Tabanan Regency,,+62 878-6000-2828,https://www.google.com/maps/search/?api1&queryWarung%20Buk%20Metri&query_place_idChIJw6NIv1860i0RnoX-ZdmZMX0,Bakso restaurant,False,False,False,False,False,False,False,0,Rendah,0,1,0,2
Nasi Lawar Sari Rasa,4.7,6,"V3FH+6H4, Jl. Laksamana",Buleleng Regency,,,https://www.google.com/maps/search/?api1&queryNasi%20Lawar%20Sari%20Rasa&query_place_idChIJ84_bqGWa0S0RkYksPo_3W-I,Balinese restaurant,False,False,False,False,False,False,True,1,Rendah,0,0,1,3
Warung Bali,4.7,19,"V3HV+H5V, Jl. Yudistira",Buleleng Regency,,+62 813-5321-3769,https://www.google.com/maps/search/?api1&queryWarung%20Bali&query_place_idChIJZ50WSHaa0S0RIhJbevucl9o,Balinese restaurant,True,False,False,False,False,False,True,2,Sedang,0,1,0,2
Warung Pojok Bu Aing,4.7,9,"V3WR+C9W, Jl. Surapati",Buleleng Regency,,+62 813-5328-2755,https://www.google.com/maps/search/?api1&queryWarung%20Pojok%20Bu%20Aing&query_place_idChIJ4aUwKwaa0S0RqXsR3itKrr8,Balinese restaurant,True,False,True,False,False,False,False,2,Sedang,0,1,0,2
Grill House Lovina,4.7,9,Jl. Seririt- Singaraja No.Desa,Buleleng Regency,,+62 362 21430,https://www.google.com/maps/search/?api1&queryGrill%20House%20Lovina&query_place_idChIJ89VA4lqa0S0RHrzqZGhZetY,Bar & grill,True,False,False,False,False,False,False,1,Rendah,0,1,0,2
WARUNG STEAK AYAM 20,4.7,28,"F46F+J65, Jalan Gajah Mada , Delod Peken",Tabanan Regency,,,https://www.google.com/maps/search/?api1&queryWARUNG%20STEAK%20AYAM%2020&query_place_idChIJjziAO0c70i0R_RwqfT_q8mE,Barbecue restaurant,False,False,False,False,False,False,False,0,Rendah,0,0,1,3
LOL Jelly,4.7,3,V4P5+R67,Buleleng Regency,,+62 819-0790-2261,https://www.google.com/maps/search/?api1&queryLOL%20Jelly&query_place_idChIJWcbK3emR0S0RIog6y3Zj5c8,Brunch restaurant,False,False,False,False,False,False,False,0,Rendah,0,1,0,2
WARUNG ERI (Soto Babat Sapi),4.7,236,"F46F+MF3, Jl. Kaswari",Tabanan Regency,,+62 851-0098-1505,https://www.google.com/maps/search/?api1&queryWARUNG%20ERI%20(Soto%20Babat%20Sapi)&query_place_idChIJuXPIzF460i0RqXuFfzR-IVU,Brunch restaurant,False,False,False,True,False,False,False,1,Rendah,0,1,0,2
Warung Makan Budi Nasi Ayam Guling,4.7,130,V3XW+46C,Buleleng Regency,,+62 878-6300-5361,https://www.google.com/maps/search/?api1&queryWarung%20Makan%20Budi%20Nasi%20Ayam%20Guling&query_place_idChIJ86Hkk0SR0S0RkssH6vYwK7Q,Chicken restaurant,True,False,False,False,False,False,False,1,Rendah,0,1,0,2
Restaurant Merta Sari,4.7,78,"No, Jl. A. Yani No.25D",Buleleng Regency,,+62 878-6305-3007,https://www.google.com/maps/search/?api1&queryRestaurant%20Merta%20Sari&query_place_idChIJR4rz7Aua0S0RJdK4bn4GMwo,Chinese restaurant,True,False,False,False,False,True,False,2,Sedang,0,1,0,2
UD.SWAN CHINESE FOOD,4.7,63,"F446+J82, Jl. Yeh Gangga I",Tabanan Regency,,+62 812-3627-3891,https://www.google.com/maps/search/?api1&queryUD.SWAN%20CHINESE%20FOOD&query_place_idChIJz2cokHM60i0RxsStx_fGsvA,Chinese restaurant,True,False,False,False,False,True,True,3,Sedang,0,1,0,2
Crew princess/bsa grup,4.7,6,Jl. Pantai Kerobokan No.77,Buleleng Regency,,+62 821-4551-6118,https://www.google.com/maps/search/?api1&queryCrew%20princess%2Fbsa%20grup&query_place_idChIJ12dJw2mX0S0RfBbDKKVCcTc,Family restaurant,False,False,False,False,False,False,False,0,Rendah,0,1,0,2
Warung Alia Tipat dan Rujak,4.7,3,"W459+7VC, Jl. Raya Kerobokan",Buleleng Regency,,+62 813-3827-9995,https://www.google.com/maps/search/?api1&queryWarung%20Alia%20Tipat%20dan%20Rujak&query_place_idChIJqS5PYuqX0S0Rgl2_mmXkddI,Family restaurant,False,False,False,False,False,False,False,0,Rendah,0,1,0,2
ACK Jepun Tabanan,4.7,18,Jl. Jepun No.88A,Tabanan Regency,http://ackcompany.com/,+62 878-6189-0023,https://www.google.com/maps/search/?api1&queryACK%20Jepun%20Tabanan&query_place_idChIJ0fDdEAA70i0RiAurAWF7NRw,Fast food restaurant,False,False,False,False,True,True,True,3,Sedang,1,1,2,1
Se'Indonesia - Singaraja (Delivery & Takeaway),4.7,12,"Jalan Nusa Indah. 4, Ruko No.2",Buleleng Regency,https://seindonesia.co.id/,,https://www.google.com/maps/search/?api1&querySe'Indonesia%20-%20Singaraja%20(Delivery%20%26%20Takeaway)&query_place_idChIJ8XRqCACb0S0R_2f7qROHjZo,Fast food restaurant,True,False,False,False,False,False,False,1,Rendah,1,0,2,1
Warung Namastu,4.7,3,Jl. Ngurah Rai No.1,Buleleng Regency,,,https://www.google.com/maps/search/?api1&queryWarung%20Namastu&query_place_idChIJ-RX4gdCb0S0RhfFjdzPeRrQ,Indonesian restaurant,False,False,False,False,False,False,False,0,Rendah,0,0,1,3
Warung Bu Jero,4.7,6,"V3CG+GMR, Jl. Fajar Utama",Buleleng Regency,,+62 819-1668-2476,https://www.google.com/maps/search/?api1&queryWarung%20Bu%20Jero&query_place_idChIJW1U_Q4yb0S0RgDzotpNxseQ,Javanese restaurant,True,False,False,False,False,False,True,2,Sedang,0,1,0,2
Warung Jawa,4.7,12,"V3RJ+224, Banyuasin",Buleleng Regency,,+62 821-4488-2915,https://www.google.com/maps/search/?api1&queryWarung%20Jawa&query_place_idChIJD_ZE-bab0S0RalvIoF4r_II,Javanese restaurant,False,False,True,False,False,False,True,2,Sedang,0,1,0,2
Warung Larossa Banyuwangi,4.7,3,"F439+4W5, Jl. Jepun",Tabanan Regency,,+62 853-3914-7666,https://www.google.com/maps/search/?api1&queryWarung%20Larossa%20Banyuwangi&query_place_idChIJTUiU70I60i0R7SuDBaNgTsU,Javanese restaurant,False,False,False,False,False,False,False,0,Rendah,0,1,0,2
DEPOT Primadona,4.7,26,Jl. Anyelir No.531,Tabanan Regency,,+62 818-0534-2113,https://www.google.com/maps/search/?api1&queryDEPOT%20Primadona&query_place_idChIJeZb-N2k60i0R27y3jVQrNvg,Nasi goreng restaurant,False,False,False,False,False,False,True,1,Rendah,0,1,0,2
Warung Nyoman,4.7,3,"V3JP+XJ7, Jl. Abimanyu",Buleleng Regency,,+62 821-4406-3990,https://www.google.com/maps/search/?api1&queryWarung%20Nyoman&query_place_idChIJmRD8tEGb0S0R7C5EOT_3rtY,Nasi goreng restaurant,True,False,True,False,False,False,False,2,Sedang,0,1,0,2
Warung Pak Angga,4.7,32,Jl. Ratna No.10,Tabanan Regency,,+62 815-5871-7273,https://www.google.com/maps/search/?api1&queryWarung%20Pak%20Angga&query_place_idChIJdVwFdV460i0Ro5ZkTPvoYms,Nasi goreng restaurant,False,False,False,False,False,False,True,1,Rendah,0,1,0,2
LALAPAN GLORY,4.7,13,Gg. Klp. No.1A,Buleleng Regency,,+62 819-3632-4904,https://www.google.com/maps/search/?api1&queryLALAPAN%20GLORY&query_place_idChIJvzrzS4qb0S0RGMfwV_pxZ7A,Nasi restaurant,False,False,False,False,False,False,True,1,Rendah,0,1,0,2
Nasi Kuning Bu Anik Dekat Fuji Film,4.7,13,"V3QQ+WCR, Jl. A. Yani",Buleleng Regency,,+62 877-6225-0330,https://www.google.com/maps/search/?api1&queryNasi%20Kuning%20Bu%20Anik%20Dekat%20Fuji%20Film&query_place_idChIJw7OTh8eb0S0RxNgR-sOBoek,Nasi restaurant,False,False,False,False,False,False,True,1,Rendah,0,1,0,2
WARUNG ALFAREZI,4.7,34,Jl. Jepun Jl. Pasar Kodok (OB,Tabanan Regency,,+62 857-3719-7424,https://www.google.com/maps/search/?api1&queryWARUNG%20ALFAREZI&query_place_idChIJz9FtyxE70i0RNWrASvtoqno,Nasi restaurant,False,False,False,False,False,False,False,0,Rendah,0,1,0,2
Warung Peteluan 123,4.7,12,Jl. Gajah Mada No.123,Tabanan Regency,,+62 812-3968-8762,https://www.google.com/maps/search/?api1&queryWarung%20Peteluan%20123&query_place_idChIJvY9Zy1460i0RVTjxSDCOsrM,Nasi restaurant,False,False,True,False,False,False,False,1,Rendah,0,1,0,2
Domino's Pizza,4.7,536,Jl. A. Yani No.52,Buleleng Regency,https://pizza-restoran.dominos.co.id/domino-s-pizza-singaraja-bali-pizza-restaurant-kabupaten-buleleng-singaraja-490454/Home?utm_sourcelocator&utm_mediumgoogleplaces,+62 1 500 366,https://www.google.com/maps/search/?api1&queryDomino's%20Pizza&query_place_idChIJTSPeIYqb0S0RgnAr8RTZt4k,Pizza restaurant,True,True,True,True,True,True,True,7,Sangat tinggi,1,1,2,1
Es Waneng,4.7,144,Jl. Mawar No.25,Tabanan Regency,,,https://www.google.com/maps/search/?api1&queryEs%20Waneng&query_place_idChIJxyheu0Q60i0RK_uZrc2Qc9c,Restaurant,False,False,False,False,False,False,False,0,Rendah,0,0,1,3
Kedai Etnik,4.7,112,Jl. Nusa Indah No.21,Buleleng Regency,,+62 888-2846-134,https://www.google.com/maps/search/?api1&queryKedai%20Etnik&query_place_idChIJ53cTUHOa0S0RMZDet0i9Dyk,Restaurant,False,False,False,False,False,False,False,0,Rendah,0,1,0,2
Secret Garden Restaurant,4.7,658,Jl. Pura Dalem Jalan Raya Lovina-Singaraja No.Desa,Buleleng Regency,https://secretgarden.rupagencymockup.com/,+62 887-3321-007,https://www.google.com/maps/search/?api1&querySecret%20Garden%20Restaurant&query_place_idChIJu7Db_-Ka0S0RSyHGifETfxs,Restaurant,True,False,True,False,False,False,False,2,Sedang,1,1,2,1
Student Coffee & 10 Districts Eatery,4.7,218,Jl Cempaka Hijau No.9 Bypass Kediri,Tabanan Regency,,+62 811-3869-909,https://www.google.com/maps/search/?api1&queryStudent%20Coffee%20%26%2010%20Districts%20Eatery&query_place_idChIJ6-049T470i0R5JVR0Tjepik,Restaurant,True,False,False,False,False,False,False,1,Rendah,0,1,0,2
The Pantry at Roemah Soenda Ketjil,4.7,15,Jl. Ngurah Rai No.5,Buleleng Regency,,+62 818-0587-9888,https://www.google.com/maps/search/?api1&queryThe%20Pantry%20at%20Roemah%20Soenda%20Ketjil&query_place_idChIJ-erDucab0S0RaxstrCf_ZkM,Restaurant,True,False,False,False,False,False,False,1,Rendah,0,1,0,2
Warung Bonny,4.7,3,"R3XQ+GG8, Jl. Ki Barak Panji",Buleleng Regency,,+62 859-6421-5377,https://www.google.com/maps/search/?api1&queryWarung%20Bonny&query_place_idChIJZ0uJj22b0S0RWE42Mm4lyVg,Restaurant,False,False,True,False,False,False,False,1,Rendah,0,1,0,2
Warung DKI,4.7,164,Gg. IA No.1,Tabanan Regency,,+62 812-3668-4381,https://www.google.com/maps/search/?api1&queryWarung%20DKI&query_place_idChIJ04MsoFw60i0Re1uww-1VfY0,Restaurant,True,False,False,False,False,False,False,1,Rendah,0,1,0,2
Warung Lestari,4.7,130,"V375+X8M, Jl. Singaraja-Gilimanuk",Buleleng Regency,,+62 877-6253-3200,https://www.google.com/maps/search/?api1&queryWarung%20Lestari&query_place_idChIJZankilea0S0RojKYkXpaX2E,Restaurant,True,False,False,False,False,False,True,2,Sedang,0,1,0,2
Warung Pecel Pincuk Khas Madiun,4.7,17,Jl. Dr. Ir. Soekarno No.77X,Tabanan Regency,,+62 812-3357-2376,https://www.google.com/maps/search/?api1&queryWarung%20Pecel%20Pincuk%20Khas%20Madiun&query_place_idChIJnbVRV0I60i0RKnsAclJNv5Q,Restaurant,False,False,False,False,False,False,True,1,Rendah,0,1,0,2
Warung Pojok 21 (Lawar Dolong),4.7,3,"V3MQ+4F8, Jl. Sahadewa",Buleleng Regency,,,https://www.google.com/maps/search/?api1&queryWarung%20Pojok%2021%20(Lawar%20Dolong)&query_place_idChIJ1dpze3Sa0S0RJMI3vgLX8aw,Restaurant,False,False,False,False,False,False,False,0,Rendah,0,0,1,3
Warung Taman Bali,4.7,216,"kalibukbuk ,lovina, Jl. Mawar",Buleleng Regency,,+62 821-4649-2333,https://www.google.com/maps/search/?api1&queryWarung%20Taman%20Bali&query_place_idChIJSwFN-9Gb0S0RkwR8up8GH4s,Restaurant,True,False,True,False,False,True,False,3,Sedang,0,1,0,2
Sate Bik Ngah Singaraja,4.7,7,"V3WV+J48, Jl. Surapati",Buleleng Regency,,,https://www.google.com/maps/search/?api1&querySate%20Bik%20Ngah%20Singaraja&query_place_idChIJ84tguUmb0S0R5nIWEKUpds0,Satay restaurant,False,False,False,False,False,False,False,0,Rendah,0,0,1,3
Sate Tauco Kho Lin,4.7,63,Jl. P. Plores,Buleleng Regency,,+62 819-3634-4477,https://www.google.com/maps/search/?api1&querySate%20Tauco%20Kho%20Lin&query_place_idChIJvQzK6Qea0S0RFhn8H70zqoo,Satay restaurant,False,False,False,False,False,False,False,0,Rendah,0,1,0,2
Warung Ibu Wina,4.7,417,Jl. Mawar,Buleleng Regency,,+62 813-3759-6912,https://www.google.com/maps/search/?api1&queryWarung%20Ibu%20Wina&query_place_idChIJsR_4eT6b0S0RZD68ignj2tQ,Seafood restaurant,True,False,True,False,False,False,False,2,Sedang,0,1,0,2
Warung PP Ikan Bakar,4.7,484,,Buleleng Regency,,+62 812-3811-841,https://www.google.com/maps/search/?api1&queryWarung%20PP%20Ikan%20Bakar&query_place_idChIJ4al4YkGa0S0Ron5owaFWehI,Seafood restaurant,False,False,True,False,False,False,False,1,Rendah,0,1,0,2
Kedai Gangga Singaraja,4.7,18,Jl. Tribrata,Buleleng Regency,,+62 859-5676-0222,https://www.google.com/maps/search/?api1&queryKedai%20Gangga%20Singaraja&query_place_idChIJL9BdbNSR0S0RVmKKiDFwTmM,Snack bar,False,False,False,False,False,False,True,1,Rendah,0,1,0,2
Sushi ML,4.7,20,Jl. Nusa Indah No.2,Buleleng Regency,,+62 812-4617-1709,https://www.google.com/maps/search/?api1&querySushi%20ML&query_place_idChIJgzFe2a6b0S0RfuoX3SFkbZs,Sushi restaurant,True,False,False,False,False,False,True,2,Sedang,0,1,0,2
Tipat Tahu Buleleng,4.7,3,"V3MJ+6XQ, Jl. Rampai",Buleleng Regency,,,https://www.google.com/maps/search/?api1&queryTipat%20Tahu%20Buleleng&query_place_idChIJg2g4GIWb0S0Re4VgeVV7iWY,Tofu restaurant,False,False,False,False,False,False,False,0,Rendah,0,0,1,3
Depot Vegetarian Sederhana Sehat,4.7,36,Jl. Acarya Graha No.9,Buleleng Regency,,+62 852-3868-4191,https://www.google.com/maps/search/?api1&queryDepot%20Vegetarian%20Sederhana%20Sehat&query_place_idChIJZdBXQ3Oa0S0RFI2NHUVa7ho,Vegetarian restaurant,False,False,False,False,False,False,False,0,Rendah,0,1,0,2
Warung Nasi Wayan Gerembeng,3.7,3,"V3WR+7WW, Jl. P. Maluku",Buleleng Regency,,+62 819-3654-5082,https://www.google.com/maps/search/?api1&queryWarung%20Nasi%20Wayan%20Gerembeng&query_place_idChIJz6ZIdAia0S0RM15PXWdsivw,Asian restaurant,False,False,False,False,False,False,True,1,Rendah,0,1,0,2
AYAM GEPREK CAKNO,3.7,15,Jl. Mawar No.80,Tabanan Regency,,,https://www.google.com/maps/search/?api1&queryAYAM%20GEPREK%20CAKNO&query_place_idChIJW-2-dgA70i0RVi9sqjOFXu4,Brunch restaurant,False,False,True,False,False,True,True,3,Sedang,0,0,1,3
Chic Prek (Spesial Geprek),3.7,3,"Toko Timbangan Budi, Jl. Dr. Ir. Soekarno - Bypass Pesiapan",Tabanan Regency,http://www.instagram.com/chicprekbali,+62 821-3702-8918,https://www.google.com/maps/search/?api1&queryChic%20Prek%20(Spesial%20Geprek)&query_place_idChIJG-v2_5Y70i0R3yQXBxaFRO0,Chicken restaurant,False,False,False,False,False,False,True,1,Rendah,1,1,2,1
Milakitchen ayam goreng Kartika,3.7,3,Jl. Udayana No.7,Buleleng Regency,,+62 822-4783-7030,https://www.google.com/maps/search/?api1&queryMilakitchen%20ayam%20goreng%20Kartika&query_place_idChIJx9FRdj-b0S0RsuRxntOkgJ0,Chinese restaurant,False,False,False,False,False,False,False,0,Rendah,0,1,0,2
Rajata Fried Chicken,3.7,3,Jl. Pulau Menjangan,Buleleng Regency,,+62 878-1941-6262,https://www.google.com/maps/search/?api1&queryRajata%20Fried%20Chicken&query_place_idChIJZ-qUNQCR0S0R0jJxUTSKrOM,Fast food restaurant,False,True,True,False,False,True,False,3,Sedang,0,1,0,2
Cilok Mas Brow,3.7,3,Jl. Rajawali No.7,Tabanan Regency,,,https://www.google.com/maps/search/?api1&queryCilok%20Mas%20Brow&query_place_idChIJm5-EEAA70i0R8X6fxJREHpk,Indonesian restaurant,False,False,True,False,False,False,True,2,Sedang,0,0,1,3
Nasi Goreng Jawara 22,3.7,3,Jl. Anyelir,Tabanan Regency,,,https://www.google.com/maps/search/?api1&queryNasi%20Goreng%20Jawara%2022&query_place_idChIJX7GBNQA70i0RFVDRWN2J-Rc,Indonesian restaurant,False,False,False,False,False,False,True,1,Rendah,0,0,1,3
Warung Sio Bak Terminal Kampung Tinggi,3.7,6,"Terminal Kampung Tinggi, Jl. Surapati",Buleleng Regency,,,https://www.google.com/maps/search/?api1&queryWarung%20Sio%20Bak%20Terminal%20Kampung%20Tinggi&query_place_idChIJ4UsPEwCb0S0R1IYFbv0KN7U,Indonesian restaurant,False,False,False,False,False,False,False,0,Rendah,0,0,1,3
Nasi Angin Dimas 2,3.7,9,"F43C+832, Jl. Jepun",Tabanan Regency,,,https://www.google.com/maps/search/?api1&queryNasi%20Angin%20Dimas%202&query_place_idChIJUzXK83Y70i0RbKcB29dtwmQ,Nasi restaurant,False,False,False,False,False,False,True,1,Rendah,0,0,1,3
Kober Mie Bali - Tabanan,3.7,1854,,Tabanan Regency,,+62 813-3233-2336,https://www.google.com/maps/search/?api1&queryKober%20Mie%20Bali%20-%20Tabanan&query_place_idChIJhXTZXhs70i0R5WYJNoAmA8M,Restaurant,True,True,False,False,True,True,True,5,Tinggi,0,1,0,2
Nasi Kuning Telkom,3.7,3,"V3QR+3MH, Jl. Rama",Buleleng Regency,,,https://www.google.com/maps/search/?api1&queryNasi%20Kuning%20Telkom&query_place_idChIJY3KBbvab0S0RovClrTcjl94,Restaurant,False,False,False,False,False,False,False,0,Rendah,0,0,1,3
Paon Men Ayu,3.7,6,Jl. Bisma Bar. No.15,Buleleng Regency,,+62 362 27374,https://www.google.com/maps/search/?api1&queryPaon%20Men%20Ayu&query_place_idChIJDx0wF3ea0S0RB6GfgNR3IWM,Restaurant,False,False,False,False,False,False,False,0,Rendah,0,1,0,2
Sea Sky Beach Club Lovina,3.7,114,"V362+76J, Jl. Seririt- Singaraja",Singaraja,,,https://www.google.com/maps/search/?api1&querySea%20Sky%20Beach%20Club%20Lovina&query_place_idChIJ4fk1feeb0S0RX_IuDIbGmRg,Restaurant,True,False,False,False,False,False,False,1,Rendah,0,0,1,3
Warung babi guling singaraja,2.7,25,"V3FM+X2F, Jl. Laksamana-Baktiseraga",Buleleng Regency,,,https://www.google.com/maps/search/?api1&queryWarung%20babi%20guling%20singaraja&query_place_idChIJzaG8NTeb0S0RUOfideJWPOk,Balinese restaurant,True,False,False,False,False,False,True,2,Sedang,0,0,1,3
Bakso Balung Lapangan Panji,4.6,11,"V38Q+3W2, Jl. Srikandi",Buleleng Regency,,+62 877-6244-0699,https://www.google.com/maps/search/?api1&queryBakso%20Balung%20Lapangan%20Panji&query_place_idChIJv2yt4Tib0S0R2pReYXzJlb0,Bakso restaurant,False,False,False,False,False,False,False,0,Rendah,0,1,0,2
Eric Dolphin Restaurant,4.6,267,Jl. Seririt- Singaraja,Buleleng Regency,https://ericdolphinrestaurant.com/,,https://www.google.com/maps/search/?api1&queryEric%20Dolphin%20Restaurant&query_place_idChIJ8yOf6RSb0S0RaybMi9SZwjg,Balinese restaurant,False,False,True,False,False,False,False,1,Rendah,1,0,2,1
Warung Asri Jambe,4.6,1202,Jl. Jalak Putih No.1,Tabanan Regency,,+62 813-6862-7652,https://www.google.com/maps/search/?api1&queryWarung%20Asri%20Jambe&query_place_idChIJL027WvY60i0R2OXg70hmeqE,Balinese restaurant,True,False,False,False,False,False,True,2,Sedang,0,1,0,2
Warung Reyno,4.6,116,F48F+855,Tabanan Regency,https://www.instagram.com/p/CLQcyUBgO0S/,,https://www.google.com/maps/search/?api1&queryWarung%20Reyno&query_place_idChIJSwxhp7I70i0RidRxJfOUii0,Breakfast restaurant,True,False,True,False,False,False,False,2,Sedang,1,0,2,1
Depot Selera,4.6,9,Jl. P Ceningan No.9,Tabanan Regency,,+62 821-4548-5006,https://www.google.com/maps/search/?api1&queryDepot%20Selera&query_place_idChIJF2YiGq070i0RQKZtBOlfrxk,Chinese restaurant,True,False,False,False,False,True,False,2,Sedang,0,1,0,2
Warung Sembilan,4.6,143,"V3MQ+7XW, Jl. Sahadewa",Buleleng Regency,,+62 819-3661-4240,https://www.google.com/maps/search/?api1&queryWarung%20Sembilan&query_place_idChIJxfqnWHSa0S0RYZylx9c2azA,Diner,True,True,False,False,False,False,True,3,Sedang,0,1,0,2
Dkriuk Fried Chicken Tabanan Kota,4.6,9,Jl. Kaswari No.20,Tabanan Regency,,+62 819-3511-6131,https://www.google.com/maps/search/?api1&queryDkriuk%20Fried%20Chicken%20Tabanan%20Kota&query_place_idChIJU1ZeTe470i0R10I7nluAHDY,Fast food restaurant,True,False,False,False,False,True,True,3,Sedang,0,1,0,2
Steak Bento Tabanan,4.6,18,"Perumahan Kutuh Residence, Blk. G No.20",Tabanan Regency,,+62 822-3708-0980,https://www.google.com/maps/search/?api1&querySteak%20Bento%20Tabanan&query_place_idChIJw72jSgA70i0RJmDrlwNOznc,Fast food restaurant,True,False,False,False,False,False,True,2,Sedang,0,1,0,2
Tahu Garing TAGAR Clandy's,4.6,48,,Buleleng Regency,,,https://www.google.com/maps/search/?api1&queryTahu%20Garing%20TAGAR%20Clandy's&query_place_idChIJ6eosar6R0S0RKic6O7Hk9es,Fast food restaurant,True,False,False,False,False,False,False,1,Rendah,0,0,1,3
Restoran Terapung Ex. Pelabuhan Buleleng,4.6,25,Jl. Erlangga,Buleleng Regency,,+62 362 21342,https://www.google.com/maps/search/?api1&queryRestoran%20Terapung%20Ex.%20Pelabuhan%20Buleleng&query_place_idChIJ0cFqCAaa0S0REKCE-YEfKAw,Historical landmark,False,False,True,True,False,False,False,2,Sedang,0,1,0,2
Warung Bambu Pemaron,4.6,389,Jl. Hotel Puri Bagus Pemaron Pemaron,Buleleng Regency,http://warung-bambu.mahanara.com/,+62 857-3752-2161,https://www.google.com/maps/search/?api1&queryWarung%20Bambu%20Pemaron&query_place_idChIJDyvGslua0S0RCJ-5338FKO0,Indonesian restaurant,True,False,True,False,False,False,False,2,Sedang,1,1,2,1
Warung Bu Pita,4.6,30,Jl. Teratai No.48,Tabanan Regency,,+62 813-3874-8494,https://www.google.com/maps/search/?api1&queryWarung%20Bu%20Pita&query_place_idChIJf2s9xGc60i0R4AbtaKHwoZI,Javanese restaurant,False,False,False,False,False,False,False,0,Rendah,0,1,0,2
Warung Lalapan Mbak Fifi,4.6,71,V3FW+XW7,Buleleng Regency,,+62 853-3360-0198,https://www.google.com/maps/search/?api1&queryWarung%20Lalapan%20Mbak%20Fifi&query_place_idChIJde3gIYOQ0S0RTrYuNORDVcY,Javanese restaurant,False,False,False,False,False,False,True,1,Rendah,0,1,0,2
Warung Makan Madura,4.6,5,"R3X3+J8F, Jl. Raya Anturan",Buleleng Regency,,+62 819-0707-2091,https://www.google.com/maps/search/?api1&queryWarung%20Makan%20Madura&query_place_idChIJR_BLWuGa0S0RvUSGhDlRY-o,Javanese restaurant,False,False,False,False,False,False,False,0,Rendah,0,1,0,2
Warung Pak Gun,4.6,14,"V472+4P6, Jl. Sari Mekar",Buleleng Regency,,+62 819-9909-3060,https://www.google.com/maps/search/?api1&queryWarung%20Pak%20Gun&query_place_idChIJi0x6SWGQ0S0R76qrT6axUMo,Nasi goreng restaurant,False,False,False,False,False,False,False,0,Rendah,0,1,0,2
Mie Ornik Bali,4.6,77,Jl. Sudirman No.53,Buleleng Regency,,+62 819-9994-1888,https://www.google.com/maps/search/?api1&queryMie%20Ornik%20Bali&query_place_idChIJke7Nlz4_0i0RL_rjCiFvXj0,Noodle shop,True,True,True,False,False,False,False,3,Sedang,0,1,0,2
Wr. Dah Makan,4.6,20,"R3XQ+M9R, Jl. Ki Barak Panji",Buleleng Regency,,+62 877-6222-0198,https://www.google.com/maps/search/?api1&queryWr.%20Dah%20Makan&query_place_idChIJ52sWyp6a0S0RwaTWHoFOYSo,Padang restaurant,True,False,True,False,False,False,True,3,Sedang,0,1,0,2
Pempek 28,4.6,10,Jl. Anggrek No.39,Buleleng Regency,,+62 877-6284-2342,https://www.google.com/maps/search/?api1&queryPempek%2028&query_place_idChIJXcSKHL6b0S0RFInOUk_p09I,Pempek restaurant,True,False,False,False,False,False,True,2,Sedang,0,1,0,2
Byou Pizza,4.6,7,"F46F+XMP, Jl. Gn. Batur",Tabanan Regency,,,https://www.google.com/maps/search/?api1&queryByou%20Pizza&query_place_idChIJz7IZQQA70i0RLvI3LhXwo70,Pizza restaurant,True,False,False,False,False,False,False,1,Rendah,0,0,1,3
Bubur Ayam KV,4.6,63,"no 7 Singaraja, Jl. Surapati",Buleleng Regency,,+62 856-3716-888,https://www.google.com/maps/search/?api1&queryBubur%20Ayam%20KV&query_place_idChIJxbJ82wea0S0RcdI6SokXAp4,Porridge restaurant,True,False,False,False,False,False,False,1,Rendah,0,1,0,2
1000 Dream Bungalow/Hotel,4.6,303,Jl. Seririt- Singaraja,Buleleng Regency,http://www.1000dreambungalow.com/,+62 813-3974-8844,https://www.google.com/maps/search/?api1&query1000%20Dream%20Bungalow%2FHotel&query_place_idChIJi_idmFma0S0RHF_z1Qe7MGw,Restaurant,True,False,True,False,False,False,False,2,Sedang,1,1,2,1
Ikan Bakar SS Sarin Segara Tabanan,4.6,305,Jl. Jepun,Tabanan Regency,,+62 878-9899-8899,https://www.google.com/maps/search/?api1&queryIkan%20Bakar%20SS%20Sarin%20Segara%20Tabanan&query_place_idChIJucw4mJc70i0Ra0vPXZH_tsw,Restaurant,False,False,False,False,False,False,False,0,Rendah,0,1,0,2
Kedai D'Jawa,4.6,16,Jl. Ngurah Rai No.57,Buleleng Regency,,,https://www.google.com/maps/search/?api1&queryKedai%20D'Jawa&query_place_idChIJt2SJSyub0S0R1N31ZAg9KHA,Restaurant,False,False,False,False,False,False,False,0,Rendah,0,0,1,3
OTeWe Resto & Kopi,4.6,88,Jl. Surapati No.12,Buleleng Regency,,+62 362 3304611,https://www.google.com/maps/search/?api1&queryOTeWe%20Resto%20%26%20Kopi&query_place_idChIJkZF8PqiQ0S0RLM5vQsr3Lfk,Restaurant,True,False,False,False,False,False,False,1,Rendah,0,1,0,2
Rumaya,4.6,14,Jl. Nakula No.12,Buleleng Regency,http://www.instagra.com/wikikiw_,+62 821-4435-5498,https://www.google.com/maps/search/?api1&queryRumaya&query_place_idChIJ15ifHjGb0S0RmIOLV2qGjvk,Restaurant,True,False,False,False,False,False,False,1,Rendah,1,1,2,1
Saraswati Restaurant,4.6,14,Jl. Seririt- Singaraja No.Desa,Buleleng Regency,,+62 812-8868-4070,https://www.google.com/maps/search/?api1&querySaraswati%20Restaurant&query_place_idChIJkSaN41qa0S0Rdf08ayLAIb8,Restaurant,False,False,False,False,False,False,False,0,Rendah,0,1,0,2
Warung Mantap Chinese food,4.6,27,F469+QQ5,Tabanan Regency,,+62 857-3888-1074,https://www.google.com/maps/search/?api1&queryWarung%20Mantap%20Chinese%20food&query_place_idChIJ7drJAhc70i0RR46BuvgRqMc,Restaurant,True,False,False,False,False,False,True,2,Sedang,0,1,0,2
Warung Men Sedu,4.6,1948,"F478+36G, Jl. P. Buton",Tabanan Regency,http://www.facebook.com/warungmensedu,+62 822-4775-0982,https://www.google.com/maps/search/?api1&queryWarung%20Men%20Sedu&query_place_idChIJG8bKOl460i0RMcxllKvAksg,Restaurant,True,True,True,False,False,False,True,4,Tinggi,1,1,2,1
Warung Nasi Tempong Janur Kuning,4.6,67,Jl. Pulau Menjangan No.32A,Tabanan Regency,,+62 823-4120-8788,https://www.google.com/maps/search/?api1&queryWarung%20Nasi%20Tempong%20Janur%20Kuning&query_place_idChIJh4_Dgck70i0Rja5pf6R6v8E,Restaurant,False,False,True,False,False,False,False,1,Rendah,0,1,0,2
Warung Sate Babi Mbok Desak,4.6,27,Jl. Sri Gunting No.1,Tabanan Regency,,+62 821-4712-3683,https://www.google.com/maps/search/?api1&queryWarung%20Sate%20Babi%20Mbok%20Desak&query_place_idChIJfR7iI1k60i0Rk0WRchNDUmc,Satay restaurant,False,False,False,False,False,False,False,0,Rendah,0,1,0,2
Warung Sekedar,4.6,73,Jl. Kaswari No.8,Tabanan Regency,,+62 812-3671-1110,https://www.google.com/maps/search/?api1&queryWarung%20Sekedar&query_place_idChIJwcmxLVk60i0R3bEv1w21Z2Y,Satay restaurant,True,False,True,False,False,False,False,2,Sedang,0,1,0,2
Barakuda Restaurant,4.6,144,"enjungsangiang lovina, Kaliasem enjungsangia ng, Jl. Seririt- Singaraja",Buleleng Regency,,+62 819-3665-6446,https://www.google.com/maps/search/?api1&queryBarakuda%20Restaurant&query_place_idChIJYSYX2D2b0S0R9r5v_YNFTmY,Seafood restaurant,True,False,False,False,False,False,False,1,Rendah,0,1,0,2
Gopal Cafe,4.6,5,,Buleleng Regency,,+62 878-7497-8254,https://www.google.com/maps/search/?api1&queryGopal%20Cafe&query_place_idChIJy_3SNgCb0S0R7V2j7sMMAnU,Vegetarian restaurant,False,False,False,False,False,False,False,0,Rendah,0,1,0,2
KREMESAN & BAKARAN CIKLIK,3.6,8,Jl. Mawar No.28,Tabanan Regency,,+62 896-8296-9486,https://www.google.com/maps/search/?api1&queryKREMESAN%20%26%20BAKARAN%20CIKLIK&query_place_idChIJ2aHaCIk70i0RdkWeypRnsJ8,Chicken restaurant,True,False,False,False,False,False,True,2,Sedang,0,1,0,2
GOGO FRIED CHICKEN,3.6,31,V3XX+MJC,Buleleng Regency,,,https://www.google.com/maps/search/?api1&queryGOGO%20FRIED%20CHICKEN&query_place_idChIJ9SLMB_eR0S0RVTRvU9GZ3xo,Fast food restaurant,True,False,False,False,False,True,True,3,Sedang,0,0,1,3
JFC Jaya Fried Chicken Penarukan,3.6,55,W447+7QM,Buleleng Regency,,+62 878-6235-7495,https://www.google.com/maps/search/?api1&queryJFC%20Jaya%20Fried%20Chicken%20Penarukan&query_place_idChIJ2-V_5LSQ0S0Rxi2j0HT8dm4,Fast food restaurant,False,False,False,False,False,False,False,0,Rendah,0,1,0,2
BaliMoon Resto & Family Karaoke,3.6,13,Jl. Pulau Batam No.32,Tabanan Regency,,,https://www.google.com/maps/search/?api1&queryBaliMoon%20Resto%20%26%20Family%20Karaoke&query_place_idChIJ21EVId870i0RVuAEPNaOfLE,Restaurant,False,False,False,False,False,False,False,0,Rendah,0,0,1,3
Fast Food Restaurant,2.6,5,"V3GP+G99, Jl. Sudirman",Buleleng Regency,,,https://www.google.com/maps/search/?api1&queryFast%20Food%20Restaurant&query_place_idChIJ4VfAkXCa0S0RfLeZpilPbX8,Fast food restaurant,False,False,False,False,False,False,False,0,Rendah,0,0,1,3
GOGO Fried chicken,2.6,35,"W448+F49, Jl. WR Supratman",Buleleng Regency,,,https://www.google.com/maps/search/?api1&queryGOGO%20Fried%20chicken&query_place_idChIJNcAbqUyR0S0RKGWV6AOq9mc,Fast food restaurant,False,False,False,False,False,True,True,2,Sedang,0,0,1,3
Bakso Keinzo,2.6,5,Jl. Dr. Ir. Soekarno No.88A,Tabanan Regency,,,https://www.google.com/maps/search/?api1&queryBakso%20Keinzo&query_place_idChIJmWE7NAA70i0RsThutgS1yjg,Indonesian restaurant,True,False,False,False,False,False,True,2,Sedang,0,0,1,3
BAKSO & MIE AYAM super PANDOWO SOLO,4.5,35,"V34M+49P, Jl. Ki Barak Panji",Buleleng Regency,,+62 813-9911-2293,https://www.google.com/maps/search/?api1&queryBAKSO%20%26%20MIE%20AYAM%20super%20PANDOWO%20SOLO&query_place_idChIJm2iG8Teb0S0RpfuNnTbQkv4,Bakso restaurant,False,False,False,False,False,False,False,0,Rendah,0,1,0,2
Bakso buk desi,4.5,10,,Tabanan Regency,,+62 877-7113-3287,https://www.google.com/maps/search/?api1&queryBakso%20buk%20desi&query_place_idChIJFfQiPOc70i0RVM-x8nO7jcU,Bakso restaurant,False,False,False,False,False,False,False,0,Rendah,0,1,0,2
BAKSO DIANA,4.5,2,"V33F+FGH, Jl. Panji Anom",Buleleng Regency,,+62 877-6261-5044,https://www.google.com/maps/search/?api1&queryBAKSO%20DIANA&query_place_idChIJ9R-aYrKb0S0RdBa0MIn98ow,Bakso restaurant,False,False,False,False,False,False,True,1,Rendah,0,1,0,2
Bakso mas antok,4.5,2,V3MJ+6WM,Buleleng Regency,,,https://www.google.com/maps/search/?api1&queryBakso%20mas%20antok&query_place_idChIJOyOLSEOb0S0RYAgY1_iEp88,Bakso restaurant,False,False,False,False,False,False,True,1,Rendah,0,0,1,3
Mie Ayam Bakso Pak Angga,4.5,238,"W436+P98, Jl. WR Supratman",Singaraja,,+62 852-3790-6779,https://www.google.com/maps/search/?api1&queryMie%20Ayam%20Bakso%20Pak%20Angga&query_place_idChIJK-UbNOeR0S0Ru-rirBAPxZE,Bakso restaurant,False,False,False,False,False,False,False,0,Rendah,0,1,0,2
MIE AYAM- BAKSO PAK ANGGA,4.5,87,Jl. Setia Budi No.88,Buleleng Regency,,+62 853-3338-5859,https://www.google.com/maps/search/?api1&queryMIE%20AYAM-%20BAKSO%20PAK%20ANGGA&query_place_idChIJNd__0A6R0S0RTkYmyhguius,Bakso restaurant,False,False,False,False,False,False,False,0,Rendah,0,1,0,2
Pondok 354 Benglap,4.5,13,"V3JJ+VP7, Jl. Sudirman",Buleleng Regency,,+62 822-4746-9119,https://www.google.com/maps/search/?api1&queryPondok%20354%20Benglap&query_place_idChIJ28Rehm2a0S0ReVreisjFLBA,Bakso restaurant,False,False,False,False,False,False,False,0,Rendah,0,1,0,2
Babi guling Kartika,4.5,19,"V3FH+4J7, Jl. Laksamana",Buleleng Regency,,+62 823-5934-0088,https://www.google.com/maps/search/?api1&queryBabi%20guling%20Kartika&query_place_idChIJU_5jEfKb0S0R34GIkZaO73Y,Balinese restaurant,False,True,False,False,False,False,False,1,Rendah,0,1,0,2
Warung Makan Siobak Bu Gusti,4.5,503,Jl. Laksamana,Buleleng Regency,,+62 877-6276-7111,https://www.google.com/maps/search/?api1&queryWarung%20Makan%20Siobak%20Bu%20Gusti&query_place_idChIJQWTpCGWa0S0RqNFQ9O1fkM0,Balinese restaurant,True,False,False,True,False,False,True,3,Sedang,0,1,0,2
Warung Nasi Babi Guling Buk Ketut,4.5,50,"F429+XFF, Jalan By Pass Pesiapan",Tabanan Regency,,,https://www.google.com/maps/search/?api1&queryWarung%20Nasi%20Babi%20Guling%20Buk%20Ketut&query_place_idChIJc5RMjkI60i0RtT64Azqe0Ro,Balinese restaurant,False,False,False,False,False,False,True,1,Rendah,0,0,1,3
Warung Nasi Bali Ibu Sayu,4.5,230,Jl. Nuri No.15,Tabanan Regency,,+62 813-3868-6829,https://www.google.com/maps/search/?api1&queryWarung%20Nasi%20Bali%20Ibu%20Sayu&query_place_idChIJHZQObl860i0RZL8FVTAIEVE,Balinese restaurant,True,False,True,False,False,False,False,2,Sedang,0,1,0,2
Dapur ALION,4.5,4,"V, Perumahan Taman Wira Sambangan Blok Dahlia",Buleleng Regency,,+62 812-3694-6226,https://www.google.com/maps/search/?api1&queryDapur%20ALION&query_place_idChIJMc7ZndGb0S0Rp_EVgXc_fvU,Brunch restaurant,False,False,False,False,False,False,False,0,Rendah,0,1,0,2
Warung braye,4.5,6,"V34M+H3W, Jl. Ki Barak Panji",Buleleng Regency,,+62 878-5632-3147,https://www.google.com/maps/search/?api1&queryWarung%20braye&query_place_idChIJqxQY9cmb0S0RdKzwx8jci1o,Brunch restaurant,False,False,False,False,False,False,False,0,Rendah,0,1,0,2
Wr. INI DIA,4.5,2,"V3G7+WJM, Jl. Pantai Penimbangan",Buleleng Regency,,,https://www.google.com/maps/search/?api1&queryWr.%20INI%20DIA&query_place_idChIJk4w3LACb0S0RGA5Sf2BIMBE,Brunch restaurant,False,False,False,False,False,False,False,0,Rendah,0,0,1,3
Ayam Bakar Sambal Nyetan Jakarta,4.5,29,Jl. Kaswari No.14,Tabanan Regency,,,https://www.google.com/maps/search/?api1&queryAyam%20Bakar%20Sambal%20Nyetan%20Jakarta%2C%20Cabang%20Tabanan&query_place_idChIJDdtEADU70i0RMGUxWjxwZWY,Chicken restaurant,True,False,False,False,False,False,True,2,Sedang,0,0,1,3
Ayam Kosek Singaraja,4.5,86,Jl. Gajah Mada No.111,Buleleng Regency,,+62 817-5451-565,https://www.google.com/maps/search/?api1&queryAyam%20Kosek%20Singaraja&query_place_idChIJMaX7OXOa0S0RsBUpZ0f5nu8,Chicken restaurant,True,False,False,False,False,False,False,1,Rendah,0,1,0,2
Warung Bunda,4.5,2,Jl. Bedugul Sel. Asri No.2,Tabanan Regency,,+62 813-3844-8322,https://www.google.com/maps/search/?api1&queryWarung%20Bunda&query_place_idChIJi56A3UI60i0RtWZtqA_vHng,Diner,False,False,False,False,False,False,False,0,Rendah,0,1,0,2
Warung Desak,4.5,4,"W447+4CP, Jl. WR Supratman",Buleleng Regency,,+62 878-6307-9778,https://www.google.com/maps/search/?api1&queryWarung%20Desak&query_place_idChIJZWoPq3OR0S0RlvlvkHiovc0,Diner,False,False,False,False,False,False,False,0,Rendah,0,1,0,2
Warung Rasta,4.5,4,"V4QG+8G3, Lebak Anturan, Singaraja",Buleleng Regency,,+62 362 41275,https://www.google.com/maps/search/?api1&queryWarung%20Rasta&query_place_idChIJv6kvf8KQ0S0RxPUwHJZWsf8,Family restaurant,False,False,True,False,False,False,True,2,Sedang,0,1,0,2
Eat Toast Tabanan,4.5,13,Jl. Dr. Ir. Soekarno No.88x,Tabanan Regency,,,https://www.google.com/maps/search/?api1&queryEat%20Toast%20Tabanan&query_place_idChIJDawXqQk70i0RkVa96YR1hwo,Fast food restaurant,True,False,False,False,False,False,False,1,Rendah,0,0,1,3
JFC SURAPATI,4.5,66,Jl. Surapati,Buleleng Regency,,,https://www.google.com/maps/search/?api1&queryJFC%20SURAPATI&query_place_idChIJqb9qgPqR0S0R3_JohK-zZq8,Fast food restaurant,True,False,False,False,False,False,True,2,Sedang,0,0,1,3
Lesehan Ikan Bakar Angin Semilir,4.5,42,"V396+QX5, Jl. Pahlawan",Buleleng Regency,,+62 819-1571-1211,https://www.google.com/maps/search/?api1&queryLesehan%20Ikan%20Bakar%20Angin%20Semilir&query_place_idChIJUfyANFub0S0RFVy6Ek-1gzw,Ikan bakar restaurant,False,False,False,False,False,False,False,0,Rendah,0,1,0,2
Warung Sidomulyo,4.5,192,"F439+82V, Jl. Dr. Ir. Soekarno",Tabanan Regency,,,https://www.google.com/maps/search/?api1&queryWarung%20Sidomulyo&query_place_idChIJ52fEDWg60i0RRelDNrN0C9w,Ikan bakar restaurant,False,False,False,False,False,False,True,1,Rendah,0,0,1,3
Depot Sabrina,4.5,22,Jl. Patimura No.7,Buleleng Regency,,,https://www.google.com/maps/search/?api1&queryDepot%20Sabrina&query_place_idChIJcfiqoJyb0S0RyFmn8x5P-7E,Indonesian restaurant,False,False,False,True,False,False,False,1,Rendah,0,0,1,3
Stand Madura 2 Sate Gule Kambing & Ayam,4.5,6,Jl. Surapati No.103,Buleleng Regency,,+62 878-5620-0040,https://www.google.com/maps/search/?api1&queryStand%20Madura%202%20Sate%20Gule%20Kambing%20%26%20Ayam&query_place_idChIJw18DV0SR0S0R7KadoZ9Jakg,Indonesian restaurant,False,False,False,False,False,False,False,0,Rendah,0,1,0,2
TINK GENZ BAR & ANGKRINGAN,4.5,22,"V38Q+HJR, Jl. Srikandi",Buleleng Regency,https://www.instagram.com/tinkgenz_family_resto?igshemZwbGFnaTFqdnU4,,https://www.google.com/maps/search/?api1&queryTINK%20GENZ%20BAR%20%26%20ANGKRINGAN&query_place_idChIJPw6QYuub0S0Rs5ukq2HhnYY,Indonesian restaurant,True,False,False,False,False,False,False,1,Rendah,1,0,2,1
Warung Lalapan Mas Satria,4.5,33,,Buleleng Regency,,+62 852-5726-0808,https://www.google.com/maps/search/?api1&queryWarung%20Lalapan%20Mas%20Satria&query_place_idChIJ0Y6vJ2Sa0S0REn5LIyPvMy0,Indonesian restaurant,False,False,False,False,False,False,True,1,Rendah,0,1,0,2
Nasi Pecel & Bebek Pengkolan,4.5,108,Jl. Hasanudin No.06,Buleleng Regency,,+62 821-3125-2220,https://www.google.com/maps/search/?api1&queryNasi%20Pecel%20%26%20Bebek%20Pengkolan&query_place_idChIJ7R9WA6eb0S0R8Lt09-LMrUM,Javanese restaurant,False,False,False,False,False,True,True,2,Sedang,0,1,0,2
Warung Banyuwangi Utama,4.5,1142,"F429+XP8, Jl. Dr. Ir. Soekarno",Tabanan Regency,,+62 361 7447016,https://www.google.com/maps/search/?api1&queryWarung%20Banyuwangi%20Utama&query_place_idChIJsx5R80I60i0RMBE5qKQuXJQ,Javanese restaurant,False,False,False,False,False,False,True,1,Rendah,0,1,0,2
Warung Bik Juk,4.5,784,,Buleleng Regency,,+62 819-1566-2913,https://www.google.com/maps/search/?api1&queryWarung%20Bik%20Juk&query_place_idChIJZbWX6Aia0S0R0tM3h1RZ1h8,Javanese restaurant,False,False,True,False,False,False,False,1,Rendah,0,1,0,2
WARUNG CINTA,4.5,15,"V3G7+677, Jl. Segara penimbangan",Buleleng Regency,,+62 853-3353-3100,https://www.google.com/maps/search/?api1&queryWARUNG%20CINTA&query_place_idChIJ10s74uKb0S0R72HGHa3kq-A,Javanese restaurant,True,False,False,False,False,False,True,2,Sedang,0,1,0,2
Warung Makan Bu Nyoman,4.5,4,"F458+9W5, Jl. Teratai",Tabanan Regency,,+62 812-3768-3680,https://www.google.com/maps/search/?api1&queryWarung%20Makan%20Bu%20Nyoman&query_place_idChIJX8EjXGc60i0RJVzpdSv0KHg,Javanese restaurant,False,False,False,False,False,False,True,1,Rendah,0,1,0,2
Warung Muslim Banyuwangi,4.5,6,"F457+J27, Jl. Dr. Ir. Soekarno",Tabanan Regency,,+62 823-4282-9961,https://www.google.com/maps/search/?api1&queryWarung%20Muslim%20Banyuwangi&query_place_idChIJNSGsUmE60i0RNqR87LRJ6_U,Javanese restaurant,False,False,False,False,False,False,True,1,Rendah,0,1,0,2
Warung Batagor Bandung,4.5,61,Jl. Patimura No.108,Buleleng Regency,,,https://www.google.com/maps/search/?api1&queryWarung%20Batagor%20Bandung&query_place_idChIJkQjMIw-a0S0RY9Y8amYvS8E,Nasi goreng restaurant,False,False,False,False,False,False,False,0,Rendah,0,0,1,3
Bumang's Kitchen,4.5,2,Jl. Pulau Nias No.25,Tabanan Regency,,+62 811-3852-882,https://www.google.com/maps/search/?api1&queryBumang's%20Kitchen&query_place_idChIJ48EYHI070i0R2I7JRNNlWhk,Nasi restaurant,True,False,False,False,False,False,False,1,Rendah,0,1,0,2
Warung nasi angin (ang’in be manis),4.5,12,F469+QR2,Tabanan Regency,,+62 812-3668-6806,https://www.google.com/maps/search/?api1&queryWarung%20nasi%20angin%20(ang%E2%80%99in%20be%20manis)&query_place_idChIJYbMZohk70i0RYjaC2o5O4ZA,Nasi restaurant,True,False,False,False,False,False,False,1,Rendah,0,1,0,2
Warung Nasi Pak Kareb,4.5,251,"F44C+FGH, Gg. V",Tabanan Regency,,+62 361 8941505,https://www.google.com/maps/search/?api1&queryWarung%20Nasi%20Pak%20Kareb&query_place_idChIJeyUp5Fw60i0R_-ShH8_jXsk,Nasi restaurant,True,False,False,False,False,False,True,2,Sedang,0,1,0,2
Warung Nasi Saniyah,4.5,4,Jl. Hasanudin No.44-46,Buleleng Regency,,+62 812-3910-060,https://www.google.com/maps/search/?api1&queryWarung%20Nasi%20Saniyah&query_place_idChIJowFZR9-b0S0R7KUHOR6Rm0U,Nasi restaurant,False,False,False,False,False,False,False,0,Rendah,0,1,0,2
Rumah Makan Cempaka,4.5,13,"V396+HWX, Jl. Seririt- Singaraja, Dusun Daun Margi, Pemaron",Buleleng Regency,,+62 819-0708-8102,https://www.google.com/maps/search/?api1&queryRumah%20Makan%20Cempaka&query_place_idChIJEUMT2Vua0S0ROuydteYI2c8,Padang restaurant,False,False,False,False,False,False,False,0,Rendah,0,1,0,2
Rumah Makan Padang Denai,4.5,48,Jl. Imam Bonjol No.84,Buleleng Regency,,+62 853-3826-5417,https://www.google.com/maps/search/?api1&queryRumah%20Makan%20Padang%20Denai&query_place_idChIJAccJXDOb0S0RqblkstDeVMM,Padang restaurant,False,False,False,False,False,False,True,1,Rendah,0,1,0,2
Rumah Makan Padang Minang Saiyo,4.5,508,Jl. A. Yani No.201,Buleleng Regency,,+62 853-3782-8866,https://www.google.com/maps/search/?api1&queryRumah%20Makan%20Padang%20Minang%20Saiyo&query_place_idChIJny0JbQ2a0S0RInO-Q8vLfdc,Padang restaurant,False,False,True,False,False,False,True,2,Sedang,0,1,0,2
Warung Tomat Pizza and Pasta,4.5,252,"Depan GOR Bhuana Patra, Jl. Udayana No.8",Buleleng Regency,,+62 362 3301455,https://www.google.com/maps/search/?api1&queryWarung%20Tomat%20Pizza%20and%20Pasta&query_place_idChIJ6zYjlnSa0S0RSvi9MnueFts,Pasta shop,True,False,True,False,False,False,False,2,Sedang,0,1,0,2
Pecel Lele Mas Fiq,4.5,2,"V3FQ+XGX, Jl. Pahlawan",Buleleng Regency,,+62 856-4850-7288,https://www.google.com/maps/search/?api1&queryPecel%20Lele%20Mas%20Fiq&query_place_idChIJQZkB8Hma0S0RkfQfld8VfzY,Pecel lele restaurant,False,False,False,False,False,False,False,0,Rendah,0,1,0,2
Bubur Ayam Bang Djago,4.5,4,"JL. Sudirman no 80 , Singaraja, Buleleng, Banjar Tegal",Buleleng Regency,,+62 881-0372-72306,https://www.google.com/maps/search/?api1&queryBubur%20Ayam%20Bang%20Djago&query_place_idChIJRVPc_qOb0S0R9mq2AUSTVbM,Porridge restaurant,True,False,False,False,False,False,True,2,Sedang,0,1,0,2
Bubur Ayam Kampung Tinggi,4.5,4,V3WV+J35,Buleleng Regency,,,https://www.google.com/maps/search/?api1&queryBubur%20Ayam%20Kampung%20Tinggi&query_place_idChIJ0QoLQeOb0S0RfbUrpk4PHBI,Porridge restaurant,False,False,False,False,False,False,False,0,Rendah,0,0,1,3
COUPLE COFFEE,4.5,59,Jl. Pulau Obi,Buleleng Regency,,+62 821-4501-0279,https://www.google.com/maps/search/?api1&queryCOUPLE%20COFFEE&query_place_idChIJ_eIv_xGR0S0Rex4p3ZJhUj8,Restaurant,True,False,False,False,False,False,True,2,Sedang,0,1,0,2
dagang bakso pak sidik,4.5,2,,Buleleng Regency,,,https://www.google.com/maps/search/?api1&querydagang%20bakso%20pak%20sidik&query_place_idChIJvf-0dWqb0S0RhUNtH7gJ-SM,Restaurant,False,False,False,False,False,False,False,0,Rendah,0,0,1,3
Dapurnona Tabanan,4.5,93,Jl. P. Seribu No.8,Tabanan Regency,https://dapurnonatbn.carrd.co/,+62 831-1939-3363,https://www.google.com/maps/search/?api1&queryDapurnona%20Tabanan&query_place_idChIJl39V7I470i0RdbyCu9Zci3M,Restaurant,False,False,False,False,False,False,True,1,Rendah,1,1,2,1
Mentari Lovina Bar & Kitchen,4.5,498,Jl. Pura Subak Banyualit,Buleleng Regency,,+62 811-3948-869,https://www.google.com/maps/search/?api1&queryMentari%20Lovina%20Bar%20%26%20Kitchen&query_place_idChIJ-5CqO-Gb0S0RtCHTwb4afN8,Restaurant,False,False,False,True,False,False,False,1,Rendah,0,1,0,2
Puri Bagus Lovina Beach & Yoga Retreat Resort,4.5,658,Jl. Seririt- Singaraja No.Desa,Buleleng Regency,http://www.puribaguslovina.com/,+62 362 21430,https://www.google.com/maps/search/?api1&queryPuri%20Bagus%20Lovina%20Beach%20%26%20Yoga%20Retreat%20Resort&query_place_idChIJ33HpuhCb0S0RLjDZD9aHIz8,Restaurant,True,True,True,True,False,False,False,4,Tinggi,1,1,2,1
Run & Run Dauh Pala,4.5,2,F466+RGP Alfamart sat,Tabanan Regency,,,https://www.google.com/maps/search/?api1&queryRun%20%26%20Run%20Dauh%20Pala&query_place_idChIJGVJIUAY70i0Rqw78fVA83So,Restaurant,False,False,False,False,False,False,False,0,Rendah,0,0,1,3
Siobak Khelok Aye Singaraja,4.5,42,Jl. Surapati No.31,Buleleng Regency,,+62 877-6287-7735,https://www.google.com/maps/search/?api1&querySiobak%20Khelok%20Aye%20Singaraja&query_place_idChIJxcAffUSb0S0Rb5WKALIjrRg,Restaurant,False,False,False,False,False,False,False,0,Rendah,0,1,0,2
Stand richsolo,4.5,11,Jalan tanjung,Buleleng Regency,,,https://www.google.com/maps/search/?api1&queryStand%20richsolo&query_place_idChIJVdbziBWb0S0RoBxmw3s2BqY,Restaurant,False,False,False,False,False,False,False,0,Rendah,0,0,1,3
The Grand Villandra Resort Lovina,4.5,338,"Lovina, Jl. Seririt- Singaraja",Buleleng Regency,http://www.villandra.com/,+62 857-3833-6129,https://www.google.com/maps/search/?api1&queryThe%20Grand%20Villandra%20Resort%20Lovina&query_place_idChIJMTuFiOmb0S0Rkhfcjr1I7sg,Restaurant,True,False,True,False,False,False,False,2,Sedang,1,1,2,1
umah.dijé,4.5,93,Jl. Seririt- Singaraja,Buleleng Regency,,+62 877-6284-0472,https://www.google.com/maps/search/?api1&queryumah.dij%C3%A9&query_place_idChIJ1VX-VrCb0S0RqqClVy6ENkY,Restaurant,True,False,False,False,False,False,False,1,Rendah,0,1,0,2
Warung MK,4.5,10,Jl. Kamboja No.8,Tabanan Regency,,,https://www.google.com/maps/search/?api1&queryWarung%20MK&query_place_idChIJJUOT_Fs60i0RTlAYwuzCMOY,Restaurant,True,False,True,False,False,False,False,2,Sedang,0,0,1,3
Warung Pak Ceker,4.5,36,"V39P+6XQ, Jl. Srikandi",Buleleng Regency,,+62 819-1379-8620,https://www.google.com/maps/search/?api1&queryWarung%20Pak%20Ceker&query_place_idChIJO6VnLXya0S0RweIFfZ2dwXE,Restaurant,True,False,False,False,False,False,False,1,Rendah,0,1,0,2
Warung Sa'ang,4.5,150,"V3F7+J2M, Jl. Pantai Penimbangan",Buleleng Regency,,,https://www.google.com/maps/search/?api1&queryWarung%20Sa'ang&query_place_idChIJCWcoFZqb0S0RWi57-Sqr1fo,Restaurant,True,False,True,False,False,False,False,2,Sedang,0,0,1,3
Sate Plecing,4.5,118,Jl. Imam Bonjol Gang Mimbar No.1,Buleleng Regency,,+62 362 21309,https://www.google.com/maps/search/?api1&querySate%20Plecing&query_place_idChIJA7v-3Qia0S0RdP8U7AQZBHE,Satay restaurant,True,False,False,False,False,False,False,1,Rendah,0,1,0,2
Warung Sate dan Gulai Muslim 2 Cabang Terminal Kediri,4.5,82,Jl. Dr. Ir. Soekarno No.1935,Tabanan Regency,https://gofood.link/u/7LzkW,+62 857-3912-0002,https://www.google.com/maps/search/?api1&queryWarung%20Sate%20dan%20Gulai%20Muslim%202%20Cabang%20Terminal%20Kediri&query_place_idChIJZbdbYWE60i0RHrHKtaf8zQM,Satay restaurant,False,False,False,False,False,False,True,1,Rendah,1,1,2,1
DEPOTku,3.5,72,Jl. Mawar No.49,Tabanan Regency,,+62 851-0176-8354,https://www.google.com/maps/search/?api1&queryDEPOTku&query_place_idChIJC3w1C0Q60i0RUZNI3wgZeMU,Chinese restaurant,True,False,False,False,False,True,False,2,Sedang,0,1,0,2
Bakso Solo Mas Hanung,3.5,2,Jl. Ngurah Rai No.mor 59,Buleleng Regency,,,https://www.google.com/maps/search/?api1&queryBakso%20Solo%20Mas%20Hanung&query_place_idChIJ0XS59oeb0S0RZqh2PN14gGk,Indonesian restaurant,False,False,False,False,False,False,False,0,Rendah,0,0,1,3
Warung Bu Ketut,3.5,4,"W449+HJ8, Jl. Terminal",Buleleng Regency,,+62 819-3640-3111,https://www.google.com/maps/search/?api1&queryWarung%20Bu%20Ketut&query_place_idChIJObsoV92R0S0Rq7ZCfyLZfjU,Javanese restaurant,True,False,False,False,False,False,True,2,Sedang,0,1,0,2
Warung Nasi Bu Ketut Baktiseraga,3.5,2,V3FM+X3J,Buleleng Regency,,,https://www.google.com/maps/search/?api1&queryWarung%20Nasi%20Bu%20Ketut%20Baktiseraga&query_place_idChIJm3A4qXqa0S0RKyQG_SiuEwo,Javanese restaurant,False,False,False,False,False,False,False,0,Rendah,0,0,1,3
Rm bungo palo masakan padang,3.5,2,Jl. Jepun No.10,Tabanan Regency,,,https://www.google.com/maps/search/?api1&queryRm%20bungo%20palo%20masakan%20padang&query_place_idChIJ6TOzwps70i0RIdBk1iSGyy8,Padang restaurant,True,False,False,False,False,False,True,2,Sedang,0,0,1,3
Bakso Panji 2,4.4,29,"R3WR+6FR, Jl. Ki Barak Panji",Buleleng Regency,,+62 877-6276-3004,https://www.google.com/maps/search/?api1&queryBakso%20Panji%202&query_place_idChIJCT0ENzib0S0RpKMU38oaKL8,Bakso restaurant,False,False,False,False,False,False,False,0,Rendah,0,1,0,2
Babi Guling Cokot,4.4,172,V3XW+6QJ,Buleleng Regency,,+62 813-3705-6761,https://www.google.com/maps/search/?api1&queryBabi%20Guling%20Cokot&query_place_idChIJQ49axX2R0S0RyTpvwQFL36c,Balinese restaurant,True,False,False,False,False,False,False,1,Rendah,0,1,0,2
Warung Babi Guling Sukadana,4.4,197,"No, Jl. Surapati No.86",Buleleng Regency,,+62 813-3833-2390,https://www.google.com/maps/search/?api1&queryWarung%20Babi%20Guling%20Sukadana&query_place_idChIJXwdUQaiQ0S0Rnf-HPFBfSk4,Balinese restaurant,True,False,False,True,False,False,True,3,Sedang,0,1,0,2
Warung Pojok Ayu,4.4,39,Jl. A. Yani No.65,Buleleng Regency,,+62 813-5336-949,https://www.google.com/maps/search/?api1&queryWarung%20Pojok%20Ayu&query_place_idChIJc-j0UAya0S0RiXRY4kOkdP0,Balinese restaurant,True,False,False,False,False,False,True,2,Sedang,0,1,0,2
Warung Siobak Bu Gusti 2,4.4,47,Depan Kantor Samsat,Buleleng Regency,,+62 877-6276-7111,https://www.google.com/maps/search/?api1&queryWarung%20Siobak%20Bu%20Gusti%202&query_place_idChIJcYkIkWCa0S0Rl9ITB2CYmIg,Balinese restaurant,True,False,False,False,False,False,True,2,Sedang,0,1,0,2
Ayam Bakar Cokelat,4.4,95,Jl. WR Supratman No.81,Buleleng Regency,https://www.instagram.com/ayambakarcokelat_/,+62 362 32416,https://www.google.com/maps/search/?api1&queryAyam%20Bakar%20Cokelat&query_place_idChIJVWY5SQSR0S0RPlG360rB8Yg,Chicken restaurant,False,False,False,False,False,False,False,0,Rendah,1,1,2,1
Gandi Restaurant,4.4,473,Jl. A. Yani No.25H,Buleleng Regency,,+62 362 21163,https://www.google.com/maps/search/?api1&queryGandi%20Restaurant&query_place_idChIJAeaA7gua0S0RzmKxwL9zvaA,Chinese restaurant,False,False,False,False,False,True,False,1,Rendah,0,1,0,2
Babi Guling Bu Ketut,4.4,136,"F457+77Q, Jl. Dr. Ir. Soekarno",Tabanan Regency,,+62 857-3847-5660,https://www.google.com/maps/search/?api1&queryBabi%20Guling%20Bu%20Ketut&query_place_idChIJoWYwv2Y60i0RIqwlvW69rs4,Diner,False,False,False,False,False,False,True,1,Rendah,0,1,0,2
Warung Ikan Laut Gusti Aji,4.4,15,Jl. Surapati No.41-43,Buleleng Regency,,+62 877-6234-5133,https://www.google.com/maps/search/?api1&queryWarung%20Ikan%20Laut%20Gusti%20Aji&query_place_idChIJ2YLa5wea0S0RPEVDY97g1wc,Diner,False,False,False,False,False,False,True,1,Rendah,0,1,0,2
Warung Makan Mekele,4.4,79,"V354+MM8, Jl. Satria Darma",Buleleng Regency,,+62 818-0568-6232,https://www.google.com/maps/search/?api1&queryWarung%20Makan%20Mekele&query_place_idChIJ8X7glvma0S0RjtaXy_YcYfg,Diner,False,False,False,False,False,False,False,0,Rendah,0,1,0,2
Warung Nasi NAZAR,4.4,143,Jl. Hasanudin No.52,Buleleng Regency,https://www.instagram.com/warung.nazar/?hlid,+62 823-4038-4338,https://www.google.com/maps/search/?api1&queryWarung%20Nasi%20NAZAR&query_place_idChIJnSg1VAia0S0R3r6ej3XRQ50,Family restaurant,True,False,False,False,False,False,True,2,Sedang,1,1,2,1
CAKNO FRIED CHICKEN TABANAN,4.4,65,Jl. Pulau Menjangan No.8,Tabanan Regency,,,https://www.google.com/maps/search/?api1&queryCAKNO%20FRIED%20CHICKEN%20TABANAN&query_place_idChIJiWxzmv870i0R1C0i6H7ITYI,Fast food restaurant,False,False,False,False,False,True,True,2,Sedang,0,0,1,3
Depot cepat saji,4.4,7,Jl. Mawar No.97X,Tabanan Regency,,+62 877-5442-64151,https://www.google.com/maps/search/?api1&queryDepot%20cepat%20saji&query_place_idChIJWScCbL470i0RyXLkYJEUMmw,Fast food restaurant,False,False,False,False,False,False,False,0,Rendah,0,1,0,2
Jfc Pemaron,4.4,192,"V397+R2H, Jl. Singaraja",Buleleng Regency,,+62 878-2799-9783,https://www.google.com/maps/search/?api1&queryJfc%20Pemaron&query_place_idChIJv83j9a2b0S0RL32iRqvA1Nc,Fast food restaurant,False,False,False,False,False,False,False,0,Rendah,0,1,0,2
McDonald's Singaraja,4.4,1416,Jl. Ngurah Rai No.52,Buleleng Regency,,+62 811-1310-5741,https://www.google.com/maps/search/?api1&queryMcDonald's%20Singaraja&query_place_idChIJYf6GOKCb0S0RUfIW0sO8ico,Fast food restaurant,True,True,True,True,True,True,True,7,Sangat tinggi,0,1,0,2
Seblak Jadul Prasmanan,4.4,25,"V3C6+2M3 Hotel Puri Bagus, Jl. Dewa Putu Kerta",Buleleng Regency,,+62 889-8735-8789,https://www.google.com/maps/search/?api1&querySeblak%20Jadul%20Prasmanan&query_place_idChIJwUjbZgCb0S0RykEGNwvoXpA,Fast food restaurant,False,False,False,False,False,False,False,0,Rendah,0,1,0,2
BEBEK SINJAY BANGKALAN,4.4,51,Jl. Yeh Gangga I,Tabanan Regency,,+62 818-0541-5423,https://www.google.com/maps/search/?api1&queryBEBEK%20SINJAY%20BANGKALAN&query_place_idChIJh-6m6BU70i0RaNzUiv7ak4E,Indonesian restaurant,True,False,False,False,False,False,True,2,Sedang,0,1,0,2
RM 3 Bersaudara,4.4,210,Jl. Dr. Ir. Soekarno No.88A,Tabanan Regency,,+62 859-2989-5899,https://www.google.com/maps/search/?api1&queryRM%203%20Bersaudara&query_place_idChIJ9zU1WAA70i0RoqKDabs9YTA,Indonesian restaurant,True,False,True,False,False,False,True,3,Sedang,0,1,0,2
Warung Divayana,4.4,11,"W49C+52P, Jl. Pantai Kerobokan",Buleleng Regency,,,https://www.google.com/maps/search/?api1&queryWarung%20Divayana&query_place_idChIJJw8bfyuX0S0RXxFX3gQQpUs,Indonesian restaurant,False,False,False,False,False,False,True,1,Rendah,0,0,1,3
Warung Banyuwangi,4.4,15,"F437+RXC, Jl. Anyelir",Tabanan Regency,,+62 812-3933-1275,https://www.google.com/maps/search/?api1&queryWarung%20Banyuwangi&query_place_idChIJNQ4M02c60i0RfQAURNxsOfg,Javanese restaurant,False,False,False,False,False,False,True,1,Rendah,0,1,0,2
Warung Jawa Bu Halima,4.4,33,"F466+4GG, Jl. Dr. Ir Soekarno I",Tabanan Regency,,+62 821-4614-2490,https://www.google.com/maps/search/?api1&queryWarung%20Jawa%20Bu%20Halima&query_place_idChIJGxmQ3WM60i0RzglxABHHK6o,Javanese restaurant,False,False,False,False,False,False,False,0,Rendah,0,1,0,2
Warung Makan Bu Niti,4.4,9,"V4R4+244, Jl. Pulau Komodo",Buleleng Regency,,+62 818-0538-2742,https://www.google.com/maps/search/?api1&queryWarung%20Makan%20Bu%20Niti&query_place_idChIJ--S12iiR0S0RPz4BTtnwEDQ,Javanese restaurant,False,False,False,False,False,False,False,0,Rendah,0,1,0,2
Warung Seblak Hasna 2,4.4,10,Jl. Yudistira,Buleleng Regency,,+62 889-8721-5551,https://www.google.com/maps/search/?api1&queryWarung%20Seblak%20Hasna%202&query_place_idChIJcabHj2WR0S0RlkvmaS-6CQc,Nasi restaurant,False,False,True,True,False,False,False,2,Sedang,0,1,0,2
wr.nasi be genyol mek ebeng,4.4,5,"F479+79P, Jl. Kutilang",Tabanan Regency,,+62 812-3910-9424,https://www.google.com/maps/search/?api1&querywr.nasi%20be%20genyol%20mek%20ebeng&query_place_idChIJr1FSqp070i0Rze6Kq76O-jo,Nasi restaurant,False,False,False,False,False,False,True,1,Rendah,0,1,0,2
Rumah Makan Padang Bareh Solok,4.4,311,Jl. A. Yani No.168,Buleleng Regency,,+62 811-3846-300,https://www.google.com/maps/search/?api1&queryRumah%20Makan%20Padang%20Bareh%20Solok&query_place_idChIJR9zNKW2a0S0Rnpm8hvBdk6A,Padang restaurant,True,False,False,False,False,False,True,2,Sedang,0,1,0,2
RUMAH MAKAN PADANG MINANG SAIYO 2 . KAMPUNG BARU,4.4,32,Jl. Surapati No.89,Buleleng Regency,,,https://www.google.com/maps/search/?api1&queryRUMAH%20MAKAN%20PADANG%20MINANG%20SAIYO%202%20.%20KAMPUNG%20BARU&query_place_idChIJVZ0FHOCR0S0RXcn5I-Bp6FE,Padang restaurant,False,False,True,False,False,False,True,2,Sedang,0,0,1,3
1000 Dream Restaurant,4.4,22,Jl. Seririt- Singaraja,Buleleng Regency,,+62 813-3974-8844,https://www.google.com/maps/search/?api1&query1000%20Dream%20Restaurant&query_place_idChIJ7T7tZ1yb0S0Rb_4rL7l64js,Restaurant,True,False,True,False,False,False,False,2,Sedang,0,1,0,2
Babi Guling Bypass Nadi Jaya,4.4,7,,Tabanan Regency,,+62 878-6022-7566,https://www.google.com/maps/search/?api1&queryBabi%20Guling%20Bypass%20Nadi%20Jaya&query_place_idChIJG61srEk60i0Rf0mhmQLLtPQ,Restaurant,False,False,False,False,False,False,False,0,Rendah,0,1,0,2
Beatrix Patisserie And Gourmet,4.4,273,"B, singaraja, Jl. Udayana No.5",Buleleng Regency,,+62 362 32375,https://www.google.com/maps/search/?api1&queryBeatrix%20Patisserie%20And%20Gourmet&query_place_idChIJT-0EwnSa0S0RSEasTVEsxeQ,Restaurant,True,False,True,False,False,False,False,2,Sedang,0,1,0,2
Lusi & Pakan Tabanan,4.4,430,Jl. Rambutan,Tabanan Regency,https://www.instagram.com/lusidanpakantabanan/,,https://www.google.com/maps/search/?api1&queryLusi%20%26%20Pakan%20Tabanan&query_place_idChIJp_IPf2Q70i0RTwU2H8NkVtg,Restaurant,True,False,False,False,False,False,False,1,Rendah,1,0,2,1
Maem Sik,4.4,9,Jl. Gajah Mada No.111,Tabanan Regency,,+62 896-7044-2491,https://www.google.com/maps/search/?api1&queryMaem%20Sik&query_place_idChIJK3F5kA870i0Ry8wXcJ2NrGo,Restaurant,False,False,False,False,False,False,False,0,Rendah,0,1,0,2
Nadarasa,4.4,47,Jl. A. Yani,Buleleng Regency,,+62 878-6616-1116,https://www.google.com/maps/search/?api1&queryNadarasa&query_place_idChIJzzsfAvWb0S0R8voOjmzlFak,Restaurant,False,False,False,False,False,False,False,0,Rendah,0,1,0,2
Royal Sunset Resto,4.4,85,,Buleleng Regency,,,https://www.google.com/maps/search/?api1&queryRoyal%20Sunset%20Resto&query_place_idChIJ80vAUQCR0S0RvUeMUgIKyx4,Restaurant,False,False,False,True,False,False,False,1,Rendah,0,0,1,3
WON FRIED CHICKEN,4.4,7,Jl. Mawar No.41a,Tabanan Regency,,+62 822-2163-7148,https://www.google.com/maps/search/?api1&queryWON%20FRIED%20CHICKEN&query_place_idChIJm_T2Nng70i0RbR9_mBf_Qjw,Restaurant,True,False,True,False,False,False,True,3,Sedang,0,1,0,2
WARUNG SATE LUMAYAN,4.4,5,"V325+P82, Jl. Raya Anturan",Buleleng Regency,,+62 819-3655-6941,https://www.google.com/maps/search/?api1&queryWARUNG%20SATE%20LUMAYAN&query_place_idChIJUfVVkPCb0S0R2b1gZejvyiU,Satay restaurant,False,False,False,False,False,False,False,0,Rendah,0,1,0,2
Tanjung Alam Dermaga,4.4,26,"Jalan Erlangga, Dermaga eks pelabuhan buleleng, eks Jl. Pelabuhan Buleleng",,,+62 852-3771-1414,https://www.google.com/maps/search/?api1&queryTanjung%20Alam%20Dermaga&query_place_idChIJoTqlbACb0S0Rxo-D47KNfRU,Seafood restaurant,False,True,False,False,False,False,False,1,Rendah,0,1,0,2
Warung Nasi Sopan Bali,4.4,18,"F469+V9M, Jl. Pulau Menjangan",Tabanan Regency,,+62 851-0377-6398,https://www.google.com/maps/search/?api1&queryWarung%20Nasi%20Sopan%20Bali&query_place_idChIJaz0E01860i0RcgUh8EU4UTE,Soup shop,False,False,False,False,False,False,True,1,Rendah,0,1,0,2
Warung Retro,4.4,360,,Buleleng Regency,,+62 362 3303103,https://www.google.com/maps/search/?api1&queryWarung%20Retro&query_place_idChIJK2gVHnOa0S0RyB1EjHnnvyY,Western restaurant,True,False,False,False,False,False,True,2,Sedang,0,1,0,2
Warung Seblak HASNA 1,3.4,71,Jl. Ki Barak Panji,Buleleng Regency,,+62 896-6864-9686,https://www.google.com/maps/search/?api1&queryWarung%20Seblak%20HASNA%201&query_place_idChIJk_kXvfyb0S0RBYY6UezR6SI,Nasi restaurant,False,False,True,True,False,False,False,2,Sedang,0,1,0,2
HIRO SUKI&BBQ,3.4,14,Jl. Udayana No.1,Buleleng Regency,,+62 362 330680,https://www.google.com/maps/search/?api1&queryHIRO%20SUKI%26BBQ&query_place_idChIJcyPy7IWb0S0RGgo_U7yye5Y,Restaurant,True,False,False,False,False,False,False,1,Rendah,0,1,0,2
Bakso Haram Singaraja,4.3,245,Jl. Singaraja-Gilimanuk,Buleleng Regency,,+62 819-0790-3156,https://www.google.com/maps/search/?api1&queryBakso%20Haram%20Singaraja&query_place_idChIJNdICmGya0S0RsaHa0RVlAL4,Bakso restaurant,False,False,False,False,False,False,True,1,Rendah,0,1,0,2
Istana Bakso Super Solo Mas Yono,4.3,32,"C4XF+X8R, Jl. Dr. Ir. Soekarno",Tabanan Regency,,+62 813-3791-0975,https://www.google.com/maps/search/?api1&queryIstana%20Bakso%20Super%20Solo%20Mas%20Yono&query_place_idChIJwR0_sIg70i0R0zyJheHQ3eI,Bakso restaurant,False,False,False,False,False,False,False,0,Rendah,0,1,0,2
Warung Bakso Fitri,4.3,10,"F437+3HC, Jl. Anyelir",Tabanan Regency,,+62 858-1925-2977,https://www.google.com/maps/search/?api1&queryWarung%20Bakso%20Fitri&query_place_idChIJ3TGY7Wg60i0RJVdFlhEFkEE,Bakso restaurant,False,False,False,False,False,False,False,0,Rendah,0,1,0,2
Warung Eka Syobak Dan Bakso Babi,4.3,4,V3QP+HP8,Buleleng Regency,,+62 881-0374-11469,https://www.google.com/maps/search/?api1&queryWarung%20Eka%20Syobak%20Dan%20Bakso%20Babi&query_place_idChIJH18t3umb0S0RyHLCjUASbiM,Bakso restaurant,True,True,False,False,False,False,False,2,Sedang,0,1,0,2
Warung Wira Sangket,4.3,14,Warung Wira Sangket,Buleleng Regency,,+62 819-1567-2299,https://www.google.com/maps/search/?api1&queryWarung%20Wira%20Sangket&query_place_idChIJ3ZYYGhOQ0S0RWaVhch6dgc4,Bakso restaurant,False,False,True,False,False,False,False,1,Rendah,0,1,0,2
Warung Bu Made,4.3,6,V45J+9P3,Buleleng Regency,https://www.instagram.com/agusaputra46035,+62 859-3126-7219,https://www.google.com/maps/search/?api1&queryWarung%20Bu%20Made&query_place_idChIJyxUiOiSR0S0RzNjQvrYIIEk,Balinese restaurant,False,False,False,False,False,False,False,0,Rendah,1,1,2,1
Warung Makan Babi Guling Febyayu,4.3,21,V363+5PH,Buleleng Regency,,+62 819-1737-8584,https://www.google.com/maps/search/?api1&queryWarung%20Makan%20Babi%20Guling%20Febyayu&query_place_idChIJw4zWUeib0S0RcBCNyDj2kqM,Balinese restaurant,False,False,False,False,False,False,False,0,Rendah,0,1,0,2
Warung Makan Lesehan Tut Peny,4.3,103,Jl. WR Supratman,Buleleng Regency,,+62 877-6211-1070,https://www.google.com/maps/search/?api1&queryWarung%20Makan%20Lesehan%20Tut%20Peny&query_place_idChIJreEMSLWQ0S0RWHDz1-6w_EY,Balinese restaurant,True,False,True,False,False,True,True,4,Tinggi,0,1,0,2
Siobak Babi Khe Lok,4.3,1333,Jl. Surapati No.66,Buleleng Regency,,,https://www.google.com/maps/search/?api1&querySiobak%20Babi%20Khe%20Lok&query_place_idChIJp41d6Aea0S0ROcH9TrFap7I,Chinese restaurant,False,False,False,False,False,False,False,0,Rendah,0,0,1,3
Warung Bambu,4.3,19,Jl. Anyelir V No.5,Tabanan Regency,,+62 899-7867-065,https://www.google.com/maps/search/?api1&queryWarung%20Bambu&query_place_idChIJh95t42g60i0RDNZPxeIm9tM,Diner,False,False,False,False,False,False,False,0,Rendah,0,1,0,2
McDonald’s Tabanan,4.3,2132,"C4XJ+87W, Jl. Dr. Ir. Soekarno",Tabanan Regency,http://mcdonalds.com/,,https://www.google.com/maps/search/?api1&queryMcDonald%E2%80%99s%20Tabanan&query_place_idChIJLRPGhj070i0RSG91LvMD-T0,Fast food restaurant,True,True,True,True,True,True,True,7,Sangat tinggi,1,0,2,1
Richeese Factory Singaraja,4.3,643,Jl. Gajah Mada,Buleleng Regency,,,https://www.google.com/maps/search/?api1&queryRicheese%20Factory%20Singaraja&query_place_idChIJj8Y3nd6b0S0REZSNR9ZO1H0,Fast food restaurant,True,True,True,False,False,False,True,4,Tinggi,0,0,1,3
Warung Tengah Carik,4.3,100,,Buleleng Regency,http://www.wtc.com/,+62 812-3996-8306,https://www.google.com/maps/search/?api1&queryWarung%20Tengah%20Carik&query_place_idChIJD1m2Evya0S0RyllbXd7ksCI,Ikan bakar restaurant,True,False,False,False,False,False,True,2,Sedang,1,1,2,1
Betutu Panggang Biang Koripan 7 - Gerokgak,4.3,11,Jl. Mawar No.91,Tabanan Regency,,,https://www.google.com/maps/search/?api1&queryBetutu%20Panggang%20Biang%20Koripan%207%20-%20Gerokgak&query_place_idChIJCcAeOwA70i0RkRLgdKDfhWY,Indonesian restaurant,True,False,False,False,False,False,True,2,Sedang,0,0,1,3
Nasi Goreng ABANG ABANG,4.3,6,"W436+RP2, Jl. WR Supratman",Buleleng Regency,,+62 852-5227-6717,https://www.google.com/maps/search/?api1&queryNasi%20Goreng%20ABANG%20ABANG&query_place_idChIJva-IXHyR0S0RAtl96OIJglQ,Indonesian restaurant,False,False,False,False,False,False,True,1,Rendah,0,1,0,2
Sate Bawah Pohon Gedung I Ketut Maria Tabanan,4.3,3,"F46F+WX8, Jl. Sri Gunting No.1",Tabanan Regency,,,https://www.google.com/maps/search/?api1&querySate%20Bawah%20Pohon%20Gedung%20I%20Ketut%20Maria%20Tabanan&query_place_idChIJi1DuF5070i0RgIWYtuFeydI,Indonesian restaurant,True,False,False,False,False,False,True,2,Sedang,0,0,1,3
satebabi,4.3,3,Jl. Surapati No.43,Buleleng Regency,,,https://www.google.com/maps/search/?api1&querysatebabi&query_place_idChIJlUApOWSb0S0R4HMm5APNyFQ,Indonesian restaurant,False,False,False,False,False,False,False,0,Rendah,0,0,1,3
Joffi Ramen,4.3,6,"V3JF+5CX, Jl. A. Yani",Buleleng Regency,,,https://www.google.com/maps/search/?api1&queryJoffi%20Ramen&query_place_idChIJx22NJQCb0S0R9a4KK7t5Osg,Japanese restaurant,True,False,False,False,False,False,False,1,Rendah,0,0,1,3
Shouri Sushi,4.3,249,,Buleleng Regency,,+62 362 3306803,https://www.google.com/maps/search/?api1&queryShouri%20Sushi&query_place_idChIJEWIZEu2b0S0RRt6XTvsJWs4,Japanese restaurant,True,False,False,False,False,False,True,2,Sedang,0,1,0,2
Warung Bu Agus,4.3,3,"V3GJ+PJ4, Jl. Dewi Uma Gg. Tembakau",Buleleng Regency,,+62 813-3846-7165,https://www.google.com/maps/search/?api1&queryWarung%20Bu%20Agus&query_place_idChIJx30j0Tqb0S0RsXoghV_XT0Q,Javanese restaurant,True,False,False,False,False,False,True,2,Sedang,0,1,0,2
Warung Jawa Yunita,4.3,6,"C4XJ+2XM, Jl. Dr. Ir. Soekarno",Tabanan Regency,,+62 852-3804-9888,https://www.google.com/maps/search/?api1&queryWarung%20Jawa%20Yunita&query_place_idChIJ3S-8VEg60i0RhPHqtbmU_r0,Javanese restaurant,False,False,False,False,False,False,True,1,Rendah,0,1,0,2
Warung Makan Bu Ketut,4.3,3,"V4VJ+MCW, Jl. Raya Keloncing",Buleleng Regency,,+62 838-5485-7197,https://www.google.com/maps/search/?api1&queryWarung%20Makan%20Bu%20Ketut&query_place_idChIJ4RqrJCiR0S0RFYPT2Q8nKtk,Javanese restaurant,False,False,False,False,False,False,False,0,Rendah,0,1,0,2
Warung Wong Jowo,4.3,126,"F466+JGG, Jl. Dr. Ir. Soekarno",Tabanan Regency,,+62 823-4059-5800,https://www.google.com/maps/search/?api1&queryWarung%20Wong%20Jowo&query_place_idChIJpaIl02M60i0Rl8Iz-vf8b7U,Javanese restaurant,False,False,False,False,False,False,True,1,Rendah,0,1,0,2
Ayam Goreng Jinengantik,4.3,3,Jl. Raya Jinengdalem,Buleleng Regency,,+62 813-3852-0408,https://www.google.com/maps/search/?api1&queryAyam%20Goreng%20Jinengantik&query_place_idChIJSd14wwKR0S0RKCkiEpGEpfc,Nasi restaurant,False,False,True,False,False,False,True,2,Sedang,0,1,0,2
Warung Sekar,4.3,16,Jl. Gajah Mada No.12 A,Buleleng Regency,,+62 819-3661-3773,https://www.google.com/maps/search/?api1&queryWarung%20Sekar&query_place_idChIJecFYBp2Q0S0RZXYVVmM7XiU,Nasi restaurant,False,False,False,False,False,False,False,0,Rendah,0,1,0,2
Joffi Ramen Singaraja,4.3,344,V3HC+3F4,Buleleng Regency,,,https://www.google.com/maps/search/?api1&queryJoffi%20Ramen%20Singaraja&query_place_idChIJ579VAQCb0S0RyIPSVSId9LA,Ramen restaurant,True,True,False,False,False,False,False,2,Sedang,0,0,1,3
Food De'so,4.3,8,"F465+R4R, Jl. Merdeka",Tabanan Regency,,+62 818-0530-0588,https://www.google.com/maps/search/?api1&queryFood%20De'so&query_place_idChIJyyct6WI60i0RzB8G-doKesY,Restaurant,False,False,False,False,False,False,False,0,Rendah,0,1,0,2
Kedai Radja Ketjil,4.3,115,Jl. Lely No.10,Buleleng Regency,,+62 811-3770-911,https://www.google.com/maps/search/?api1&queryKedai%20Radja%20Ketjil&query_place_idChIJOTKzaceb0S0RTUhyQ_ECmo0,Restaurant,False,False,False,False,False,False,False,0,Rendah,0,1,0,2
MiLu MaLu Kitchen,4.3,41,Jl. Rajawali Martha Puri Asri No.1,Tabanan Regency,,+62 811-3801-1888,https://www.google.com/maps/search/?api1&queryMiLu%20MaLu%20Kitchen&query_place_idChIJeepUais70i0Reh7fpiiVxaQ,Restaurant,True,False,False,False,False,False,False,1,Rendah,0,1,0,2
Nasi Jinggo Jukut Undis,4.3,3,Jl. Mayor Metra No.23,Buleleng Regency,,+62 877-764-524,https://www.google.com/maps/search/?api1&queryNasi%20Jinggo%20Jukut%20Undis&query_place_idChIJMa4SBIOQ0S0RhyM0QryKHaM,Restaurant,False,False,False,False,False,False,False,0,Rendah,0,1,0,2
Porkpoy Ribs Tabanan,4.3,101,F44C+XPF,Tabanan Regency,,,https://www.google.com/maps/search/?api1&queryPorkpoy%20Ribs%20Tabanan&query_place_idChIJCSRQp7M70i0RuC1MP1AA0nE,Restaurant,False,False,False,False,False,False,False,0,Rendah,0,0,1,3
Warung Angga,4.3,6,V3MR+785,Buleleng Regency,,,https://www.google.com/maps/search/?api1&queryWarung%20Angga&query_place_idChIJ1SyrVXSa0S0RVvU-KV7SLn4,Restaurant,False,False,False,False,False,False,False,0,Rendah,0,0,1,3
Warung Babi Guling Bu Made,4.3,52,"W459+7WR Jembatan, Jl. WR Supratman",Buleleng Regency,,+62 819-9952-7927,https://www.google.com/maps/search/?api1&queryWarung%20Babi%20Guling%20Bu%20Made&query_place_idChIJbzv7pAGX0S0RMGTnKcId_3c,Restaurant,False,False,False,False,False,False,False,0,Rendah,0,1,0,2
Warung bontox,4.3,4,"V4QG+596 br dinas ketug, Jln jineng dalem",Buleleng Regency,,+62 812-3680-3622,https://www.google.com/maps/search/?api1&queryWarung%20bontox&query_place_idChIJ1T5Q3qiR0S0R3IBymNEH6dQ,Restaurant,False,False,False,False,False,False,False,0,Rendah,0,1,0,2
Warung Soto Bu Gin,4.3,3,"V39P+HP2, Jl. Srikandi Sambangan",Buleleng Regency,,+62 818-0543-3638,https://www.google.com/maps/search/?api1&queryWarung%20Soto%20Bu%20Gin&query_place_idChIJGVrVPnya0S0RUgorQY2SxBo,Restaurant,False,False,False,False,False,False,False,0,Rendah,0,1,0,2
Warung Madura Sate Gule Kambing,4.3,43,"W46H+FW7, Jl. Raya Sangsit",Buleleng Regency,,+62 878-6310-0061,https://www.google.com/maps/search/?api1&queryWarung%20Madura%20Sate%20Gule%20Kambing&query_place_idChIJ6-ZI83mX0S0RnC1rEanpInk,Satay restaurant,True,False,True,False,False,False,True,3,Sedang,0,1,0,2
Warung Sate Gule Kambing Bakso Soto Babat,4.3,24,"V3RQ+HQ9, Singaraja",Buleleng Regency,,+62 877-6236-8041,https://www.google.com/maps/search/?api1&queryWarung%20Sate%20Gule%20Kambing%20Bakso%20Soto%20Babat&query_place_idChIJF7jFQgma0S0RRtF4GWx_YKg,Satay restaurant,False,False,False,False,False,False,True,1,Rendah,0,1,0,2
Warung Sate Kambing Pak Alwi,4.3,3,"V3XW+69Q, Jl. Surapati",Buleleng Regency,,,https://www.google.com/maps/search/?api1&queryWarung%20Sate%20Kambing%20Pak%20Alwi&query_place_idChIJZwlR2ciR0S0Rh5VFQKYp62g,Satay restaurant,False,False,False,False,False,False,False,0,Rendah,0,0,1,3
Depot Jakarta Ahok,4.3,149,Jl. Pulau Bali No.10,Buleleng Regency,,+62 823-4065-4974,https://www.google.com/maps/search/?api1&queryDepot%20Jakarta%20Ahok&query_place_idChIJeyb5F3Wa0S0RBCnTEeyDZ-c,Seafood restaurant,True,False,True,False,False,False,False,2,Sedang,0,1,0,2
IKAN BAKAR KERTA,4.3,138,Jl. Pantai Penimbangan,Buleleng Regency,,+62 877-6252-5848,https://www.google.com/maps/search/?api1&queryIKAN%20BAKAR%20KERTA&query_place_idChIJn8ljLlGb0S0Rrc3ISom8Ox4,Seafood restaurant,False,False,True,False,False,False,True,2,Sedang,0,1,0,2
Seafood Cak Ibad,4.3,469,,Buleleng Regency,,+62 823-4009-2546,https://www.google.com/maps/search/?api1&querySeafood%20Cak%20Ibad&query_place_idChIJ14uqnmua0S0RhqeKb19H_po,Seafood restaurant,True,False,True,False,False,False,True,3,Sedang,0,1,0,2
"Depot Vegetarian ""Cik Lan""",4.3,6,Perum Jl. Gria Kerobokan Permai No.e26,Buleleng Regency,,+62 819-3651-0487,https://www.google.com/maps/search/?api1&queryDepot%20Vegetarian%20%22Cik%20Lan%22&query_place_idChIJrzgPKPCX0S0Rc0IuNWqMLJc,Vegetarian restaurant,False,False,False,False,False,False,False,0,Rendah,0,1,0,2
Loving Hut - Singaraja,4.3,156,Jl. Surapati No.43,Buleleng Regency,http://www.lovinghut.co.id/,+62 821-4684-2487,https://www.google.com/maps/search/?api1&queryLoving%20Hut%20-%20Singaraja&query_place_idChIJta2ISKiQ0S0RZxASKMcjjwI,Vegetarian restaurant,True,False,True,False,False,False,False,2,Sedang,1,1,2,1
Warung Ikan bakar Lega Pemaron,3.3,54,V396+RQ4,Buleleng Regency,,+62 819-1571-1211,https://www.google.com/maps/search/?api1&queryWarung%20Ikan%20bakar%20Lega%20Pemaron&query_place_idChIJHRe_lxmb0S0Rgj4Q26kBPwE,Balinese restaurant,False,False,False,False,False,False,True,1,Rendah,0,1,0,2
Paon mama,3.3,19,Gg. XIX No.8a,Tabanan Regency,,+62 896-3646-5193,https://www.google.com/maps/search/?api1&queryPaon%20mama&query_place_idChIJzVL-BlQ70i0RCHMa8fi-QXQ,Chinese restaurant,False,False,False,False,False,True,True,2,Sedang,0,1,0,2
Warung Nasi Pecel Mbak Esthi Khas Madioen,3.3,3,F438+P9M,Tabanan Regency,,+62 853-3834-6336,https://www.google.com/maps/search/?api1&queryWarung%20Nasi%20Pecel%20Mbak%20Esthi%20Khas%20Madioen&query_place_idChIJixxM32c60i0R3dzvhNg2d-U,Javanese restaurant,False,False,False,False,False,False,False,0,Rendah,0,1,0,2
Wr pondok lalapan Lamongan asli,3.3,3,"V397+X53, Jl. A. Yani",Buleleng Regency,,,https://www.google.com/maps/search/?api1&queryWr%20pondok%20lalapan%20Lamongan%20asli&query_place_idChIJxaMbtWCb0S0RcoQ92RkmeD4,Nasi restaurant,True,False,False,False,False,False,True,2,Sedang,0,0,1,3
Warung Babi Guling 38,2.3,3,V3QV+V2F,Buleleng Regency,,+62 878-5214-7803,https://www.google.com/maps/search/?api1&queryWarung%20Babi%20Guling%2038&query_place_idChIJ8bIG0Qea0S0RdWqPY0u0QmE,Satay restaurant,False,False,False,False,False,False,False,0,Rendah,0,1,0,2
Bakso Pak Pur,4.2,92,"V498+FGV, Jl. Pulau Menjangan",Buleleng Regency,,+62 877-6262-1000,https://www.google.com/maps/search/?api1&queryBakso%20Pak%20Pur&query_place_idChIJFW146oqQ0S0RuZUJoTEEj28,Bakso restaurant,True,False,False,False,False,False,True,2,Sedang,0,1,0,2
Bakso Solo Sri Wedari,4.2,11,"V4R6+2X3, Jl. Setia Budi",Buleleng Regency,,+62 857-3903-6686,https://www.google.com/maps/search/?api1&queryBakso%20Solo%20Sri%20Wedari&query_place_idChIJ3SIS59GR0S0R1ifuphAnw-0,Bakso restaurant,False,False,False,False,False,False,True,1,Rendah,0,1,0,2
Bakso Vanvin,4.2,6,"V4X2+4W8, Jl. Pulau Komodo",Buleleng Regency,,+62 852-0510-6785,https://www.google.com/maps/search/?api1&queryBakso%20Vanvin&query_place_idChIJa0qn-JeR0S0RINPb61nGSIU,Bakso restaurant,False,False,False,False,False,False,False,0,Rendah,0,1,0,2
Mr. Warna Meatball Food Stand,4.2,5,Jl. Raya Keloncing No.17,Buleleng Regency,,,https://www.google.com/maps/search/?api1&queryMr.%20Warna%20Meatball%20Food%20Stand&query_place_idChIJCy_tHjOX0S0RDHrfFghv_os,Bakso restaurant,False,False,False,False,False,False,False,0,Rendah,0,0,1,3
Warung Mie Ayam & Bakso Bang Umar,4.2,11,"W447+6MX, Jl. WR Supratman",Buleleng Regency,,+62 878-6322-1278,https://www.google.com/maps/search/?api1&queryWarung%20Mie%20Ayam%20%26%20Bakso%20Bang%20Umar&query_place_idChIJvw2gLY6R0S0R_JidMJWa3Qg,Bakso restaurant,False,False,True,False,False,False,False,1,Rendah,0,1,0,2
Aye Syobak,4.2,124,Jl. Surapati No.38,Buleleng Regency,,+62 819-9992-6965,https://www.google.com/maps/search/?api1&queryAye%20Syobak&query_place_idChIJM0tQp7Kb0S0Rw_5AYwTyiyM,Balinese restaurant,True,False,False,False,False,False,False,1,Rendah,0,1,0,2
Babi Guling Selingsing Men Wima,4.2,123,"F464+CHR, Jl. Garuda Jl. Selingsing",Tabanan Regency,,,https://www.google.com/maps/search/?api1&queryBabi%20Guling%20Selingsing%20Men%20Wima&query_place_idChIJsXyxKWM60i0R9WZpI0FXSqY,Balinese restaurant,False,False,False,False,False,False,True,1,Rendah,0,0,1,3
Warung Makan Babi Guling Bu Demdem,4.2,29,"V396+7JW, Jl. Seririt- Singaraja",Buleleng Regency,,+62 815-5801-3656,https://www.google.com/maps/search/?api1&queryWarung%20Makan%20Babi%20Guling%20Bu%20Demdem&query_place_idChIJcQIlfFma0S0RrznK8tWbElk,Balinese restaurant,True,False,False,False,False,False,False,1,Rendah,0,1,0,2
Mie Ayam Bakso Solo Pak Man,4.2,5,Jl. Anyelir No.18-12,Tabanan Regency,,+62 812-3680-6442,https://www.google.com/maps/search/?api1&queryMie%20Ayam%20Bakso%20Solo%20Pak%20Man&query_place_idChIJW85CO9U70i0RINHu0veyifI,Brunch restaurant,False,False,False,False,False,False,True,1,Rendah,0,1,0,2
Warung Mamak Lalah,4.2,6,Jl. Pulau Nias No.21,Tabanan Regency,,+62 878-6051-7630,https://www.google.com/maps/search/?api1&queryWarung%20Mamak%20Lalah&query_place_idChIJEXAGEGE60i0R931F2TIcZ4o,Chicken restaurant,True,False,True,False,False,False,False,2,Sedang,0,1,0,2
Tjoa Warung Tenda Lalapan,4.2,34,"V443+RMH, Jl. Jelantik Gingsir",Buleleng Regency,,+62 819-9914-4111,https://www.google.com/maps/search/?api1&queryTjoa%20Warung%20Tenda%20Lalapan&query_place_idChIJv7cmg3qQ0S0Rd3zya6HHxlU,Diner,False,False,False,False,False,False,False,0,Rendah,0,1,0,2
ACK Fried Chicken at Batas Kota,4.2,113,Jl. Raya Kerobokan,Buleleng Regency,http://ackcompany.com/,+62 819-3606-2440,https://www.google.com/maps/search/?api1&queryACK%20Fried%20Chicken%20at%20Batas%20Kota&query_place_idChIJhdR44RqX0S0RPvZomb5wNeo,Fast food restaurant,False,False,False,False,True,True,True,3,Sedang,1,1,2,1
SC Waroeng & Spa,4.2,143,Jl. Rajawali No.51,Tabanan Regency,,+62 361 8108120,https://www.google.com/maps/search/?api1&querySC%20Waroeng%20%26%20Spa&query_place_idChIJO0GTFIs60i0RXRvMfokQmK8,Fast food restaurant,False,False,True,False,False,False,False,1,Rendah,0,1,0,2
ACK PEMARON FRIED CHICKEN,4.2,144,Jl. Seririt- Singaraja,Buleleng Regency,http://ackcompany.com/,+62 815-5801-3656,https://www.google.com/maps/search/?api1&queryACK%20PEMARON%20FRIED%20CHICKEN&query_place_idChIJ65MSnVma0S0RKpbCEQVuZz4,Fried chicken takeaway,True,True,True,True,False,False,False,4,Tinggi,1,1,2,1
B&D Fried Chicken Di Clandys Plaza Singaraja,4.2,6,Jl. Surapati No.101,Buleleng Regency,,+62 812-3602-8462,https://www.google.com/maps/search/?api1&queryB%26D%20Fried%20Chicken%20Di%20Clandys%20Plaza%20Singaraja&query_place_idChIJxYMqPaiQ0S0RW_hGSdsOTQE,Fried chicken takeaway,False,False,False,False,False,False,False,0,Rendah,0,1,0,2
Warung Men Ayu,4.2,12,Jl. Pulau Samosir I No.20,Buleleng Regency,,+62 877-6292-0175,https://www.google.com/maps/search/?api1&queryWarung%20Men%20Ayu&query_place_idChIJIQZGRNWR0S0RP5GslYleef0,Indonesian restaurant,True,False,True,False,False,False,True,3,Sedang,0,1,0,2
Bu Lina Restaurant,4.2,129,Jl. Udayana No.5,Buleleng Regency,,+62 819-3666-0007,https://www.google.com/maps/search/?api1&queryBu%20Lina%20Restaurant&query_place_idChIJm8s7uXSa0S0RpEclcc08Rfw,Javanese restaurant,True,False,False,False,False,False,True,2,Sedang,0,1,0,2
Warung Jawa Timur,4.2,5,"F476+RX9, Jl. Pulau Batam",Tabanan Regency,,+62 821-4463-9296,https://www.google.com/maps/search/?api1&queryWarung%20Jawa%20Timur&query_place_idChIJU7b-BYo60i0Ry3lKnNG9J5I,Javanese restaurant,False,False,False,False,False,False,False,0,Rendah,0,1,0,2
Warung Lesehan 66,4.2,74,"F429+XJG, Jl. Dr. Ir. Soekarno",Tabanan Regency,,+62 812-3619-5843,https://www.google.com/maps/search/?api1&queryWarung%20Lesehan%2066&query_place_idChIJiWxBjUI60i0RxS_g2jjEkvo,Javanese restaurant,False,False,False,False,False,False,True,1,Rendah,0,1,0,2
Martabak N Terang Bulan Doni,4.2,17,Jl. Anyelir No.9,Tabanan Regency,,+62 831-6107-0732,https://www.google.com/maps/search/?api1&queryMartabak%20N%20Terang%20Bulan%20Doni&query_place_idChIJ6ZxQfWg60i0RJiXZUkq1h6w,Murtabak restaurant,False,False,False,False,False,False,True,1,Rendah,0,1,0,2
Ayam Geprek KREYESSSS,4.2,5,"V3FM+9VP, Jl. Srikandi",Buleleng Regency,,+62 878-2462-8979,https://www.google.com/maps/search/?api1&queryAyam%20Geprek%20KREYESSSS&query_place_idChIJBaM4a_Wb0S0RGNWIKiUh7lk,Nasi restaurant,False,False,False,False,False,False,False,0,Rendah,0,1,0,2
Babi Guling - Sai Mai,4.2,40,Jl. A. Yani No.100,Buleleng Regency,,,https://www.google.com/maps/search/?api1&queryBabi%20Guling%20-%20Sai%20Mai&query_place_idChIJiW7wDACb0S0RbF5xxius82k,Nasi restaurant,False,False,False,False,False,False,False,0,Rendah,0,0,1,3
YHX BALI STARLIGHT BISTRO,4.2,6,Jl. Anyelir No.3,Tabanan Regency,,+62 812-1596-3003,https://www.google.com/maps/search/?api1&queryYHX%20BALI%20STARLIGHT%20BISTRO&query_place_idChIJlUqwuiA70i0RSJ3kIFYiXRY,Nasi restaurant,True,False,False,False,False,False,True,2,Sedang,0,1,0,2
My Lover Pizza,4.2,192,"C4XM+43Q, Jalan By Pass",Tabanan Regency,,,https://www.google.com/maps/search/?api1&queryMy%20Lover%20Pizza%2C%20Steak%20and%20Gelato&query_place_idChIJBTZ4AEk60i0R5TnYUG7UBNU,Pizza restaurant,True,False,False,False,False,False,True,2,Sedang,0,0,1,3
Bubur Ayam Jakarta,4.2,11,"C4XF+RC3, Jl. Mawar",Tabanan Regency,,,https://www.google.com/maps/search/?api1&queryBubur%20Ayam%20Jakarta&query_place_idChIJ9dV1hzg70i0Rpux0uwebRa4,Porridge restaurant,False,False,False,False,False,False,True,1,Rendah,0,0,1,3
Bubur Ayam Jakarta,4.2,20,Jl. Imam Bonjol No.76,Buleleng Regency,,+62 859-4554-5366,https://www.google.com/maps/search/?api1&queryBubur%20Ayam%20Jakarta&query_place_idChIJd-vIaaKb0S0RehviBAdKgb4,Porridge restaurant,False,False,False,False,False,False,True,1,Rendah,0,1,0,2
UPIK DERMAGA Resto,4.2,31,Jl. Erlangga No.19,Buleleng Regency,,+62 819-3652-7326,https://www.google.com/maps/search/?api1&queryUPIK%20DERMAGA%20Resto&query_place_idChIJGU3aXbCb0S0RSSJQBiSZEyI,Restaurant,False,False,False,False,False,False,False,0,Rendah,0,1,0,2
Warung kopi sambangan,4.2,5,V36Q+39V,Buleleng Regency,,+62 812-9066-0092,https://www.google.com/maps/search/?api1&queryWarung%20kopi%20sambangan&query_place_idChIJg0hMY66b0S0R59pve1osk18,Restaurant,False,False,False,False,False,False,False,0,Rendah,0,1,0,2
Sate Gule Kambing,4.2,55,Jl. Udayana No.18A,Buleleng Regency,,+62 878-6327-3003,https://www.google.com/maps/search/?api1&querySate%20Gule%20Kambing&query_place_idChIJ8X9TTHKa0S0RMjHgG7pMKsk,Satay restaurant,False,False,False,False,False,False,False,0,Rendah,0,1,0,2
Warung Sate Jaya,4.2,22,"F46F+VR6, Jl. Gelatik",Tabanan Regency,,+62 851-0076-4194,https://www.google.com/maps/search/?api1&queryWarung%20Sate%20Jaya&query_place_idChIJm3h5Jlk60i0RT0dPhKPS8Uo,Satay restaurant,False,False,False,False,False,False,True,1,Rendah,0,1,0,2
Warung Desak Seafood (Warung Desak PP),4.2,14,"Sebelah GYM. Kebo Iwa, Jl. Pantai Penimbangan",Buleleng Regency,,+62 819-1346-6141,https://www.google.com/maps/search/?api1&queryWarung%20Desak%20Seafood%20(Warung%20Desak%20PP)&query_place_idChIJxQvR0vCb0S0RXt-oJNKoNWg,Seafood restaurant,False,False,False,False,False,False,False,0,Rendah,0,1,0,2
Soto Sapi Belabar,4.2,9,V3FJ+J8M,Buleleng Regency,,,https://www.google.com/maps/search/?api1&querySoto%20Sapi%20Belabar&query_place_idChIJ26NOUKOb0S0Rg8PBagImlvo,Soto restaurant,False,False,True,False,False,False,False,1,Rendah,0,0,1,3
Siomay & Batagor Si Atang,4.2,5,V3XW+327,Buleleng Regency,,+62 812-3843-9858,https://www.google.com/maps/search/?api1&querySiomay%20%26%20Batagor%20Si%20Atang&query_place_idChIJ3_oDPpGR0S0Rod4pbJ2qUlY,Sundanese restaurant,False,False,False,False,False,False,False,0,Rendah,0,1,0,2
SEGO JAGUNG,3.2,24,"F439+28F, Jl. Bypass Jl. Dr. Ir. Soekarno",Tabanan Regency,,,https://www.google.com/maps/search/?api1&querySEGO%20JAGUNG&query_place_idChIJr3tSOAA70i0R6oz3N17p_hA,Indonesian restaurant,True,True,False,False,False,False,True,3,Sedang,0,0,1,3
Bakwan Babi Gerobak Biru,4.1,21,Jl. Surapati,Buleleng Regency,,,https://www.google.com/maps/search/?api1&queryBakwan%20Babi%20Gerobak%20Biru&query_place_idChIJF3rAHfub0S0RrNxka68E6-Y,Bakso restaurant,False,False,False,False,False,False,False,0,Rendah,0,0,1,3
WARUNG BAKSO SOLO MAS HANUNG,4.1,9,"W45F+JJG, Jl. Raya Kerobokan",Buleleng Regency,,+62 823-4113-3001,https://www.google.com/maps/search/?api1&queryWARUNG%20BAKSO%20SOLO%20MAS%20HANUNG&query_place_idChIJ44DHLL6X0S0RVUin6Gxn3X8,Bakso restaurant,False,False,False,False,False,False,False,0,Rendah,0,1,0,2
Nasi Babi Guling Merdeka,4.1,56,Jl. Ngurah Rai No.57,Buleleng Regency,,,https://www.google.com/maps/search/?api1&queryNasi%20Babi%20Guling%20Merdeka&query_place_idChIJT8Dm1gqa0S0RFgOUPwEmi0w,Balinese restaurant,False,False,False,False,False,False,True,1,Rendah,0,0,1,3
Warung Babi Guling Bali Yasa,4.1,9,V3WR+9CC,Buleleng Regency,,,https://www.google.com/maps/search/?api1&queryWarung%20Babi%20Guling%20Bali%20Yasa&query_place_idChIJA5LHKgaa0S0Rm4xJE_55QPE,Balinese restaurant,True,False,False,False,False,False,True,2,Sedang,0,0,1,3
ACK Fried Chicken,4.1,26,Jl. Laksamana No.126,Buleleng Regency,http://ackcompany.com/,,https://www.google.com/maps/search/?api1&queryACK%20Fried%20Chicken&query_place_idChIJR-23P7Gb0S0RKeM6ReL1hzo,Fast food restaurant,True,False,False,False,True,True,True,4,Tinggi,1,0,2,1
JFC Jaya Fried Chicken Sukasada,4.1,60,Jl. Puskesmas No.8,Buleleng Regency,,+62 813-3862-3221,https://www.google.com/maps/search/?api1&queryJFC%20Jaya%20Fried%20Chicken%20Sukasada&query_place_idChIJYYeLknyQ0S0Rxtknc0eeMi0,Fast food restaurant,False,False,False,False,False,False,True,1,Rendah,0,1,0,2
JFC PENYALIN,4.1,84,Jl. Garuda No.4,Tabanan Regency,,+62 857-3943-4910,https://www.google.com/maps/search/?api1&queryJFC%20PENYALIN&query_place_idChIJ4dZHPn470i0RuI9JF7Fcos8,Fast food restaurant,False,False,False,False,False,False,True,1,Rendah,0,1,0,2
KFC,4.1,1954,Jl. Ngurah Rai No.78,Buleleng Regency,,+62 811-7157-540,https://www.google.com/maps/search/?api1&queryKFC&query_place_idChIJAQAAwAqa0S0RRhKeGGDFjVQ,Fast food restaurant,True,True,True,True,True,True,True,7,Sangat tinggi,0,1,0,2
KFC,4.1,2772,Jl. By Pass Jl. Ngurah Rai,Tabanan Regency,,+62 21 14022,https://www.google.com/maps/search/?api1&queryKFC&query_place_idChIJFQOXl0k60i0RR5MMFjueQkU,Fast food restaurant,True,True,True,True,True,True,True,7,Sangat tinggi,0,1,0,2
Rumah makan Minang Jaya,4.1,20,Gg. XVI No.3,Tabanan Regency,,,https://www.google.com/maps/search/?api1&queryRumah%20makan%20Minang%20Jaya&query_place_idChIJk-JdXQA70i0RcLpYyH7dYPw,Indonesian restaurant,True,False,False,False,False,True,True,3,Sedang,0,0,1,3
bali kynaya martabak telor,4.1,13,V4P5+XVP,Buleleng Regency,,+62 819-3643-3774,https://www.google.com/maps/search/?api1&querybali%20kynaya%20martabak%20telor&query_place_idChIJ15iR4qSR0S0R8vRbYaxXF0s,Murtabak restaurant,False,False,False,False,False,False,False,0,Rendah,0,1,0,2
PutriSari Restaurant,4.1,9,,Buleleng Regency,http://www.otcbalicollege.com/,+62 362 25519,https://www.google.com/maps/search/?api1&queryPutriSari%20Restaurant&query_place_idChIJ_Uz6mVua0S0Ry4N0BtCnEFk,Restaurant,False,False,False,False,False,False,False,0,Rendah,1,1,2,1
Restaurant Puri Saron,4.1,12,V384+GPF,Buleleng Regency,,,https://www.google.com/maps/search/?api1&queryRestaurant%20Puri%20Saron&query_place_idChIJrRGQzQmb0S0RS2OvYGcAFQk,Restaurant,False,False,False,False,False,False,False,0,Rendah,0,0,1,3
Sangket Kubu,4.1,97,"V426+372, Jl. Pratu Ginten",Buleleng Regency,,+62 821-4554-0867,https://www.google.com/maps/search/?api1&querySangket%20Kubu&query_place_idChIJoa4jN3eQ0S0R8L0wKEd27ig,Restaurant,False,False,False,False,False,False,False,0,Rendah,0,1,0,2
Restoran Diatas Laut,4.1,20,V3WQ+M9H,Buleleng Regency,,,https://www.google.com/maps/search/?api1&queryRestoran%20Diatas%20Laut&query_place_idChIJv7dxDgaa0S0RrZfevB3P29A,Seafood restaurant,False,False,False,False,False,False,False,0,Rendah,0,0,1,3
Tanjung Alam Penarukan,4.1,192,"W477+XP6, Jl. Natuna",Buleleng Regency,,+62 877-8085-4790,https://www.google.com/maps/search/?api1&queryTanjung%20Alam%20Penarukan&query_place_idChIJ9aIFAkmX0S0RpmQ5A6Tj_9M,Seafood restaurant,False,True,True,False,False,False,False,2,Sedang,0,1,0,2
Tipat Tahu Pak Kumis Singaraja,4.1,14,Jl. Angsana,Buleleng Regency,,,https://www.google.com/maps/search/?api1&queryWr.%20Tipat%20Tahu%20Pak%20Kumis&query_place_idChIJRwkN5wya0S0RZphWDKF2PFY,Tegal restaurant,False,False,False,False,False,False,False,0,Rendah,0,0,1,3
Tahu Gila Singaraja,4.1,22,Jl. Udayana No.9-7,Buleleng Regency,,+62 812-3789-1437,https://www.google.com/maps/search/?api1&queryTahu%20Gila%20Singaraja&query_place_idChIJa_JCR3Ka0S0R8zC9_OaxuFw,Tofu restaurant,True,False,False,False,False,False,False,1,Rendah,0,1,0,2
"VEGI HOUSE ,Vegan culinary and healthy food",4.9,99,Jl. Ngurah Rai No.52,Buleleng Regency,,=+62 878-6616-1116,https://www.google.com/maps/search/?api1&queryVEGI%20HOUSE%20%2CVegan%20culinary%20and%20healthy%20food&query_place_idChIJYWcuT5ub0S0ROBKWXc33Z1g,Vegan restaurant,True,False,True,False,False,False,False,2,Sedang,0,1,0,2
CLIFF at Canna,4.8,1074,Jl. Raya Nusa Dua Selatan,Badung Regency,http://www.cannabali.id/,62 811-3418-777,https://www.google.com/maps/search/?api=1&query=CLIFF%20at%20Canna&query_place_id=ChIJ4XGGUVFd0i0RSrYeVzQa-dI,Restaurant,True,True,True,True,False,False,False,4,Tinggi,1,1,2,1
Boardwalk Restaurant Bali,4.7,3932,Jl. Kuta Art Market,Badung Regency,http://www.boardwalk-restaurant.com/,62 823-4001-5646,https://www.google.com/maps/search/?api=1&query=Boardwalk%20Restaurant%20Bali&query_place_id=ChIJS_3QKx9E0i0R4H-8Ne_4oaU,Restaurant,True,False,True,True,False,False,False,3,Sedang,1,1,2,1
CANNA,4.7,2205,Jl. Raya Nusa Dua Selatan,Badung Regency,https://cannabali.id/,62 811-3418-777,https://www.google.com/maps/search/?api=1&query=CANNA&query_place_id=ChIJ7wdZL3pd0i0RqRoXepB2U6o,Restaurant,True,True,True,True,False,False,False,4,Tinggi,1,1,2,1
Gyu-Kaku Resort Beachwalk Shopping Center,4.7,1081,"Beachwalk Shopping Center 2nd Floor Unit. #C-11,12,12A, Jl. Pantai Kuta",Badung Regency,https://gyu-kaku.id/,62 361 8464892,https://www.google.com/maps/search/?api=1&query=Gyu-Kaku%20Resort%20Beachwalk%20Shopping%20Center&query_place_id=ChIJi1E-UNxH0i0RV2GJl5FHhWM,Japanese restaurant,False,False,False,False,False,False,False,0,Rendah,1,1,2,1
Azul Beach Club Bali,4.6,3088,Jl. Padma No.2,Badung Regency,https://www.azulbali.com/,62 361 765759,https://www.google.com/maps/search/?api=1&query=Azul%20Beach%20Club%20Bali&query_place_id=ChIJlSyXaMJG0i0Ri8eAr1pHGaU,Asian fusion restaurant,True,True,True,False,False,False,False,3,Sedang,1,1,2,1
Baruna Sky Lounge by Jimbaran Bay Beach,4.5,87,"Jimbaran, Jl. Pantai Kedonganan No.888",Badung Regency,http://jimbaranbaybeach.com/,62 361 705999,https://www.google.com/maps/search/?api=1&query=Baruna%20Sky%20Lounge%20by%20Jimbaran%20Bay%20Beach&query_place_id=ChIJq8VYJ2lE0i0Rp7yHat2QJfQ,Indonesian restaurant,True,False,False,False,False,False,False,1,Rendah,1,1,2,1
"Martabak Pecenongan 78, Singaraja",4.5,31,V3PJ+43V,Buleleng Regency,,,https://www.google.com/maps/search/?api1&queryMartabak%20Pecenongan%2078%2C%20Singaraja&query_place_idChIJ-YV4rMeb0S0R5kEKkJEKMKk,Murtabak restaurant,True,False,False,False,False,False,True,2,Sedang,0,0,1,3
Ulu Segara Restaurant & Bar,4.5,12,"5686+49R, Jl. Raya Nusa Dua Selatan",Badung Regency,https://ulusegara.com/experiences/,62 361 8468188,https://www.google.com/maps/search/?api=1&query=Ulu%20Segara%20Restaurant%20%26%20Bar&query_place_id=ChIJbznSrhVd0i0Rhrj6Lq4vi6E,Restaurant,True,True,True,True,False,False,False,4,Tinggi,1,1,2,1
Ayam Betutu Khas Gilimanuk,4.4,11202,Jl. Raya Tuban No.2X,Badung Regency,,62 361 757535,https://www.google.com/maps/search/?api=1&query=Ayam%20Betutu%20Khas%20Gilimanuk&query_place_id=ChIJyyQdy8lG0i0RyYvKuYpjBps,Balinese restaurant,True,True,True,True,True,True,True,7,Sangat tinggi,0,1,0,2
"Nasi Kulit Syuurga, Singaraja",4.3,38,Jl. Merak No.2,Buleleng Regency,,+62 818-0569-3669,https://www.google.com/maps/search/?api1&queryNasi%20Kulit%20Syuurga%2C%20Singaraja&query_place_idChIJvwuSmZub0S0RsYJ0H9st6oQ,Indonesian restaurant,True,True,False,False,False,False,True,3,Sedang,0,1,0,2
Delish's Resto,5.0,1,Gg. Buah Naga,Buleleng Regency,,+62 821-4496-9091,https://www.google.com/maps/search/?api1&queryDelish's%20Resto&query_place_idChIJPzWsLP-b0S0RiFnvYeRjJ3I,Asian restaurant,False,False,False,False,False,False,True,1,Rendah,0,1,0,2
Luluh Sate Singaraja,5.0,1,Gg. Mutiara V No.5,Buleleng Regency,,+62 898-3240-308,https://www.google.com/maps/search/?api1&queryLuluh%20Sate%20Singaraja&query_place_idChIJaTis7_ib0S0RaSJ9Hwx6wZM,Asian restaurant,True,True,True,False,False,False,False,3,Sedang,0,1,0,2
Raos Eco Chinese Food & Indonesian Food,5.0,8,Jl. Dr. Ir. Soekarno No.25,Tabanan Regency,,,https://www.google.com/maps/search/?api1&queryRaos%20Eco%20Chinese%20Food%20%26%20Indonesian%20Food&query_place_idChIJ4e3gegA70i0Rw7IKdVIHUJ0,Asian restaurant,True,False,True,False,False,False,True,3,Sedang,0,0,1,3
Warung Jaya Makmur,5.0,2,Jl. Merpati No.10,Tabanan Regency,,,https://www.google.com/maps/search/?api1&queryWarung%20Jaya%20Makmur&query_place_idChIJqRXRCAA70i0RvaFzk5mBvKA,Asian restaurant,False,False,False,False,False,False,False,0,Rendah,0,0,1,3
BAKSO DAN MIE AYAM LAROS,5.0,3,"W429+HW9, Jl. Samratulangi",Buleleng Regency,,+62 812-4611-0195,https://www.google.com/maps/search/?api1&queryBAKSO%20DAN%20MIE%20AYAM%20LAROS&query_place_idChIJoT6hK7uR0S0RvFxZqwiObWE,Bakso restaurant,False,False,False,False,False,False,False,0,Rendah,0,1,0,2
Bakso Jaya,5.0,1,Jl. Pahlawan No.51,Buleleng Regency,,+62 812-3664-2979,https://www.google.com/maps/search/?api1&queryBakso%20Jaya&query_place_idChIJqw5Rmp6b0S0R9srLAAtD8GY,Bakso restaurant,False,False,False,False,False,False,False,0,Rendah,0,1,0,2
Bakso luhtu,5.0,1,Jl. Anyelir No.11,Tabanan Regency,,,https://www.google.com/maps/search/?api1&queryBakso%20luhtu&query_place_idChIJc8RMMBQ70i0RAwO143xZ4Bs,Bakso restaurant,False,False,False,False,False,False,False,0,Rendah,0,0,1,3
BAKSO SOLO,5.0,1,"V3FM+9RV, Jl. Srikandi",Buleleng Regency,,,https://www.google.com/maps/search/?api1&queryBAKSO%20SOLO&query_place_idChIJVQ1-dwCb0S0RKuaidXGQmZ0,Bakso restaurant,False,False,False,False,False,False,False,0,Rendah,0,0,1,3
Blayag Muntagi,5.0,5,V4J9+4F3,Buleleng Regency,,+62 819-3655-7526,https://www.google.com/maps/search/?api1&queryBlayag%20Muntagi&query_place_idChIJRdowb8yR0S0RxliCDaTXSKg,Bakso restaurant,False,False,False,False,False,False,False,0,Rendah,0,1,0,2
NASIONALIS BAKSO,5.0,1,V3GX+5CF,Buleleng Regency,,+62 819-1567-8845,https://www.google.com/maps/search/?api1&queryNASIONALIS%20BAKSO&query_place_idChIJPzzNkFmR0S0R53INnht6pj8,Bakso restaurant,False,False,False,False,False,False,False,0,Rendah,0,1,0,2
Warung Bali Bakso Ayam,5.0,2,Jl. Setia Budi,Buleleng Regency,,+62 815-2934-2857,https://www.google.com/maps/search/?api1&queryWarung%20Bali%20Bakso%20Ayam&query_place_idChIJc69JoZGR0S0RB0dNGLnU7AU,Bakso restaurant,False,False,False,False,False,False,False,0,Rendah,0,1,0,2
Warung Nasi Ayam & Babi Ibu Baktiseraga,5.0,2,"V3FJ+MGW, Jl. Laksamana-Baktiseraga",Buleleng Regency,,,https://www.google.com/maps/search/?api1&queryWarung%20Nasi%20Ayam%20%26%20Babi%20Ibu%20Baktiseraga&query_place_idChIJJZC7RWWa0S0RDaj7uuSsZmY,Bakso restaurant,True,False,False,False,False,False,False,1,Rendah,0,0,1,3
Warung Swarbak Kartun15,5.0,1,"Flamboyan, Jl. Jepun no.20",Tabanan Regency,,+62 813-7733-3322,https://www.google.com/maps/search/?api1&queryWarung%20Swarbak%20Kartun15&query_place_idChIJDehc1EI60i0R7Rh5Oq7TZqE,Bakso restaurant,False,False,False,False,False,False,False,0,Rendah,0,1,0,2
Betutu Ibuk Epik,5.0,1,Jl. Merpati No.2,Tabanan Regency,,,https://www.google.com/maps/search/?api1&queryBetutu%20Ibuk%20Epik&query_place_idChIJ7YEROgA70i0RgelWbaxzDis,Balinese restaurant,True,False,False,False,False,False,True,2,Sedang,0,0,1,3
Kedai al Medani,5.0,2,Jl. Satelit Asri III No.20,Buleleng Regency,,+62 817-5188-882,https://www.google.com/maps/search/?api1&queryKedai%20al%20Medani&query_place_idChIJU--3BWqa0S0RDH_mSDIZcms,Balinese restaurant,False,False,True,False,False,False,False,1,Rendah,0,1,0,2
Kuliner khas singaraja,5.0,1,Jl. Erlangga No.44,Buleleng Regency,,,https://www.google.com/maps/search/?api1&queryKuliner%20khas%20singaraja&query_place_idChIJcRAkhU-b0S0RrqOZN51zYUc,Balinese restaurant,False,False,False,False,False,False,False,0,Rendah,0,0,1,3
Martabak Terang Bulan Cipta Rasa,5.0,4,Jl. Mawar No.49,Tabanan Regency,,+62 831-1734-1660,https://www.google.com/maps/search/?api1&queryMartabak%20Terang%20Bulan%20Cipta%20Rasa&query_place_idChIJwcqGSS870i0RhEf3fT1uv6M,Balinese restaurant,True,False,False,False,False,False,True,2,Sedang,0,1,0,2
Nasi Be Genyol Bu Socing,5.0,1,Jl. Jepun No.25,Tabanan Regency,,,https://www.google.com/maps/search/?api1&queryNasi%20Be%20Genyol%20Bu%20Socing&query_place_idChIJuchkeAA70i0RngQezoROtTY,Balinese restaurant,False,False,False,False,False,False,False,0,Rendah,0,0,1,3
WARUNG BU TAYOK,5.0,1,Jl. Seririt- Singaraja,Buleleng Regency,,+62 857-3962-1228,https://www.google.com/maps/search/?api1&queryWARUNG%20BU%20TAYOK&query_place_idChIJG2_EfCab0S0RlWnJ3ObdLTw,Balinese restaurant,False,False,False,False,False,False,False,0,Rendah,0,1,0,2
Warung Men Lindya Begenyol Betutu,5.0,5,Jl. Mawar No.117,Tabanan Regency,,+62 821-4657-0922,https://www.google.com/maps/search/?api1&queryWarung%20Men%20Lindya%20Begenyol%20Betutu&query_place_idChIJ3-r3ZIo70i0RaLz0pNuReVE,Balinese restaurant,True,False,False,False,False,False,False,1,Rendah,0,1,0,2
"Warung Nasi Babi Guling ""DD""",5.0,5,"Depan Gedung Keuangan Negara, Jl. Kartini No.33b",Buleleng Regency,,+62 878-6317-9389,https://www.google.com/maps/search/?api1&queryWarung%20Nasi%20Babi%20Guling%20%22DD%22&query_place_idChIJkwsjw-Kb0S0RW1t4em1Ncyk,Balinese restaurant,True,True,False,False,False,False,False,2,Sedang,0,1,0,2
warung Nasi campur babi dan ayam BU GELGEL,5.0,1,Jl. Surapati,Buleleng Regency,,+62 819-3616-8235,https://www.google.com/maps/search/?api1&querywarung%20Nasi%20campur%20babi%20dan%20ayam%20BU%20GELGEL&query_place_idChIJK_FJ4jWb0S0RoxiLVmhqzw4,Balinese restaurant,True,False,False,False,False,False,True,2,Sedang,0,1,0,2
Warung Nasi Kapah Jumah,5.0,6,"V3FJ+C3F, Jl. Laksamana-Baktiseraga",Buleleng Regency,,,https://www.google.com/maps/search/?api1&queryWarung%20Nasi%20Kapah%20Jumah&query_place_idChIJ1ULZLwCb0S0RY7nDaWjT8_U,Balinese restaurant,False,False,False,False,False,False,False,0,Rendah,0,0,1,3
Warung Tama (nasi campur ayam),5.0,1,"V3WV+H3W, Jl. Surapati",Buleleng Regency,,,https://www.google.com/maps/search/?api1&queryWarung%20Tama%20(nasi%20campur%20ayam)&query_place_idChIJBSipBQCb0S0RBcqZQw5Rlp8,Balinese restaurant,True,False,False,False,False,False,True,2,Sedang,0,0,1,3
Wr.NASI BALI BABI PANGGANG SPESIAL,5.0,1,"V39C+3G9, Jl. Dewa Putu Kerta",Buleleng Regency,,+62 818-0204-4888,https://www.google.com/maps/search/?api1&queryWr.NASI%20BALI%20BABI%20PANGGANG%20SPESIAL&query_place_idChIJQfZ2kWCa0S0RqaCRfeWWxlw,Balinese restaurant,False,False,False,False,False,False,False,0,Rendah,0,1,0,2
Bubur Ayam Bandung,5.0,1,"C4VC+9GH, Jl. Mawar",Tabanan Regency,,+62 877-5599-7217,https://www.google.com/maps/search/?api1&queryBubur%20Ayam%20Bandung&query_place_idChIJtQKSYAA70i0Rw9fPSpC1Agc,Breakfast restaurant,False,False,True,False,False,False,False,1,Rendah,0,1,0,2
Kedai Es pisang ijo,5.0,1,"wp widi ayu singaraja depan karung jantan singaraja, Jl. Surapati No.107",Buleleng Regency,,+62 877-6290-5020,https://www.google.com/maps/search/?api1&queryKedai%20Es%20pisang%20ijo&query_place_idChIJ_-EE_-6R0S0RMhOlZyyxvCM,Breakfast restaurant,False,False,False,False,False,False,False,0,Rendah,0,1,0,2
Nasi Kuning Ibu Desak,5.0,1,Jl. Jelantik Gingsir No.63 A,Buleleng Regency,,+62 878-4472-7063,https://www.google.com/maps/search/?api1&queryNasi%20Kuning%20Ibu%20Desak&query_place_idChIJhfeQi4-R0S0RX-jroUxqwJU,Breakfast restaurant,False,False,False,False,False,False,True,1,Rendah,0,1,0,2
Sentuhan Rasa Bubur Ayam Tabanan,5.0,4,Jl. Raya Denpasar - Gilimanuk No.45,Tabanan Regency,,+62 813-3968-2991,https://www.google.com/maps/search/?api1&querySentuhan%20Rasa%20Bubur%20Ayam%20Tabanan&query_place_idChIJ1YEJfQA70i0ROmjy63oFNco,Breakfast restaurant,False,False,False,False,False,False,False,0,Rendah,0,1,0,2
warung angel,5.0,1,"R3W6+74M, Jl. Selat Anturan",Buleleng Regency,,,https://www.google.com/maps/search/?api1&querywarung%20angel&query_place_idChIJ6atshISb0S0R-ff6zh5NOVA,Breakfast restaurant,True,False,False,False,False,False,True,2,Sedang,0,0,1,3
Warung Bu Jero,5.0,1,Jl. Pulau Nila No.11,Buleleng Regency,,+62 878-6300-8194,https://www.google.com/maps/search/?api1&queryWarung%20Bu%20Jero&query_place_idChIJcX7vnkmR0S0ReWsUzaIEIpM,Breakfast restaurant,False,False,False,False,False,False,True,1,Rendah,0,1,0,2
Warung Mang Joes,5.0,2,Jl. Raya Kutuh No.37,Tabanan Regency,,,https://www.google.com/maps/search/?api1&queryWarung%20Mang%20Joes&query_place_idChIJAQZXcCs70i0RCSFL40G_l-M,Breakfast restaurant,False,False,False,False,False,False,False,0,Rendah,0,0,1,3
Warung Rahayu,5.0,1,jalan pulau ceningan,Tabanan Regency,,+62 878-6265-5512,https://www.google.com/maps/search/?api1&queryWarung%20Rahayu&query_place_idChIJZSUBYUQ70i0RJbSlXRore7Q,Breakfast restaurant,True,False,False,False,False,False,True,2,Sedang,0,1,0,2
Ayam Bakar Wong Jowo “Elvira”,5.0,2,Jl. Yeh Gangga I No.18,Tabanan Regency,,,https://www.google.com/maps/search/?api1&queryAyam%20Bakar%20Wong%20Jowo%20%E2%80%9CElvira%E2%80%9D&query_place_idChIJMzfWVQA70i0RuSKwaHEFv5c,Brunch restaurant,False,False,False,False,False,True,True,2,Sedang,0,0,1,3
Ayoora Juice House,5.0,1,"W42C+H37, Gg. Kelinci",Buleleng Regency,,,https://www.google.com/maps/search/?api1&queryAyoora%20Juice%20House&query_place_idChIJW8CPN0qR0S0RleIxQ_TdIkw,Brunch restaurant,True,False,False,False,False,False,False,1,Rendah,0,0,1,3
BKC AllStar,5.0,3,"C4XF+G48, Jl. Mawar",Tabanan Regency,,,https://www.google.com/maps/search/?api1&queryBKC%20AllStar&query_place_idChIJnUyia3o70i0R90Xt1f8Fs80,Brunch restaurant,False,False,False,False,False,False,False,0,Rendah,0,0,1,3
BnTea Cullinary,5.0,4,"V4J6+45Q, Jl. Pulau Menjangan",Buleleng Regency,,+62 819-1087-6969,https://www.google.com/maps/search/?api1&queryBnTea%20Cullinary&query_place_idChIJ3z7VSwCR0S0RjS7h8wCO8Wo,Brunch restaurant,False,False,False,False,False,False,True,1,Rendah,0,1,0,2
D’Mentaime,5.0,5,Jl. Pulau Buton Gang Kelapa Muda Gang A No.1,Buleleng Regency,,,https://www.google.com/maps/search/?api1&queryD%E2%80%99Mentaime&query_place_idChIJA_PFDQCR0S0RpBLcqIymPrg,Brunch restaurant,False,False,False,False,False,False,True,1,Rendah,0,0,1,3
Dapoer Kubu,5.0,2,V48G+WCP,Buleleng Regency,,+62 817-0323-5067,https://www.google.com/maps/search/?api1&queryDapoer%20Kubu&query_place_idChIJLW8pUgCR0S0RnxSqDCvNY6s,Brunch restaurant,False,False,True,False,False,False,True,2,Sedang,0,1,0,2
Dapur melati,5.0,1,W437+62R,Buleleng Regency,,+62 859-5922-9093,https://www.google.com/maps/search/?api1&queryDapur%20melati&query_place_idChIJoxkKHACR0S0RBVwMMkCv3d4,Brunch restaurant,False,False,False,False,False,False,False,0,Rendah,0,1,0,2
Gado Gado Ketoprak Bu Desak,5.0,5,"V39W+WWR, BTN Liligundi Permai, Jl. Tambora",Buleleng Regency,,+62 819-3649-8353,https://www.google.com/maps/search/?api1&queryGado%20Gado%20Ketoprak%20Bu%20Desak&query_place_idChIJ-2f29vuR0S0R1ptX_Hz4hVk,Brunch restaurant,False,False,False,False,False,False,False,0,Rendah,0,1,0,2
KANTIN LOBONG DAN LUMBUNG HIDROPONIK,5.0,13,Gg. Lely No.12,Buleleng Regency,,+62 878-6203-8306,https://www.google.com/maps/search/?api1&queryKANTIN%20LOBONG%20DAN%20LUMBUNG%20HIDROPONIK&query_place_idChIJg7d9NPWb0S0R8wV73bs9xqM,Brunch restaurant,False,False,False,False,False,False,False,0,Rendah,0,1,0,2
Kedai Bagoes,5.0,1,Dalam Pasar Jl. Terminal Pesiapan No.51,Tabanan Regency,,+62 819-9971-0100,https://www.google.com/maps/search/?api1&queryKedai%20Bagoes&query_place_idChIJmzMFJ5Y70i0RoAYoycf1TtA,Brunch restaurant,True,False,True,False,False,False,True,3,Sedang,0,1,0,2
MASAKAN PADANG AMAEME asli minang kabau (tersedia sate dan sarapan pagi),5.0,1,"The Royal Griya Loka, Blk. K",Tabanan Regency,,+62 895-3962-77717,https://www.google.com/maps/search/?api1&queryMASAKAN%20PADANG%20AMAEME%20asli%20minang%20kabau%20(tersedia%20sate%20dan%20sarapan%20pagi)&query_place_idChIJc1QidwA70i0R9eAdQwPlhP8,Brunch restaurant,False,False,False,False,False,False,False,0,Rendah,0,1,0,2
Nasi Kuning Bu Agus,5.0,3,Jl. Pd. Indah No.18X,Tabanan Regency,,+62 821-4700-0222,https://www.google.com/maps/search/?api1&queryNasi%20Kuning%20Bu%20Agus&query_place_idChIJEWOfcEM60i0RbpICPkc1pxg,Brunch restaurant,False,False,False,False,False,False,False,0,Rendah,0,1,0,2
Pura-Pura Jualan,5.0,2,"V397+R2H, Jl. A. Yani",Buleleng Regency,,+62 831-4782-1966,https://www.google.com/maps/search/?api1&queryPura-Pura%20Jualan&query_place_idChIJ-Ta6RQCb0S0R82ge2FfknxU,Brunch restaurant,False,False,False,False,False,False,False,0,Rendah,0,1,0,2
Sate Babi Nang Oman,5.0,2,Jl. Parkit,Tabanan Regency,https://www.instagram.com/nangomankitchen?igshbHN0Ymt1b2xraTRz,+62 819-9963-3126,https://www.google.com/maps/search/?api1&querySate%20Babi%20Nang%20Oman&query_place_idChIJY9rmDwA70i0RIP3V2FNhYYQ,Brunch restaurant,True,False,False,False,False,False,True,2,Sedang,1,1,2,1
Warung AYU MESARI,5.0,1,R4W6+794,Buleleng Regency,,,https://www.google.com/maps/search/?api1&queryWarung%20AYU%20MESARI&query_place_idChIJISI2BwCR0S0RqAD-wzz80UY,Brunch restaurant,True,False,False,False,False,False,False,1,Rendah,0,0,1,3
Warung Bu Desy,5.0,1,"V3FQ+CQP, Jl. Gn. Rinjani",Buleleng Regency,,+62 813-5318-6247,https://www.google.com/maps/search/?api1&queryWarung%20Bu%20Desy&query_place_idChIJxbTTvxyb0S0RjXROesvEvA4,Brunch restaurant,False,False,False,False,False,False,True,1,Rendah,0,1,0,2
Warung Bu Raras,5.0,2,Jl. Gajah Mada No.131,Tabanan Regency,,+62 821-4662-6351,https://www.google.com/maps/search/?api1&queryWarung%20Bu%20Raras&query_place_idChIJVWpD1gc70i0R0VdY5J7bG-I,Brunch restaurant,False,False,False,False,False,False,False,0,Rendah,0,1,0,2
Warung Dek Di,5.0,1,"V4R5+MXM, Jl. Pulau Seribu",Buleleng Regency,,,https://www.google.com/maps/search/?api1&queryWarung%20Dek%20Di&query_place_idChIJdWlWczeR0S0R7AUuKUgCcO8,Brunch restaurant,False,False,False,False,False,False,False,0,Rendah,0,0,1,3
Warung Dharma,5.0,3,Jl. Setia Budi,Buleleng Regency,,+62 813-3880-7920,https://www.google.com/maps/search/?api1&queryWarung%20Dharma&query_place_idChIJtX_ubACR0S0RVHIslrvP2vM,Brunch restaurant,False,False,True,False,False,False,True,2,Sedang,0,1,0,2
Warung Ibu Jari,5.0,1,Jl. Anggrek,Tabanan Regency,,+62 857-9264-7130,https://www.google.com/maps/search/?api1&queryWarung%20Ibu%20Jari&query_place_idChIJ4TNQY4070i0ROkOU2HSnLD4,Brunch restaurant,True,False,False,False,False,False,True,2,Sedang,0,1,0,2
Warung makan B 86,5.0,1,Jl. Veteran No.10,Buleleng Regency,,,https://www.google.com/maps/search/?api1&queryWarung%20makan%20B%2086&query_place_idChIJcSej7aiR0S0R3ValqXWIiOI,Brunch restaurant,False,False,False,False,False,False,False,0,Rendah,0,0,1,3
Warung Makan Mek.Mang,5.0,4,"V33M+CQC, Jl. Merak",Buleleng Regency,,+62 831-1486-4382,https://www.google.com/maps/search/?api1&queryWarung%20Makan%20Mek.Mang&query_place_idChIJA--Y8G-b0S0RlyvUvNRqB8I,Brunch restaurant,True,False,True,False,False,False,True,3,Sedang,0,1,0,2
Warung makan sari muslim,5.0,3,"R4W6+46Q, Unnamed Road",Buleleng Regency,,,https://www.google.com/maps/search/?api1&queryWarung%20makan%20sari%20muslim&query_place_idChIJAcqDfO2R0S0REKfUNRIfGKo,Brunch restaurant,False,False,False,False,False,False,True,1,Rendah,0,0,1,3
Warung seblak teh Yeni bandung,5.0,2,"W435+496, Jl. WR Supratman",Buleleng Regency,,,https://www.google.com/maps/search/?api1&queryWarung%20seblak%20teh%20Yeni%20bandung&query_place_idChIJgw6UEwCR0S0RpnpC2dbvXpA,Brunch restaurant,True,False,False,False,False,False,True,2,Sedang,0,0,1,3
warung Sunari,5.0,4,Jl. Raya Anturan No.88,Buleleng Regency,,+62 821-4713-2736,https://www.google.com/maps/search/?api1&querywarung%20Sunari&query_place_idChIJOfCEH6FB0i0RzORYMVf_tMc,Brunch restaurant,False,False,False,False,False,False,False,0,Rendah,0,1,0,2
Warung Widari,5.0,2,Jl. P. Seribu No.2,Tabanan Regency,,+62 819-3917-0585,https://www.google.com/maps/search/?api1&queryWarung%20Widari&query_place_idChIJxVPogv870i0RIXYDjOBIddk,Brunch restaurant,False,False,False,False,False,False,True,1,Rendah,0,1,0,2
WarungvLawar Dolong Pak Kelian,5.0,2,"W447+6C8, Jl. WR Supratman",Buleleng Regency,,,https://www.google.com/maps/search/?api1&queryWarungvLawar%20Dolong%20Pak%20Kelian&query_place_idChIJS8G0SgCR0S0R5ujbQ6YivZg,Brunch restaurant,False,True,False,False,False,False,False,1,Rendah,0,0,1,3
We. Ake,5.0,1,"V3CP+6C6, Jl. Srikandi Sambangan",Buleleng Regency,,+62 823-4858-2655,https://www.google.com/maps/search/?api1&queryWe.%20Ake&query_place_idChIJ0XYO7Nmb0S0RxU-w4JN41Oc,Brunch restaurant,False,False,False,False,False,False,False,0,Rendah,0,1,0,2
Wr. Lalapan Nasya,5.0,1,Jl. P. Seribu,Tabanan Regency,,+62 823-3645-4563,https://www.google.com/maps/search/?api1&queryWr.%20Lalapan%20Nasya&query_place_idChIJq8bQEA470i0RPjx-gAUtmEU,Brunch restaurant,False,False,False,False,False,False,True,1,Rendah,0,1,0,2
Wr.GALIH,5.0,4,"R3W9+JM5, Jl. Angling Darma",Buleleng Regency,,+62 877-6203-1721,https://www.google.com/maps/search/?api1&queryWr.GALIH&query_place_idChIJiepC3Oqb0S0R-nTVOO0EmaE,Brunch restaurant,False,False,False,False,False,False,True,1,Rendah,0,1,0,2
Yunna Kitchen,5.0,12,W426+GGG,Buleleng Regency,,,https://www.google.com/maps/search/?api1&queryYunna%20Kitchen&query_place_idChIJ85JyQvCR0S0RNmj7EONkvcA,Brunch restaurant,True,False,False,False,False,False,True,2,Sedang,0,0,1,3
Warung Bali Asri (Prasmanan),5.0,1,Jl. Gajah Mada No.119,Buleleng Regency,,,https://www.google.com/maps/search/?api1&queryWarung%20Bali%20Asri%20(Prasmanan)&query_place_idChIJN09n83ib0S0RDHWb9FkDln8,Buffet restaurant,False,False,False,False,False,False,True,1,Rendah,0,0,1,3
Anturan,5.0,6,"R3X4+F9W, Jl. Selat Anturan",Buleleng Regency,,+62 853-3356-2984,https://www.google.com/maps/search/?api1&queryAnturan&query_place_idChIJu2ADhDGb0S0RFyO-_mL8u7k,Chicken restaurant,False,False,False,False,False,False,False,0,Rendah,0,1,0,2
AYAM BAKAR & Pempek,5.0,2,F45F+4GV,Tabanan Regency,,+62 812-1531-5224,https://www.google.com/maps/search/?api1&queryAYAM%20BAKAR%20%26%20Pempek&query_place_idChIJXXRrS-470i0R_Ev5O9P5eDs,Chicken restaurant,False,False,False,False,False,False,False,0,Rendah,0,1,0,2
Ayam Bakar IBU,5.0,1,"V3XV+78C, Jl. Surapati",Buleleng Regency,,+62 878-6319-4003,https://www.google.com/maps/search/?api1&queryAyam%20Bakar%20IBU&query_place_idChIJp1n632yb0S0RIqVLz9Hc2zA,Chicken restaurant,False,False,False,False,False,False,True,1,Rendah,0,1,0,2
Ayam Bakar Ibu,5.0,3,"W429+CJW, Gg. Kelinci",Buleleng Regency,,+62 878-9299-8824,https://www.google.com/maps/search/?api1&queryAyam%20Bakar%20Ibu&query_place_idChIJcWUTTd-R0S0RxCl4zTSd74Y,Chicken restaurant,False,False,False,False,False,False,False,0,Rendah,0,1,0,2
Ayam Betutu Bu Ferdi (ABBF) Selingsing Tabanan,5.0,8,"F464+CHR, Jl. Garuda Jl. Selingsing",Tabanan Regency,,+62 813-3723-2423,https://www.google.com/maps/search/?api1&queryAyam%20Betutu%20Bu%20Ferdi%20(ABBF)%20Selingsing%20Tabanan&query_place_idChIJEx_C2t470i0RqE1-hhiCMfI,Chicken restaurant,True,False,True,False,False,False,True,3,Sedang,0,1,0,2
AYAM GEPREK NBL,5.0,3,Jl. Mawar No.110,Tabanan Regency,,+62 898-0169-503,https://www.google.com/maps/search/?api1&queryAYAM%20GEPREK%20NBL&query_place_idChIJh3VdJHY70i0R-MVvc7qOq50,Chicken restaurant,False,False,False,False,False,False,False,0,Rendah,0,1,0,2
Ayam Geprek Prekprek,5.0,4,Jl. Ratna No.2,Tabanan Regency,,+62 896-8807-1001,https://www.google.com/maps/search/?api1&queryAyam%20Geprek%20Prekprek&query_place_idChIJxbydCAA70i0Rt7SoCvLGsEo,Chicken restaurant,True,False,False,False,False,False,True,2,Sedang,0,1,0,2
Ayam Geprek Uleeg Tabanan,5.0,2,"F466+MFX, Jl. Dr. Ir Soekarno I",Tabanan Regency,,,https://www.google.com/maps/search/?api1&queryAyam%20Geprek%20Uleeg%20Tabanan&query_place_idChIJ31l6O2g70i0RcN29o0ao0X0,Chicken restaurant,False,False,True,False,False,True,True,3,Sedang,0,0,1,3
Ayam panggang bu luh jati,5.0,4,V4Q5+24X,Buleleng Regency,,,https://www.google.com/maps/search/?api1&queryAyam%20panggang%20bu%20luh%20jati&query_place_idChIJVSd-BwCR0S0R8C6MrG17qbM,Chicken restaurant,False,False,False,False,False,False,False,0,Rendah,0,0,1,3
Balitulen Fried Chicken,5.0,2,"Jln. Mawar.125 A, Gerokgak Gede, Tabanan (dipertokoan Alfamart",Tabanan Regency,,,https://www.google.com/maps/search/?api1&queryBalitulen%20Fried%20Chicken%2C%20Mawar&query_place_idChIJ1_dlB9470i0Rz2RfsOGWLtc,Chicken restaurant,False,False,False,False,False,True,True,2,Sedang,0,0,1,3
Sate Ayam Saparua ex Rela,5.0,1,Jl. A. Yani No.55,Buleleng Regency,,,https://www.google.com/maps/search/?api1&querySate%20Ayam%20Saparua%20ex%20Rela&query_place_idChIJ_9Zx0Vyb0S0RcSl-Cct_WnE,Chicken restaurant,False,False,False,False,False,False,False,0,Rendah,0,0,1,3
SDQ Dimsum,5.0,1,Jalan Sartika Utara Perumahan Nusantara Block A2,Buleleng Regency,,,https://www.google.com/maps/search/?api1&querySDQ%20Dimsum&query_place_idChIJv3FIBwCb0S0RgZjZY4Ye8h8,Chicken restaurant,True,False,False,False,False,False,False,1,Rendah,0,0,1,3
Warung Betutu Wisala,5.0,1,"V463+89V, Jl. Jelantik Gingsir",Buleleng Regency,,+62 819-1567-2299,https://www.google.com/maps/search/?api1&queryWarung%20Betutu%20Wisala&query_place_idChIJ8-2G7D6R0S0RpVDnmjjD2Fs,Chicken restaurant,False,False,True,False,False,False,False,1,Rendah,0,1,0,2
Bakmi ASUI,5.0,7,Jl. Pulau Menjangan No.64,Tabanan Regency,,,https://www.google.com/maps/search/?api1&queryBakmi%20ASUI&query_place_idChIJ2c5BEAA70i0Rf0Lq40lkxR0,Chinese restaurant,False,False,False,False,False,False,True,1,Rendah,0,0,1,3
Chinese Food,5.0,1,Jl. Surapati No.52,Buleleng Regency,,,https://www.google.com/maps/search/?api1&queryChinese%20Food&query_place_idChIJjUEpSpib0S0RPxcMhXiCZ0k,Chinese restaurant,False,False,False,False,False,False,False,0,Rendah,0,0,1,3
Sister's Kitchen Singaraja,5.0,2,Jl. Sudirman No.63,Buleleng Regency,https://www.facebook.com/profile.php?id100089343537883&mibextidZbWKwL,+62 812-3704-6667,https://www.google.com/maps/search/?api1&querySister's%20Kitchen%20Singaraja&query_place_idChIJz-w3_Hab0S0R78YieapgtCc,Chinese restaurant,False,False,False,False,False,True,False,1,Rendah,1,1,2,1
Warung Makan Ochelo,5.0,9,Jl. Ki Barak Panji,Buleleng Regency,,+62 877-6332-4447,https://www.google.com/maps/search/?api1&queryWarung%20Makan%20Ochelo&query_place_idChIJN5cH8Nmb0S0RD-ymQo6j9Tg,Chinese restaurant,False,False,False,False,False,False,False,0,Rendah,0,1,0,2
Mie Cup,5.0,3,Jl. Mawar No.84,Tabanan Regency,,+62 813-3800-3833,https://www.google.com/maps/search/?api1&queryMie%20Cup&query_place_idChIJPWccQTs70i0ROCF4pl_V_DM,Country food restaurant,False,False,False,False,False,False,False,0,Rendah,0,1,0,2
Sun Dimsum - Tabanan,5.0,9,Perum Graha Asri Persada II Jl. Raya Penyalin No.2 Blok B,Tabanan Regency,,+62 819-9949-1154,https://www.google.com/maps/search/?api1&querySun%20Dimsum%20-%20Tabanan&query_place_idChIJcyisK3E70i0ROpQgWeGc8so,Dim sum restaurant,True,False,True,False,False,False,True,3,Sedang,0,1,0,2
Warung Nasi Campur,5.0,1,Jalan Pulau Nias No.2A,Tabanan Regency,,,https://www.google.com/maps/search/?api1&queryWarung%20Nasi%20Campur&query_place_idChIJyXUMNWA60i0RcHI0naY4zYc,Diner,False,False,False,False,False,False,False,0,Rendah,0,0,1,3
Oishiidimsumku,5.0,9,JL. Pulau Sumba Blok B5,Buleleng Regency,https://linktr.ee/oishiidimsumku/,+62 812-3232-3625,https://www.google.com/maps/search/?api1&queryOishiidimsumku&query_place_idChIJ1WvI1a-b0S0RF5ZUpgLbX5E,Dumpling restaurant,True,True,False,False,False,True,False,3,Sedang,1,1,2,1
Nasi Kuning Mery,5.0,3,Jl. A. Yani No.98,Buleleng Regency,,+62 878-6094-1592,https://www.google.com/maps/search/?api1&queryNasi%20Kuning%20Mery&query_place_idChIJq3FCAgCb0S0Rt75sqx7R8tY,Family restaurant,False,False,False,False,False,False,False,0,Rendah,0,1,0,2
Warung Nang Gundul,5.0,3,Jl. Rajawali,Tabanan Regency,,+62 881-0370-18113,https://www.google.com/maps/search/?api1&queryWarung%20Nang%20Gundul&query_place_idChIJbfQVfgA70i0RPTmc6QALZIc,Family restaurant,True,False,False,False,False,False,True,2,Sedang,0,1,0,2
Bakung Sari Resort Restaurant,5.0,1,Gg. Kresek No.20,Badung Regency,,,https://www.google.com/maps/search/?api=1&query=Bakung%20Sari%20Resort%20Restaurant&query_place_id=ChIJ5c9xWwBH0i0RMDaVY4OMHCU,Family restaurant,True,True,True,False,False,False,False,3,Sedang,0,0,1,3
Ayam Geprek Candra,5.0,2,C4R9+QWG,Tabanan Regency,,,https://www.google.com/maps/search/?api1&queryAyam%20Geprek%20Candra&query_place_idChIJ0RpEFgA70i0RS-p4PMfdojY,Fast food restaurant,True,False,False,False,False,False,True,2,Sedang,0,0,1,3
D'Celup Chicken Crispy Sukasada,5.0,2,Jl. Jelantik Gingsir No.123,Buleleng Regency,,+62 819-3659-3999,https://www.google.com/maps/search/?api1&queryD'Celup%20Chicken%20Crispy%20Sukasada&query_place_idChIJHVXpfgCR0S0R0MPwB7CoNKU,Fast food restaurant,True,False,False,False,False,False,True,2,Sedang,0,1,0,2
EaTheMoment,5.0,29,Jl. Nuri No.22,Tabanan Regency,,+62 821-1212-0887,https://www.google.com/maps/search/?api1&queryEaTheMoment&query_place_idChIJ0Ro45pE70i0RjdWi4EjZ6cE,Fast food restaurant,False,False,False,False,False,False,False,0,Rendah,0,1,0,2
Geprek Jhonson 2,5.0,3,Jl. Garuda No.4,Tabanan Regency,,+62 831-1962-2537,https://www.google.com/maps/search/?api1&queryGeprek%20Jhonson%202&query_place_idChIJUd-QaBc70i0Rx5PJFLxc6u4,Fast food restaurant,False,False,False,False,False,False,False,0,Rendah,0,1,0,2
Geprek kha 2,5.0,7,"F4C7+XHH, Unnamed Road",Tabanan Regency,,+62 896-9002-0506,https://www.google.com/maps/search/?api1&queryGeprek%20kha%202&query_place_idChIJRVaL9Z470i0RiQRsEZcM6sc,Fast food restaurant,False,False,False,False,False,False,False,0,Rendah,0,1,0,2
House of Miko Food court,5.0,9,Jl. A. Yani No.171,Buleleng Regency,,,https://www.google.com/maps/search/?api1&queryHouse%20of%20Miko%20Food%20court&query_place_idChIJz_JLSQCb0S0RhHY2w2eBSDE,Fast food restaurant,False,False,False,False,False,False,False,0,Rendah,0,0,1,3
Kupi Sanje,5.0,1,"F427+67Q, Anyelir VII",Tabanan Regency,,,https://www.google.com/maps/search/?api1&queryKupi%20Sanje&query_place_idChIJeZuHRgA70i0RWzDIL7hM2J0,Fast food restaurant,True,False,False,False,False,False,False,1,Rendah,0,0,1,3
Love Waffle,5.0,2,Jl. Ahmad Yani Barat No.191,Buleleng Regency,,,https://www.google.com/maps/search/?api1&queryLove%20Waffle&query_place_idChIJd38mL1eb0S0RRCZyWNP3z7E,Fast food restaurant,False,False,False,False,False,False,False,0,Rendah,0,0,1,3
MARTABAK LEGEND,5.0,1,Jl. WR Supratman,Buleleng Regency,,+62 852-8253-1089,https://www.google.com/maps/search/?api1&queryMARTABAK%20LEGEND&query_place_idChIJBXhxvbeR0S0RhVa9dRCZJSA,Fast food restaurant,False,False,False,False,False,False,False,0,Rendah,0,1,0,2
MIE AYAM BAKSO BAROKAH WONOGIRI - SOLO,5.0,2,Jl. Mawar No.82,Tabanan Regency,,,https://www.google.com/maps/search/?api1&queryMIE%20AYAM%20BAKSO%20BAROKAH%20WONOGIRI%20-%20SOLO&query_place_idChIJzRYDSAA70i0REeSQ3t3ASJY,Fast food restaurant,False,False,False,False,False,False,False,0,Rendah,0,0,1,3
Mie Jebew ala Mama Viona,5.0,4,Jalan Perumahan BTN Polri Kutuh Kelod Blok C10,Tabanan Regency,,,https://www.google.com/maps/search/?api1&queryMie%20Jebew%20ala%20Mama%20Viona&query_place_idChIJR57SBwA70i0RU7CjBFoya_w,Fast food restaurant,True,False,False,False,False,False,True,2,Sedang,0,0,1,3
Seblak Jadul Prasmanan Cab2,5.0,1,Jl. Pahlawan No.7,Buleleng Regency,,+62 881-0379-64895,https://www.google.com/maps/search/?api1&querySeblak%20Jadul%20Prasmanan%20Cab2&query_place_idChIJl6-1EgCb0S0R98XwndGYZtQ,Fast food restaurant,False,False,False,False,False,False,False,0,Rendah,0,1,0,2
Tahu Garing TAGAR Base,5.0,2,Jl. WR Supratman No.88,Buleleng Regency,,,https://www.google.com/maps/search/?api1&queryTahu%20Garing%20TAGAR%20Base&query_place_idChIJDQR-s1SR0S0RYY1czfGoyTo,Fast food restaurant,True,False,False,False,False,False,False,1,Rendah,0,0,1,3
Warung Barokah68 Tabanan (Bakso & Lalapan),5.0,3,"F456+GQX, Jl. Yeh Gangga I",Tabanan Regency,,+62 819-1630-3013,https://www.google.com/maps/search/?api1&queryWarung%20Barokah68%20Tabanan%20(Bakso%20%26%20Lalapan)&query_place_idChIJQ7v0FAA70i0RYTA2LrhIm1g,Fast food restaurant,False,False,False,False,False,False,False,0,Rendah,0,1,0,2
Warung Bu Karsi,5.0,1,Jl. Setia Budi No.42,Buleleng Regency,https://www.facebook.com/warungbukarsi?mibextidZbWKwL,+62 813-3735-3563,https://www.google.com/maps/search/?api1&queryWarung%20Bu%20Karsi&query_place_idChIJmbAC7VqR0S0RkJaSQIc-9Xg,Fast food restaurant,False,False,False,False,False,False,False,0,Rendah,1,1,2,1
Warung sry,5.0,4,Gg. Kepundung No.4 blok B,Buleleng Regency,,,https://www.google.com/maps/search/?api1&queryWarung%20sry&query_place_idChIJ07vcXnmb0S0RNtF2CDvZSkU,Fast food restaurant,False,False,False,False,False,False,True,1,Rendah,0,0,1,3
Samabe - Enchanting Tree on The Beach,5.0,1,"5687+76C Barong - Barong Sawangan, Jl. Pura Jl. Raya Nusa Dua Selatan",Badung Regency,https://www.samabe.com/en/restaurant/private-cave-and-beach-events.php,62 361 8468633,https://www.google.com/maps/search/?api=1&query=Samabe%20-%20Enchanting%20Tree%20on%20The%20Beach&query_place_id=ChIJBUhBRZdd0i0R4eAsVmcaai4,Fine dining restaurant,True,True,True,True,False,False,False,4,Tinggi,1,1,2,1
Cemilan88 Tabanan,5.0,1,Jl. Pulau Menjangan No.51,Tabanan Regency,,+62 819-1806-6330,https://www.google.com/maps/search/?api1&queryCemilan88%20Tabanan&query_place_idChIJSUUg4zM70i0RSdwTjiWOR4I,Hamburger restaurant,False,False,False,False,False,False,True,1,Rendah,0,1,0,2
Bubur Ayam dan Bubur Kacang Hijau Madura,5.0,4,Jl. Pulau Menjangan No.02,Tabanan Regency,,+62 819-1357-6372,https://www.google.com/maps/search/?api1&queryBubur%20Ayam%20dan%20Bubur%20Kacang%20Hijau%20Madura&query_place_idChIJKXWIAs870i0RjWAuAhxJaRI,Health food restaurant,False,False,False,False,False,False,True,1,Rendah,0,1,0,2
AGC,5.0,1,"The Royal Griya Loka, Blok P19",Tabanan Regency,,,https://www.google.com/maps/search/?api1&queryAGC&query_place_idChIJ1_9GbAA70i0RPnqRV87ulIM,Indonesian restaurant,False,False,False,False,False,False,False,0,Rendah,0,0,1,3
Angkringan Jelang Malam,5.0,6,Jl. A. Yani No.90,Buleleng Regency,,+62 811-3815-551,https://www.google.com/maps/search/?api1&queryAngkringan%20Jelang%20Malam&query_place_idChIJG8wDaPGb0S0RwLqwSL9VXno,Indonesian restaurant,False,False,False,False,False,False,False,0,Rendah,0,1,0,2
Angkringan Warung Bagus,5.0,10,Jl. Gelatik Dajan Peken No.8,Tabanan Regency,,+62 819-9933-6316,https://www.google.com/maps/search/?api1&queryAngkringan%20Warung%20Bagus&query_place_idChIJMfNyHzg70i0RGuyC4jWI4Bc,Indonesian restaurant,False,False,False,False,False,False,False,0,Rendah,0,1,0,2
Ayam Geprek Mama Khansa,5.0,1,Jl. Surya Dharma,Buleleng Regency,,+62 895-3287-60897,https://www.google.com/maps/search/?api1&queryAyam%20Geprek%20Mama%20Khansa&query_place_idChIJA_IEFdGb0S0Rbmaf3BFnRXY,Indonesian restaurant,True,False,False,False,False,False,True,2,Sedang,0,1,0,2
Bakso Pak Jeni CAB II,5.0,4,F43C+RVF,Tabanan Regency,,,https://www.google.com/maps/search/?api1&queryBakso%20Pak%20Jeni%20CAB%20II&query_place_idChIJHbr6GAA70i0RsdNrn8HvZYQ,Indonesian restaurant,False,False,False,False,False,False,False,0,Rendah,0,0,1,3
Bebek Goreng Mak Wulan Suroboyo,5.0,6,Jl. P. Nias Gg. III No.44,Tabanan Regency,,+62 815-4752-6542,https://www.google.com/maps/search/?api1&queryBebek%20Goreng%20Mak%20Wulan%20Suroboyo&query_place_idChIJb2VXRQA70i0RekbFxDGDcPU,Indonesian restaurant,True,False,True,False,False,False,False,2,Sedang,0,1,0,2
"Bebek Kang ""War"" Bumbu Hitam",5.0,4,Jl. Pulau Batam No.30,Tabanan Regency,,,https://www.google.com/maps/search/?api1&queryBebek%20Kang%20%22War%22%20Bumbu%20Hitam&query_place_idChIJE6IJSwA70i0RCOHs5dNJQ3Q,Indonesian restaurant,False,False,False,False,False,False,True,1,Rendah,0,0,1,3
Blide,5.0,3,"V4J5+36P, Unnamed Road",Buleleng Regency,,,https://www.google.com/maps/search/?api1&queryBlide&query_place_idChIJoexkNEyR0S0RyA2Y1YlYV4E,Indonesian restaurant,False,False,False,False,False,False,False,0,Rendah,0,0,1,3
Dapoer Ratu Bali,5.0,2,Jl. Sri Gunting,Tabanan Regency,,+62 819-3603-8567,https://www.google.com/maps/search/?api1&queryDapoer%20Ratu%20Bali&query_place_idChIJnRKaMiw70i0Rrzp9Hdrdkf0,Indonesian restaurant,True,False,True,False,False,False,True,3,Sedang,0,1,0,2
Dapur Tita,5.0,1,Gg. XVII No.34,Tabanan Regency,,+62 813-3876-2470,https://www.google.com/maps/search/?api1&queryDapur%20Tita&query_place_idChIJu3dxl8w70i0RKcKfnp3baA0,Indonesian restaurant,True,False,False,False,False,False,True,2,Sedang,0,1,0,2
Gerobak Apoy,5.0,1,"F456+5GF Alfamart Yeh Gangga, Jl. Yeh Gangga I",Tabanan Regency,,,https://www.google.com/maps/search/?api1&queryGerobak%20Apoy&query_place_idChIJhbPcZQA70i0RA3BhSYVE98Y,Indonesian restaurant,False,True,False,False,False,False,True,2,Sedang,0,0,1,3
"Kambing Singaraja ""Bli Gede""",5.0,4,Jl. WR Supratman No.41,Buleleng Regency,,,https://www.google.com/maps/search/?api1&queryKambing%20Singaraja%20%22Bli%20Gede%22&query_place_idChIJSZuhGACR0S0RbDGj_Q1PthM,Indonesian restaurant,False,True,False,False,False,False,False,1,Rendah,0,0,1,3
Kantin A'I,5.0,5,"V3JV+J33, Jl. Yudistira",Buleleng Regency,,,https://www.google.com/maps/search/?api1&queryKantin%20A'I&query_place_idChIJtUUoufOb0S0RipdsFXWn58Y,Indonesian restaurant,False,False,False,False,False,False,False,0,Rendah,0,0,1,3
Kedai popoh (seblak&masakan bandung),5.0,4,"V397+F8R, Gg. Bumi Indah III",Buleleng Regency,,+62 812-2330-1119,https://www.google.com/maps/search/?api1&queryKedai%20popoh%20(seblak%26masakan%20bandung)&query_place_idChIJbSbSUQCb0S0R-injwiTyhU4,Indonesian restaurant,False,False,False,False,False,False,False,0,Rendah,0,1,0,2
Mie Ayam & Bakso Mas Keling Cabang Singaraja,5.0,19,Jl. Laksamana No.113,Buleleng Regency,https://www.instagram.com/mieayambaksomaskeling?igshdjl6dnFqY2lmZWl0,+62 852-1718-6614,https://www.google.com/maps/search/?api1&queryMie%20Ayam%20%26%20Bakso%20Mas%20Keling%20Cabang%20Singaraja&query_place_idChIJ0ZmFWQCb0S0RJ13y8kOTJfw,Indonesian restaurant,True,False,False,False,False,True,False,2,Sedang,1,1,2,1
"Nasi Campur Babi ""Delod Setra Buleleng""",5.0,2,"V3HW+8HP, Gg. 4",Buleleng Regency,,,https://www.google.com/maps/search/?api1&queryNasi%20Campur%20Babi%20%22Delod%20Setra%20Buleleng%22&query_place_idChIJ0Rm9R82R0S0RBa5joZD5nmM,Indonesian restaurant,False,False,False,False,False,False,False,0,Rendah,0,0,1,3
Nasi Goreng Safira,5.0,1,Jl. A. Yani No.100d,Buleleng Regency,,,https://www.google.com/maps/search/?api1&queryNasi%20Goreng%20Safira&query_place_idChIJi566NgCb0S0RMGmubwK8zoo,Indonesian restaurant,False,False,False,False,False,False,False,0,Rendah,0,0,1,3
Nasi Kuning Bu Sri,5.0,1,"F427+742, Jl. Anyelir",Tabanan Regency,,,https://www.google.com/maps/search/?api1&queryNasi%20Kuning%20Bu%20Sri&query_place_idChIJwXsAzII70i0R-ALyOyHVWa0,Indonesian restaurant,True,False,False,False,False,False,True,2,Sedang,0,0,1,3
Nasi Kuning Gondrong,5.0,2,Jl. Kartini No.8,Buleleng Regency,,,https://www.google.com/maps/search/?api1&queryNasi%20Kuning%20Gondrong&query_place_idChIJSxjfWgCb0S0Rl8iYRKmqSfQ,Indonesian restaurant,False,False,False,False,False,False,False,0,Rendah,0,0,1,3
Pawon Mak Tjoen,5.0,1,"V3JC+824, Jl. Pantai Indah",Buleleng Regency,,+62 857-7960-4948,https://www.google.com/maps/search/?api1&queryPawon%20Mak%20Tjoen&query_place_idChIJd6CNQwCb0S0Rx6Ayn72O9hs,Indonesian restaurant,False,False,False,False,False,False,False,0,Rendah,0,1,0,2
Raja sambel barokah,5.0,1,Jl. Rajawali No.17,Tabanan Regency,,,https://www.google.com/maps/search/?api1&queryRaja%20sambel%20barokah&query_place_idChIJR95HaAA70i0Ry35OLJom-V4,Indonesian restaurant,False,False,False,False,False,False,False,0,Rendah,0,0,1,3
Sate Gule Madura Abang Radex,5.0,4,Jl. Jepun,Tabanan Regency,,+62 859-6407-2993,https://www.google.com/maps/search/?api1&querySate%20Gule%20Madura%20Abang%20Radex&query_place_idChIJJyo9-t870i0REBJY3Pjsg3c,Indonesian restaurant,True,False,False,False,False,False,True,2,Sedang,0,1,0,2
Tahu Tek Saparoa,5.0,1,"V3VQ+Q6M, Jl. Diponegoro",Buleleng Regency,,,https://www.google.com/maps/search/?api1&queryTahu%20Tek%20Saparoa&query_place_idChIJNT5vEACb0S0Reu_NCKJTEIs,Indonesian restaurant,False,False,False,False,False,False,False,0,Rendah,0,0,1,3
Tipat Tahu Gondrong,5.0,1,"F43F+XVG, Jl. Mawar",Tabanan Regency,,,https://www.google.com/maps/search/?api1&queryTipat%20Tahu%20Gondrong&query_place_idChIJi3EVLwA70i0Rvy3wh_3s-NE,Indonesian restaurant,False,False,False,False,False,False,False,0,Rendah,0,0,1,3
Warung Ar-Rahman,5.0,6,"W432+9C9, Jl. Pulau Buton-Singaraja",Buleleng Regency,,+62 878-7038-1846,https://www.google.com/maps/search/?api1&queryWarung%20Ar-Rahman&query_place_idChIJ-6JfVyqR0S0RuCnm28XpGs0,Indonesian restaurant,True,False,True,False,False,False,True,3,Sedang,0,1,0,2
Warung Babi Genyol Umasari Sangket,5.0,14,Jl. Sangket - Sukasada,Buleleng Regency,,+62 852-3647-6583,https://www.google.com/maps/search/?api1&queryWarung%20Babi%20Genyol%20Umasari%20Sangket&query_place_idChIJufbCXwCR0S0RGnHhdlUFMVY,Indonesian restaurant,True,False,True,False,False,True,False,3,Sedang,0,1,0,2
Warung bakso mas Sidik,5.0,2,V357+5CC,Buleleng Regency,,+62 877-5863-1837,https://www.google.com/maps/search/?api1&queryWarung%20bakso%20mas%20Sidik&query_place_idChIJVYBqMgCb0S0RHRTvYX13iI4,Indonesian restaurant,False,False,False,False,False,False,False,0,Rendah,0,1,0,2
Warung Bu Jaya,5.0,3,Jl. Gajah Mada No.133,Tabanan Regency,,+62 822-4742-1116,https://www.google.com/maps/search/?api1&queryWarung%20Bu%20Jaya&query_place_idChIJF5i7UQA70i0Rh-Tff_uoWks,Indonesian restaurant,False,False,False,False,False,False,False,0,Rendah,0,1,0,2
Warung catra,5.0,5,V4M8+FGR,Buleleng Regency,,+62 812-3757-8811,https://www.google.com/maps/search/?api1&queryWarung%20catra&query_place_idChIJ2WnNnr-R0S0RgOefMno-uF0,Indonesian restaurant,False,False,False,False,False,False,False,0,Rendah,0,1,0,2
Warung Dewangkara,5.0,1,Jl. Pantai Indah No.18,Buleleng Regency,,,https://www.google.com/maps/search/?api1&queryWarung%20Dewangkara&query_place_idChIJ2bYb-v2b0S0RR9ty7NURtns,Indonesian restaurant,False,False,False,False,False,False,False,0,Rendah,0,0,1,3
Warung Lestari,5.0,10,Jalan Seruni III No.20,Tabanan Regency,,,https://www.google.com/maps/search/?api1&queryWarung%20Lestari&query_place_idChIJJX7QJAA70i0RoF596YBW5yM,Indonesian restaurant,True,False,False,False,False,False,True,2,Sedang,0,0,1,3
Warung Makan Babi Guling Bu Wayan,5.0,7,"F46F+HQ2, Jl. Gajah Mada",Tabanan Regency,,+62 812-3990-6727,https://www.google.com/maps/search/?api1&queryWarung%20Makan%20Babi%20Guling%20Bu%20Wayan&query_place_idChIJEWJ3WQA70i0RXDtbdcsbCFg,Indonesian restaurant,True,False,False,False,False,False,False,1,Rendah,0,1,0,2
Warung Makan Budi 4,5.0,1,"W424+VQJ, Jl. WR Supratman",Buleleng Regency,,+62 877-6551-3118,https://www.google.com/maps/search/?api1&queryWarung%20Makan%20Budi%204&query_place_idChIJUWUdGQCR0S0RCVmM2xHWsP0,Indonesian restaurant,False,False,False,False,False,False,False,0,Rendah,0,1,0,2
WARUNG MIE AYAM BAKSO SUPER SOLO MAS YANTO,5.0,1,R3X3+G56,Buleleng Regency,,,https://www.google.com/maps/search/?api1&queryWARUNG%20MIE%20AYAM%20BAKSO%20SUPER%20SOLO%20MAS%20YANTO&query_place_idChIJ_Q9BSQCb0S0ROEvUOa_DIXc,Indonesian restaurant,False,False,False,False,False,False,True,1,Rendah,0,0,1,3
Warung Nasi Campur Babi Bali,5.0,1,Jl. A. Yani No.37,Buleleng Regency,,,https://www.google.com/maps/search/?api1&queryWarung%20Nasi%20Campur%20Babi%20Bali&query_place_idChIJGZD_sD-b0S0RK5MlyiigsZ8,Indonesian restaurant,False,False,False,False,False,False,False,0,Rendah,0,0,1,3
Warung Nasi Kuning Bu Reza,5.0,2,Jl. Ratna No.6,Tabanan Regency,,+62 853-3827-6581,https://www.google.com/maps/search/?api1&queryWarung%20Nasi%20Kuning%20Bu%20Reza&query_place_idChIJZweWCgA70i0R4dZJmDCV0B8,Indonesian restaurant,False,False,False,False,False,False,False,0,Rendah,0,1,0,2
WARUNG NGURAH ARDI,5.0,1,"V4W2+XXJ, Gg. Kedongdong",Buleleng Regency,,,https://www.google.com/maps/search/?api1&queryWARUNG%20NGURAH%20ARDI&query_place_idChIJ9xkKca-Q0S0RmtNiO5iXd_w,Indonesian restaurant,False,False,False,False,False,False,False,0,Rendah,0,0,1,3
Warung Wisma Lestari,5.0,2,Wisma Lestari,Buleleng Regency,,+62 821-4717-2558,https://www.google.com/maps/search/?api1&queryWarung%20Wisma%20Lestari&query_place_idChIJX2qoVACR0S0R62GurB3OArY,Indonesian restaurant,False,False,False,False,False,False,True,1,Rendah,0,1,0,2
Lalapan,5.0,1,"V4P5+R88, Jl. Setia Budi",Buleleng Regency,,,https://www.google.com/maps/search/?api1&queryLalapan&query_place_idChIJ6bEMfb2Q0S0Rb_d2K06OmS4,Javanese restaurant,False,False,False,False,False,False,False,0,Rendah,0,0,1,3
Warung Bu Gusti,5.0,1,Jl. Bisma No.2A,Buleleng Regency,,+62 852-3804-1817,https://www.google.com/maps/search/?api1&queryWarung%20Bu%20Gusti&query_place_idChIJXTW3WQib0S0RhNeD2xZyX7E,Javanese restaurant,True,False,False,True,False,False,True,3,Sedang,0,1,0,2
Warung Dapur Bumbu,5.0,2,Jl. Rambutan No.18,Tabanan Regency,,,https://www.google.com/maps/search/?api1&queryWarung%20Dapur%20Bumbu&query_place_idChIJMRr447s70i0RT7wnRS8fF7k,Javanese restaurant,False,False,False,False,False,False,False,0,Rendah,0,0,1,3
"Warung Jawa ""Inyong'e""",5.0,1,Jl. Jepun No.15C,Tabanan Regency,,+62 877-7449-7976,https://www.google.com/maps/search/?api1&queryWarung%20Jawa%20%22Inyong'e%22&query_place_idChIJebTkcBg70i0RxORROkd7AJo,Javanese restaurant,False,False,False,False,False,False,False,0,Rendah,0,1,0,2
Warung Jawa Genteng,5.0,2,"F439+833, Jl. Dr. Ir. Soekarno",Tabanan Regency,,+62 852-3003-3588,https://www.google.com/maps/search/?api1&queryWarung%20Jawa%20Genteng&query_place_idChIJb2kCIGg60i0RVS7SYpKEOTs,Javanese restaurant,False,False,False,False,False,False,False,0,Rendah,0,1,0,2
Warung Jawa Trenggalek,5.0,3,Jl. Dr. Ir. Soekarno No.31,Tabanan Regency,,+62 818-0541-4779,https://www.google.com/maps/search/?api1&queryWarung%20Jawa%20Trenggalek&query_place_idChIJw7aouWY60i0Rp0Po6FkaNnc,Javanese restaurant,False,False,False,False,False,False,False,0,Rendah,0,1,0,2
Warung Merta Sari Bu Yuyun,5.0,5,"F42C+CJX, Jl. Dr. Ir. Soekarno",Tabanan Regency,,+62 853-3715-3439,https://www.google.com/maps/search/?api1&queryWarung%20Merta%20Sari%20Bu%20Yuyun&query_place_idChIJH4U9sUM60i0RG6FX6GqT0NM,Javanese restaurant,False,False,False,False,False,False,True,1,Rendah,0,1,0,2
Warung Muslim Nasi Pecel Asli Madiun,5.0,1,Jl. Dr. Ir. Soekarno No.1,Tabanan Regency,,+62 813-3877-2800,https://www.google.com/maps/search/?api1&queryWarung%20Muslim%20Nasi%20Pecel%20Asli%20Madiun&query_place_idChIJrY22PGI60i0R9LlPV3CPNYw,Javanese restaurant,False,False,False,False,False,False,False,0,Rendah,0,1,0,2
Warung Putu,5.0,4,"Banjar Paketan, Jl. Veteran No.1",Buleleng Regency,,+62 877-6236-7396,https://www.google.com/maps/search/?api1&queryWarung%20Putu&query_place_idChIJycuVq3OR0S0RUgqx5-Qznug,Javanese restaurant,True,False,False,False,False,False,True,2,Sedang,0,1,0,2
Warung Rujak,5.0,2,V38C+X85,Buleleng Regency,,,https://www.google.com/maps/search/?api1&queryWarung%20Rujak&query_place_idChIJSZsAGg6b0S0R76GkeXqy4hk,Javanese restaurant,False,False,False,False,False,False,True,1,Rendah,0,0,1,3
Warung Sederhana Banyuwangi,5.0,2,Jl. Rambutan No.10-A,Tabanan Regency,,,https://www.google.com/maps/search/?api1&queryWarung%20Sederhana%20Banyuwangi&query_place_idChIJERCttkY60i0RXrqT1dKeROQ,Javanese restaurant,True,False,False,False,False,False,True,2,Sedang,0,0,1,3
Martabak 58,5.0,1,Jl. Mawar No.58,Tabanan Regency,,,https://www.google.com/maps/search/?api1&queryMartabak%2058&query_place_idChIJvx3OlU470i0R-pwRwuzf4q0,Murtabak restaurant,False,False,False,False,False,False,True,1,Rendah,0,0,1,3
Martabak Oishii Banyuning,5.0,2,Jalan Setiabudi 99x Banyuning timur Singaraja Bali,Buleleng Regency,https://www.facebook.com/martabakoishii2022,+62 819-9909-5493,https://www.google.com/maps/search/?api1&queryMartabak%20Oishii%20Banyuning&query_place_idChIJ3VHqIyuR0S0RBJm2s0TUG_Y,Murtabak restaurant,True,False,True,False,False,False,True,3,Sedang,1,1,2,1
Just Simple Club,5.0,11,Jl. Pantai Asri No.10,Buleleng Regency,,+62 853-8501-0141,https://www.google.com/maps/search/?api1&queryJust%20Simple%20Club&query_place_idChIJ_wuKXACb0S0RyBuTHRq-n4k,Nail salon,True,False,False,False,False,False,False,1,Rendah,0,1,0,2
Nasi Campur Musri cabang Seririt,5.0,1,Jl. Teleng No.19,Buleleng Regency,,,https://www.google.com/maps/search/?api1&queryNasi%20Campur%20Musri%20cabang%20Seririt&query_place_idChIJD1L-HzGb0S0RDRzETjWCzG4,Nasi goreng restaurant,False,False,False,False,False,False,False,0,Rendah,0,0,1,3
Nasi Tempong BWI,5.0,3,Jl. Mawar No.54,Tabanan Regency,,+62 877-6106-7766,https://www.google.com/maps/search/?api1&queryNasi%20Tempong%20BWI&query_place_idChIJPQm-_kM60i0Rjq6V4eDuNc0,Nasi goreng restaurant,False,False,False,False,False,False,False,0,Rendah,0,1,0,2
Warung Mbok Kadek,5.0,4,V3VM+F2R,Buleleng Regency,,+62 878-6300-0528,https://www.google.com/maps/search/?api1&queryWarung%20Mbok%20Kadek&query_place_idChIJ6euDhDub0S0R24lE28md-nI,Nasi goreng restaurant,False,False,False,False,False,False,False,0,Rendah,0,1,0,2
Warung putu,5.0,2,Jl. P. Seribu No.8,Tabanan Regency,,+62 812-3991-3132,https://www.google.com/maps/search/?api1&queryWarung%20putu&query_place_idChIJndXwXw870i0RE-N07eL6-2I,Nasi goreng restaurant,False,False,False,False,False,False,False,0,Rendah,0,1,0,2
WR. Kalimantan,5.0,3,"F45F+68P, Jl. Anggrek",Tabanan Regency,,+62 821-4658-1876,https://www.google.com/maps/search/?api1&queryWR.%20Kalimantan&query_place_idChIJaT_Odlw60i0R0EZ4ArQVi7Y,Nasi goreng restaurant,False,False,False,False,False,False,False,0,Rendah,0,1,0,2
Angkringan DELVIN,5.0,2,Jl. Serma Karma No.88,Buleleng Regency,,+62 878-9187-6400,https://www.google.com/maps/search/?api1&queryAngkringan%20DELVIN&query_place_idChIJuzX4uCeb0S0Rbjo1IvXqfm0,Nasi restaurant,False,False,False,False,False,False,False,0,Rendah,0,1,0,2
LALAPAN MBAK SITI,5.0,2,Jl. Bukit Indah Gg. V No.6,Buleleng Regency,,+62 857-3979-1401,https://www.google.com/maps/search/?api1&queryLALAPAN%20MBAK%20SITI&query_place_idChIJqwBG5sib0S0Ra5auS5j9UXc,Nasi restaurant,False,False,False,False,False,False,True,1,Rendah,0,1,0,2
Lawar Dolong Pak Made,5.0,7,"V389+CQF, Jl. Dewa Putu Kerta",Buleleng Regency,,+62 857-3713-5013,https://www.google.com/maps/search/?api1&queryLawar%20Dolong%20Pak%20Made&query_place_idChIJydE7_GCb0S0R5sg7H3NdxyY,Nasi restaurant,False,False,False,False,False,False,False,0,Rendah,0,1,0,2
Nasi Ayam Betutu Aji Rame,5.0,1,Jl. Cendrawasih Banjar Jambe Baleran No.27,Tabanan Regency,,+62 831-1502-1266,https://www.google.com/maps/search/?api1&queryNasi%20Ayam%20Betutu%20Aji%20Rame&query_place_idChIJ5b4ee8U70i0RNRkdg73RnZI,Nasi restaurant,False,True,True,False,False,False,True,3,Sedang,0,1,0,2
Nasi goreng pak De,5.0,1,Jl. Mawar No.117,Tabanan Regency,,,https://www.google.com/maps/search/?api1&queryNasi%20goreng%20pak%20De&query_place_idChIJ6xVlMQA70i0RyORvsXoX3Kc,Nasi restaurant,False,False,False,False,False,False,True,1,Rendah,0,0,1,3
nasi jinggo cak nur,5.0,1,"F42F+XPM, Jl. Mawar",Tabanan Regency,,+62 859-6420-1241,https://www.google.com/maps/search/?api1&querynasi%20jinggo%20cak%20nur&query_place_idChIJTX2HVQA70i0Ro4LdYV-S_Rc,Nasi restaurant,False,False,False,False,False,False,False,0,Rendah,0,1,0,2
nasi jinggo pak gede,5.0,1,"perempatan grogak, Rm. padang Bundo, Jl. By pass Jl. Dr. Ir. Soekarno No.10",Tabanan Regency,,+62 812-3970-8973,https://www.google.com/maps/search/?api1&querynasi%20jinggo%20pak%20gede&query_place_idChIJJ3EZDas70i0RnoPEG6D-SsY,Nasi restaurant,False,False,False,False,False,False,True,1,Rendah,0,1,0,2
Paon dadong d tegal,5.0,1,Gg. XII No.10,Tabanan Regency,,+62 877-5858-2030,https://www.google.com/maps/search/?api1&queryPaon%20dadong%20d%20tegal&query_place_idChIJPfYqMV870i0RNEm009bA4Tk,Nasi restaurant,True,False,False,False,False,False,False,1,Rendah,0,1,0,2
Pd. Ayam Geprek Sambeljontor,5.0,1,Jl. Srikandi No.8,Buleleng Regency,,+62 878-6300-2378,https://www.google.com/maps/search/?api1&queryPd.%20Ayam%20Geprek%20Sambeljontor&query_place_idChIJw5MeGh2b0S0RITB-dd7jdEM,Nasi restaurant,False,False,False,False,False,False,True,1,Rendah,0,1,0,2
Posisi mobil,5.0,1,"F429+XJG, Jl. Dr. Ir. Soekarno",Tabanan Regency,,,https://www.google.com/maps/search/?api1&queryPosisi%20mobil&query_place_idChIJOcJIlGI70i0RJlV43nl-X6w,Nasi restaurant,False,False,False,False,False,False,False,0,Rendah,0,0,1,3
"TIPAT GULA AREN 1 ""BU DAYU""",5.0,2,"Samping RS BaliMed, Jl. Gn. Lempuyang",Buleleng Regency,,+62 881-0380-14875,https://www.google.com/maps/search/?api1&queryTIPAT%20GULA%20AREN%201%20%22BU%20DAYU%22&query_place_idChIJOalNfeWb0S0RKmBznpFPP28,Nasi restaurant,False,False,False,False,False,False,False,0,Rendah,0,1,0,2
"Warung ""Bb"" (Bu Bagus)",5.0,11,,Tabanan Regency,,+62 878-6077-0059,https://www.google.com/maps/search/?api1&queryWarung%20%22Bb%22%20(Bu%20Bagus)&query_place_idChIJOZ0uVPM60i0RRllsapxqEjw,Nasi restaurant,False,False,False,False,False,False,False,0,Rendah,0,1,0,2
Warung Bu Jowo Muslim,5.0,3,Pasar,Tabanan Regency,,+62 812-4634-4765,https://www.google.com/maps/search/?api1&queryWarung%20Bu%20Jowo%20Muslim&query_place_idChIJU7sr0ac70i0RXM4xB0x54XY,Nasi restaurant,True,False,False,False,False,False,True,2,Sedang,0,1,0,2
Warung Bukit Indah 14,5.0,4,Jl. Bukit Indah,Buleleng Regency,,,https://www.google.com/maps/search/?api1&queryWarung%20Bukit%20Indah%2014&query_place_idChIJs-cZQmia0S0RygdUaKdSNfE,Nasi restaurant,False,False,False,False,False,False,False,0,Rendah,0,0,1,3
Warung dek lalit,5.0,1,Jl. Jelantik Gingsir,Buleleng Regency,,+62 838-4836-5415,https://www.google.com/maps/search/?api1&queryWarung%20dek%20lalit&query_place_idChIJPXhfs22R0S0RYEPxZ-XVfs4,Nasi restaurant,False,False,False,False,False,False,False,0,Rendah,0,1,0,2
WARUNG JUNA,5.0,1,Jl. Samratulangi No.64,Buleleng Regency,,+62 831-1927-8502,https://www.google.com/maps/search/?api1&queryWARUNG%20JUNA&query_place_idChIJJ9zkbW6R0S0Rf-FW1wIR2xI,Nasi restaurant,True,False,False,False,False,False,True,2,Sedang,0,1,0,2
Warung k,5.0,2,Jl. Srikandi No.12,Buleleng Regency,,+62 852-3884-3300,https://www.google.com/maps/search/?api1&queryWarung%20k&query_place_idChIJByJlMgCb0S0RDq32VeyFh-o,Nasi restaurant,False,False,False,False,False,False,False,0,Rendah,0,1,0,2
Warung lalapan mas gilang,5.0,1,samping dealer yamaha agung motor,Tabanan Regency,,+62 853-3927-3054,https://www.google.com/maps/search/?api1&queryWarung%20lalapan%20mas%20gilang&query_place_idChIJPSgcTtE70i0RoOrkrFptAK4,Nasi restaurant,False,False,False,False,False,False,False,0,Rendah,0,1,0,2
Warung Mak sun,5.0,1,"C4RC+P28, Jl. Kebo Iwa Bongan No.10",Tabanan Regency,,+62 857-3966-7029,https://www.google.com/maps/search/?api1&queryWarung%20Mak%20sun&query_place_idChIJs5hbeAA70i0Rylca7Nmh0Zc,Nasi restaurant,False,False,False,False,False,False,True,1,Rendah,0,1,0,2
Warung makan bali,5.0,1,Jl. Anggrek BR Delodrurung No.9,Tabanan Regency,,+62 813-3943-4908,https://www.google.com/maps/search/?api1&queryWarung%20makan%20bali&query_place_idChIJQ83tyEs70i0RD9Kw_mF1g4c,Nasi restaurant,False,False,False,False,False,False,False,0,Rendah,0,1,0,2
Warung Makan Bu Jero,5.0,3,Jl. Gajah Mada No.132,Tabanan Regency,,+62 878-6160-3077,https://www.google.com/maps/search/?api1&queryWarung%20Makan%20Bu%20Jero&query_place_idChIJw3Sk2l460i0RAEEw0qszwak,Nasi restaurant,False,False,False,False,False,False,True,1,Rendah,0,1,0,2
Warung Nasi Be Manis,5.0,1,Jl. P. Seribu No.21,Tabanan Regency,,+62 822-4780-2425,https://www.google.com/maps/search/?api1&queryWarung%20Nasi%20Be%20Manis&query_place_idChIJya5Ov1860i0RNWzNBnRHGUY,Nasi restaurant,True,False,False,False,False,False,True,2,Sedang,0,1,0,2
Warung Nasi Buk Egar,5.0,2,V3CG+G8W,Buleleng Regency,,,https://www.google.com/maps/search/?api1&queryWarung%20Nasi%20Buk%20Egar&query_place_idChIJn_Hvm2aa0S0RoQn1V9dQJ58,Nasi restaurant,False,False,False,False,False,False,False,0,Rendah,0,0,1,3
Warung Nasi Sari Ratna (Bu Ayuk Cegir),5.0,2,"Pasar Manik Pala, Dalam Jl. Kutilang",Tabanan Regency,,+62 877-6325-0491,https://www.google.com/maps/search/?api1&queryWarung%20Nasi%20Sari%20Ratna%20(Bu%20Ayuk%20Cegir)&query_place_idChIJ62w8sbw70i0RbXCJEWaziSs,Nasi restaurant,True,False,False,False,False,False,False,1,Rendah,0,1,0,2
WR MUPU (Lawar Klungah),5.0,3,Jl. Anggrek No.7,Tabanan Regency,,,https://www.google.com/maps/search/?api1&queryWR%20MUPU%20(Lawar%20Klungah)&query_place_idChIJH_S_CQA70i0RKfqmCHkOyak,Nasi restaurant,False,False,False,False,False,False,False,0,Rendah,0,0,1,3
WR. Nasi Campur Bali & SIOBAK,5.0,2,"F47F+H5G, Jl. Cendrawasih",Tabanan Regency,,+62 878-1822-9060,https://www.google.com/maps/search/?api1&queryWR.%20Nasi%20Campur%20Bali%20%26%20SIOBAK&query_place_idChIJjWV0bQA70i0Rxk8RzPh9ltY,Nasi restaurant,False,False,False,False,False,False,False,0,Rendah,0,1,0,2
WR. Nasi Campur Bu Antari,5.0,2,Jl. Setia Budi,Buleleng Regency,,+62 821-4697-2997,https://www.google.com/maps/search/?api1&queryWR.%20Nasi%20Campur%20Bu%20Antari&query_place_idChIJW6o3j_aR0S0Rox4XoXHGHsU,Nasi restaurant,False,False,False,False,False,False,False,0,Rendah,0,1,0,2
Warung buk lopes,5.0,3,Gg. Delima No.3,Buleleng Regency,,,https://www.google.com/maps/search/?api1&queryWarung%20buk%20lopes&query_place_idChIJh2buCKWb0S0RmVg3WTVfUoA,Raw food restaurant,False,False,False,False,False,False,False,0,Rendah,0,0,1,3
(AKe) Angkringan kepundung,5.0,2,"No.4 blok B, Gg. Kepundung",Buleleng Regency,,+62 812-3685-0003,https://www.google.com/maps/search/?api1&query(AKe)%20Angkringan%20kepundung&query_place_idChIJ-UZpYYub0S0R12EtMkUz-D0,Restaurant,False,False,False,False,False,False,False,0,Rendah,0,1,0,2
Angkringan 99X,5.0,10,Jl. Pantai Kerobokan,Buleleng Regency,,+62 819-3634-5333,https://www.google.com/maps/search/?api1&queryAngkringan%2099X&query_place_idChIJSbctQgCX0S0RDcPd6v3bMwY,Restaurant,True,False,False,False,False,False,False,1,Rendah,0,1,0,2
Angkringan Mula Keto,5.0,2,Jl. WR Supratman No.206-211,Buleleng Regency,https://instagram.com/mula.keto?igshidYmMyMTA2M2Y,+62 818-0567-6968,https://www.google.com/maps/search/?api1&queryAngkringan%20Mula%20Keto&query_place_idChIJmZhBgVyR0S0RtfTGVWbZWq8,Restaurant,True,False,False,False,False,False,False,1,Rendah,1,1,2,1
ASTA'S KITCHEN,5.0,2,"Br. Dinas Kutuh, Jl. Raya Kutuh Kelod ( Perumahan Polri",Tabanan Regency,,+62 813-3802-0145,https://www.google.com/maps/search/?api1&queryASTA'S%20KITCHEN&query_place_idChIJP1q5Nxc70i0RY_KKY1vmP24,Restaurant,True,False,True,False,False,False,False,2,Sedang,0,1,0,2
Babi Genyol Pan Sura,5.0,1,Jl. Sahadewa No.9,Buleleng Regency,,+62 877-6178-1999,https://www.google.com/maps/search/?api1&queryBabi%20Genyol%20Pan%20Sura&query_place_idChIJSetgTuyb0S0RLtGRWtn4hx8,Restaurant,False,False,False,False,False,False,False,0,Rendah,0,1,0,2
BAKSO CAK RURY,5.0,1,"B No, Jl. Mawar B No.2",Tabanan Regency,,,https://www.google.com/maps/search/?api1&queryBAKSO%20CAK%20RURY&query_place_idChIJ0bdOAT860i0RdQst4mon7DY,Restaurant,False,False,False,False,False,False,False,0,Rendah,0,0,1,3
Bakso Lestari Dauh Peken,5.0,1,Jln Anyelir III No.5,Tabanan Regency,,+62 812-3906-3197,https://www.google.com/maps/search/?api1&queryBakso%20Lestari%20Dauh%20Peken&query_place_idChIJ2QiyhY470i0RObRW693G7sQ,Restaurant,False,False,False,False,False,False,False,0,Rendah,0,1,0,2
Bali 338,5.0,1,Jl. Mawar No.56-54,Tabanan Regency,,+62 877-8995-560,https://www.google.com/maps/search/?api1&queryBali%20338&query_place_idChIJNfsm1aQ70i0RDbmjKDyJN7A,Restaurant,False,False,False,False,False,False,False,0,Rendah,0,1,0,2
Be genyol men doble,5.0,1,Jl. Ceroring No.11,Tabanan Regency,,,https://www.google.com/maps/search/?api1&queryBe%20genyol%20men%20doble&query_place_idChIJh8O6duI70i0REs6JcmrypW8,Restaurant,False,False,False,False,False,False,False,0,Rendah,0,0,1,3
Bebek goreng wijaya,5.0,14,Jl bypas Jl. Dr. Ir. Soekarno No.br,Tabanan Regency,,+62 821-4784-7696,https://www.google.com/maps/search/?api1&queryBebek%20goreng%20wijaya&query_place_idChIJbxWdx3M70i0RXPLPRKnOwl8,Restaurant,True,False,False,False,False,False,True,2,Sedang,0,1,0,2
Beryl's Kitchen_,5.0,4,"Perumahan Lestari, Lestari 2 No.mor 9",Buleleng Regency,,+62 881-0380-23311,https://www.google.com/maps/search/?api1&queryBeryl's%20Kitchen_&query_place_idChIJOY-2wlub0S0Rn-nmMHx_Iis,Restaurant,False,False,False,False,False,False,False,0,Rendah,0,1,0,2
Betutu Panggang Singaraja,5.0,41,R3V4+H7,Buleleng Regency,,+62 878-5101-8149,https://www.google.com/maps/search/?api1&queryBetutu%20Panggang%20Singaraja&query_place_idChIJKVYSpeSb0S0RkzZDqBXUddo,Restaurant,True,False,False,False,False,False,True,2,Sedang,0,1,0,2
Boomba,5.0,1,"V3MX+G9R, Jl. Gempol",Buleleng Regency,,+62 822-2651-5195,https://www.google.com/maps/search/?api1&queryBoomba&query_place_idChIJWSXGqa6R0S0RvDvt-QLaU34,Restaurant,False,False,False,False,False,False,False,0,Rendah,0,1,0,2
By yoomell enjoymojito,5.0,1,V4M5+6JJ,Buleleng Regency,,+62 857-3878-8235,https://www.google.com/maps/search/?api1&queryBy%20yoomell%20enjoymojito&query_place_idChIJIdy6x_iR0S0Rv_R0qRCyD08,Restaurant,False,False,False,False,False,False,False,0,Rendah,0,1,0,2
Cafetaria ER,5.0,1,"Grya, Jl. Kumba Karna No.11 Blok B",Buleleng Regency,,,https://www.google.com/maps/search/?api1&queryCafetaria%20ER&query_place_idChIJhXEK-rSb0S0RzNFSCCmEJUg,Restaurant,False,False,False,False,False,False,False,0,Rendah,0,0,1,3
Ceker Marah - Warung Asyurra - Asyurra Food Station,5.0,1,No Jl. Dr. Ir. Soekarno No.75X,Tabanan Regency,,+62 813-3890-2428,https://www.google.com/maps/search/?api1&queryCeker%20Marah%20-%20Warung%20Asyurra%20-%20Asyurra%20Food%20Station&query_place_idChIJl4k3skM60i0RHdX0e_aLyjE,Restaurant,False,False,False,False,False,False,False,0,Rendah,0,1,0,2
D'Krispy Kuliner (Home Made),5.0,1,C4RF+PXQ,Tabanan Regency,,+62 896-8656-6903,https://www.google.com/maps/search/?api1&queryD'Krispy%20Kuliner%20(Home%20Made)&query_place_idChIJm-35_BU70i0ROo2xeBSGMc4,Restaurant,False,False,False,False,False,False,False,0,Rendah,0,1,0,2
D'Waris Kitchen & Bar,5.0,1,Jl. Teratai No.81,Tabanan Regency,,,https://www.google.com/maps/search/?api1&queryD'Waris%20Kitchen%20%26%20Bar&query_place_idChIJfVV6yQ070i0RmIG9RxnqgiY,Restaurant,False,False,False,False,False,False,False,0,Rendah,0,0,1,3
DapoerMaha,5.0,1,Jl. Gn. Batukaru No.18A,Buleleng Regency,,,https://www.google.com/maps/search/?api1&queryDapoerMaha&query_place_idChIJzXc3GKWR0S0RISW9mtjVi9U,Restaurant,False,False,False,False,False,False,False,0,Rendah,0,0,1,3
Dapur Artini,5.0,1,Jl. Gempol No : 78,Buleleng Regency,,+62 853-3747-9252,https://www.google.com/maps/search/?api1&queryDapur%20Artini&query_place_idChIJ_bBYkpiQ0S0R3pLg44Zs-O4,Restaurant,False,False,False,False,False,False,False,0,Rendah,0,1,0,2
Dapur Mama Nora,5.0,2,Kutuh Residence C1,Tabanan Regency,,,https://www.google.com/maps/search/?api1&queryDapur%20Mama%20Nora&query_place_idChIJJ8ah-l070i0R07uwhLzphho,Restaurant,False,False,False,False,False,False,False,0,Rendah,0,0,1,3
DIMSUM & MINUMAN,5.0,5,Jl. Pahlawan No.55,Buleleng Regency,,+62 812-3760-262,https://www.google.com/maps/search/?api1&queryDIMSUM%20%26%20MINUMAN&query_place_idChIJef3gGwCb0S0RLlgeNQ3CoLE,Restaurant,False,False,False,False,False,False,False,0,Rendah,0,1,0,2
Dimsum 31 A. Yani,5.0,2,Jl. A. Yani No.55b,Buleleng Regency,,+62 881-0375-01905,https://www.google.com/maps/search/?api1&queryDimsum%2031%20A.%20Yani&query_place_idChIJmWP4KwSb0S0Ry-n6L3xvQjE,Restaurant,False,False,False,False,False,False,False,0,Rendah,0,1,0,2
Dkriuk Banyuning,5.0,12,Jl. Setia Budi No.20,Buleleng Regency,,+62 858-5821-1236,https://www.google.com/maps/search/?api1&queryDkriuk%20Banyuning&query_place_idChIJTbIOZHiR0S0RGFefE2z2C0s,Restaurant,False,False,False,False,False,False,False,0,Rendah,0,1,0,2
Food And Delicious,5.0,1,"F459+52H, Jl. Teratai Gg. XVII",Tabanan Regency,,+62 831-1728-0157,https://www.google.com/maps/search/?api1&queryFood%20And%20Delicious&query_place_idChIJDVk5JwI70i0RNXpbMSY5lu0,Restaurant,False,False,False,False,False,False,False,0,Rendah,0,1,0,2
fruit corner,5.0,2,"V33R+V6W, Jalan surapati",Buleleng Regency,,+62 857-3934-2332,https://www.google.com/maps/search/?api1&queryfruit%20corner&query_place_idChIJX10IWlab0S0Rd5oMJO3R8Ek,Restaurant,False,False,False,False,False,False,False,0,Rendah,0,1,0,2
Gojinggo,5.0,2,Jl. A. Yani No.286,Buleleng Regency,,,https://www.google.com/maps/search/?api1&queryGojinggo&query_place_idChIJjYsOMgCb0S0RcIpw-TRNhWk,Restaurant,False,False,False,False,False,False,False,0,Rendah,0,0,1,3
Gold Cake Tabanan,5.0,6,Jl. Anggrek No. 15 b,Tabanan Regency,https://www.instagram.com/goldcaketabanan,+62 877-6018-3140,https://www.google.com/maps/search/?api1&queryGold%20Cake%20Tabanan&query_place_idChIJFx7t-E470i0RBJMxAsh2MKw,Restaurant,True,False,False,False,False,False,False,1,Rendah,1,1,2,1
Kedai Mama Theo,5.0,2,"The Royal Griya, Blk. G",Tabanan Regency,,+62 859-3674-0939,https://www.google.com/maps/search/?api1&queryKedai%20Mama%20Theo&query_place_idChIJceHVAd870i0RNkTbHpJ8yzk,Restaurant,False,False,False,False,False,False,False,0,Rendah,0,1,0,2
Kedai Mini Al Medani,5.0,1,Jl. Patimura No.7M,Buleleng Regency,,+62 817-5188-882,https://www.google.com/maps/search/?api1&queryKedai%20Mini%20Al%20Medani&query_place_idChIJ01ub5Qua0S0Rkej9vER2nX4,Restaurant,False,False,False,False,False,False,False,0,Rendah,0,1,0,2
Kedai Pasutri,5.0,3,Jl. Mawar No.140,Tabanan Regency,,,https://www.google.com/maps/search/?api1&queryKedai%20Pasutri&query_place_idChIJ-cbqewA70i0REjYKDorfIM4,Restaurant,False,False,False,False,False,False,False,0,Rendah,0,0,1,3
Kitchen fresh Bali,5.0,1,V433+CHW,Buleleng Regency,,,https://www.google.com/maps/search/?api1&queryKitchen%20fresh%20Bali&query_place_idChIJs8SuHMSR0S0Rx6RnwF9aRIg,Restaurant,False,False,False,False,False,False,False,0,Rendah,0,0,1,3
Lalapan Laris Manis,5.0,3,"W449+X78, Jl. WR Supratman",Singaraja,,+62 859-3513-2572,https://www.google.com/maps/search/?api1&queryLalapan%20Laris%20Manis&query_place_idChIJC3KDJ_aR0S0Rtl-tFkJrYbA,Restaurant,False,False,False,False,False,False,True,1,Rendah,0,1,0,2
"lalapan""MOJOPAHIT""",5.0,1,Jl. Rajawali No.17,Tabanan Regency,,+62 857-3986-1425,https://www.google.com/maps/search/?api1&querylalapan%22MOJOPAHIT%22&query_place_idChIJv_yGblM70i0RhDFR0MohBzc,Restaurant,False,False,False,False,False,False,False,0,Rendah,0,1,0,2
Lawar Balung Pak Terang,5.0,5,"V3MJ+7FF, Jl. Sudirman",Buleleng Regency,,,https://www.google.com/maps/search/?api1&queryLawar%20Balung%20Pak%20Terang&query_place_idChIJJ-N-Equb0S0RZgWpUxhlZaM,Restaurant,False,False,False,False,False,False,False,0,Rendah,0,0,1,3
LOESTY KITCHEN,5.0,1,Jl. Sandat No.2,Tabanan Regency,https://www.instagram.com/loesty.kitchen,+62 857-3928-2920,https://www.google.com/maps/search/?api1&queryLOESTY%20KITCHEN&query_place_idChIJDa5HyfA70i0R6DZyf05AaVs,Restaurant,True,False,False,False,False,False,False,1,Rendah,1,1,2,1
Lontong Medan & Bakmie Ayam,5.0,2,Gg. XVI Jl. Teratai,Tabanan Regency,,+62 856-0224-5477,https://www.google.com/maps/search/?api1&queryLontong%20Medan%20%26%20Bakmie%20Ayam&query_place_idChIJc8J9d0870i0RjC4ATvr5RX4,Restaurant,False,False,False,False,False,False,False,0,Rendah,0,1,0,2
MANADO-FOOD BETLEHM TABANAN,5.0,15,Jl. Pd. Shanti No.F6,Tabanan Regency,,+62 812-3968-1122,https://www.google.com/maps/search/?api1&queryMANADO-FOOD%20BETLEHM%20TABANAN&query_place_idChIJ2UaYOuw70i0RiQd9yXrZwFw,Restaurant,False,False,False,False,False,False,False,0,Rendah,0,1,0,2
Manik Selaka,5.0,2,"F464+2F7, Jl. Garuda",Tabanan Regency,,,https://www.google.com/maps/search/?api1&queryManik%20Selaka&query_place_idChIJFeBvZYQ70i0R5-004U70xVk,Restaurant,False,False,False,False,False,False,False,0,Rendah,0,0,1,3
Mongmong Kitchen,5.0,2,Jl. Mawar No.100,Tabanan Regency,,+62 813-3735-2199,https://www.google.com/maps/search/?api1&queryMongmong%20Kitchen&query_place_idChIJS4XBuNU70i0RcJmccQxRpHE,Restaurant,False,False,False,False,False,False,False,0,Rendah,0,1,0,2
Nasi Bali Bu Sari,5.0,2,"Jalan Gajah Mada No. 62, Astina, Kel, Buleleng (Pagar biru no.62",Buleleng Regency,,+62 895-0395-5414,https://www.google.com/maps/search/?api1&queryNasi%20Bali%20Bu%20Sari&query_place_idChIJ-3nEDPWR0S0RZMHqy_IxAXE,Restaurant,False,False,False,False,False,False,False,0,Rendah,0,1,0,2
Nasi Campur I,5.0,2,"F47F+H7V, Gg. I",Tabanan Regency,,+62 813-3868-6829,https://www.google.com/maps/search/?api1&queryNasi%20Campur%20I&query_place_idChIJGR6NbF860i0RPHTBzMyqhKM,Restaurant,False,False,False,False,False,False,False,0,Rendah,0,1,0,2
New Brutal Bakso & Mie Ayam,5.0,2,"F477+MHQ, Jl. Pulau Batam No.22",Tabanan Regency,,,https://www.google.com/maps/search/?api1&queryNew%20Brutal%20Bakso%20%26%20Mie%20Ayam&query_place_idChIJIxwW2GE60i0RG2NGI3QhZIM,Restaurant,False,False,False,False,False,False,False,0,Rendah,0,0,1,3
Noni Kitchen,5.0,4,Jl. Bedugul Sel. Asri Jl. Cemp. Putih No.31,Tabanan Regency,,+62 822-3635-5113,https://www.google.com/maps/search/?api1&queryNoni%20Kitchen&query_place_idChIJ8RzMQRw70i0RIl2HnSo-F8s,Restaurant,False,False,False,False,False,False,False,0,Rendah,0,1,0,2
Paon Rika,5.0,1,Jl. Mawar No.44,Tabanan Regency,,+62 813-3722-5406,https://www.google.com/maps/search/?api1&queryPaon%20Rika&query_place_idChIJcQ9-ekY70i0RYrKDM0n1foE,Restaurant,False,False,False,False,False,False,False,0,Rendah,0,1,0,2
Pojok jepun,5.0,1,F45C+2W7,Tabanan Regency,,,https://www.google.com/maps/search/?api1&queryPojok%20jepun&query_place_idChIJD5iVVVA70i0RGs6J0sDcQ0U,Restaurant,False,False,False,False,False,False,False,0,Rendah,0,0,1,3
Pondok Tempong Buleleng,5.0,3,Jl. A. Yani No.109,Buleleng Regency,https://www.instagram.com/pondoktempong?igshNWdnN29xdHMwb3J3,+62 813-3385-5891,https://www.google.com/maps/search/?api1&queryPondok%20Tempong%20Buleleng&query_place_idChIJvaK1bL2b0S0RDjngrtrA5zE,Restaurant,True,False,False,False,False,False,False,1,Rendah,1,1,2,1
RAIZA GORENGAN,5.0,2,Jl. Dr. Ir. Soekarno No.1935,Tabanan Regency,,,https://www.google.com/maps/search/?api1&queryRAIZA%20GORENGAN&query_place_idChIJoVIh4GM60i0RusTw0yDRsJo,Restaurant,False,False,False,False,False,False,False,0,Rendah,0,0,1,3
Sate Tongseng Kambing,5.0,2,"F439+63R, Jl. Dr. Ir. Soekarno",Tabanan Regency,,+62 899-3141-020,https://www.google.com/maps/search/?api1&querySate%20Tongseng%20Kambing&query_place_idChIJQ1LWumo70i0RnjixuCkyeQI,Restaurant,False,False,False,False,False,False,False,0,Rendah,0,1,0,2
Sei Ku,5.0,3,"Jl anyelir VII, griya Beji Pancoran Keler, blok A no 2 B",Tabanan Regency,,+62 823-4088-6601,https://www.google.com/maps/search/?api1&querySei%20Ku&query_place_idChIJE1gJIgA70i0RCXraYMogipQ,Restaurant,False,False,False,False,False,False,False,0,Rendah,0,1,0,2
Sendok Senja restaurant,5.0,1,R4W8+HXP,Buleleng Regency,,,https://www.google.com/maps/search/?api1&querySendok%20Senja%20restaurant&query_place_idChIJy7xZQgCR0S0R1zJxUS-guI0,Restaurant,False,False,False,False,False,False,False,0,Rendah,0,0,1,3
UMAH KEBO NANG DARMA,5.0,8,"Gedung UNACOB Nusantara, Jl. Rajawali No.77",Tabanan Regency,,,https://www.google.com/maps/search/?api1&queryUMAH%20KEBO%20NANG%20DARMA&query_place_idChIJ5XLVXlk70i0RMN2jLha9FYI,Restaurant,False,False,False,False,False,False,False,0,Rendah,0,0,1,3
WAROENG TALIWANG SINGARAJA,5.0,1,Jl. Gajah Mada,Buleleng Regency,,+62 362 25018,https://www.google.com/maps/search/?api1&queryWAROENG%20TALIWANG%20SINGARAJA&query_place_idChIJ01RVVVUh0i0RxjZ-nEt-fK0,Restaurant,True,False,False,False,False,False,False,1,Rendah,0,1,0,2
Warung Bang Aga,5.0,1,Jl. Merdeka No.18 Blok N,Tabanan Regency,,+62 878-8728-4784,https://www.google.com/maps/search/?api1&queryWarung%20Bang%20Aga&query_place_idChIJkSvID5E70i0RKV7FkYhEEC4,Restaurant,False,False,False,False,False,False,False,0,Rendah,0,1,0,2
Warung Banjoe,5.0,16,Jl. Pantai Penimbangan,Buleleng Regency,,+62 877-6517-2643,https://www.google.com/maps/search/?api1&queryWarung%20Banjoe&query_place_idChIJS_dEQIWb0S0RyPDyM-qysFE,Restaurant,True,False,False,False,False,False,False,1,Rendah,0,1,0,2
Warung Berkat,5.0,2,"V346+V5V, Jl. Angling Darma",Buleleng Regency,,+62 821-4575-6980,https://www.google.com/maps/search/?api1&queryWarung%20Berkat&query_place_idChIJORrMnMCb0S0RV7XE9LHOc2Q,Restaurant,False,False,False,False,False,False,False,0,Rendah,0,1,0,2
Warung Betutu,5.0,2,"V3QP+FQ7, Jl. Lely",Buleleng Regency,,,https://www.google.com/maps/search/?api1&queryWarung%20Betutu&query_place_idChIJz1orGuub0S0RNei2q7RG89k,Restaurant,False,False,False,False,False,False,False,0,Rendah,0,0,1,3
Warung Bu Narnik,5.0,1,Jl. Mayor Metra No.25a,Buleleng Regency,,,https://www.google.com/maps/search/?api1&queryWarung%20Bu%20Narnik&query_place_idChIJMfNH2neR0S0RWc-sUG8utYo,Restaurant,False,False,False,False,False,False,False,0,Rendah,0,0,1,3
Warung Bu Suci,5.0,1,"V32X+G9Q, Jl. I Dewa Made Kaler",Buleleng Regency,,+62 859-3137-4555,https://www.google.com/maps/search/?api1&queryWarung%20Bu%20Suci&query_place_idChIJr07nsDCR0S0R1SWdmuvBOyI,Restaurant,False,False,False,False,False,False,True,1,Rendah,0,1,0,2
Warung BUK DEK,5.0,1,,Tabanan Regency,,,https://www.google.com/maps/search/?api1&queryWarung%20BUK%20DEK&query_place_idChIJEzO8SUc60i0Ry5orcKNxk4M,Restaurant,False,False,False,False,False,False,False,0,Rendah,0,0,1,3
Warung D'Kampoeng,5.0,1,"F49C+2W5, Jl. Gelatik Dajan Peken",Tabanan Regency,,+62 831-1439-1751,https://www.google.com/maps/search/?api1&queryWarung%20D'Kampoeng&query_place_idChIJwfUeDWE70i0Rxi3X_rswfy8,Restaurant,False,False,False,False,False,False,True,1,Rendah,0,1,0,2
Warung Gandhi,5.0,2,F43C+RPM,Tabanan Regency,,+62 878-6159-7267,https://www.google.com/maps/search/?api1&queryWarung%20Gandhi&query_place_idChIJmcEwhlo70i0RD84vogxlpwg,Restaurant,False,False,False,False,False,False,False,0,Rendah,0,1,0,2
Warung Ibu Dayu,5.0,2,"F465+Q5M, Jl. Merdeka",Tabanan Regency,,,https://www.google.com/maps/search/?api1&queryWarung%20Ibu%20Dayu&query_place_idChIJZZdw72I60i0RnBFGJciHOY0,Restaurant,True,False,False,False,False,False,False,1,Rendah,0,0,1,3
Warung Jember Bu ridho,5.0,3,"F457+R55, Jl. P.Nias",Tabanan Regency,,,https://www.google.com/maps/search/?api1&queryWarung%20Jember%20Bu%20ridho&query_place_idChIJPXUVztU70i0RFAGhXoH1kQo,Restaurant,False,False,False,False,False,False,True,1,Rendah,0,0,1,3
Warung Lalapan Madan,5.0,1,,Tabanan Regency,,+62 857-9284-8747,https://www.google.com/maps/search/?api1&queryWarung%20Lalapan%20Madan&query_place_idChIJBY5AnkA60i0R6C2covu23Co,Restaurant,False,False,False,False,False,False,False,0,Rendah,0,1,0,2
Warung Luh Swan,5.0,2,"R3WR+2F5, Jl. Ki Barak Panji",Buleleng Regency,,+62 877-6283-0522,https://www.google.com/maps/search/?api1&queryWarung%20Luh%20Swan&query_place_idChIJ3zWxbECb0S0RZ8skgR5pRuA,Restaurant,False,False,False,False,False,False,False,0,Rendah,0,1,0,2
Warung makan Jokwi,5.0,1,"V3JF+7XX, Jl. Ahmad Yani Barat",Buleleng Regency,,+62 812-3945-8498,https://www.google.com/maps/search/?api1&queryWarung%20makan%20Jokwi&query_place_idChIJAyGF4jOb0S0RqBwntixsnwU,Restaurant,False,False,False,False,False,False,False,0,Rendah,0,1,0,2
Warung Makan Muslim Buk Karima,5.0,7,Jl. Kamboja No.17,Tabanan Regency,,,https://www.google.com/maps/search/?api1&queryWarung%20Makan%20Muslim%20Buk%20Karima&query_place_idChIJj5eyAAI70i0RhJ1-qeo9SFE,Restaurant,False,False,False,False,False,False,True,1,Rendah,0,0,1,3
Warung Makan Sari Tani Mek Tut,5.0,1,"W436+RJW, Jl. WR Supratman",Singaraja,,+62 878-6177-2971,https://www.google.com/maps/search/?api1&queryWarung%20Makan%20Sari%20Tani%20Mek%20Tut&query_place_idChIJ68M6UVuR0S0RC_2pAUIW15Q,Restaurant,False,False,False,False,False,False,False,0,Rendah,0,1,0,2
Warung Mastari,5.0,3,V4GF+CC8,Buleleng Regency,,+62 819-3664-4536,https://www.google.com/maps/search/?api1&queryWarung%20Mastari&query_place_idChIJL4yfcdSR0S0Rv608Fs30plI,Restaurant,False,False,False,False,False,False,False,0,Rendah,0,1,0,2
Warung Mawar,5.0,1,Jl. Mawar No.138,Tabanan Regency,,,https://www.google.com/maps/search/?api1&queryWarung%20Mawar&query_place_idChIJ42mGcj860i0R3I9L8oa49I4,Restaurant,False,False,True,False,False,False,False,1,Rendah,0,0,1,3
WARUNG MAYAN YOGA,5.0,1,Jl. Garuda No.8,Tabanan Regency,,,https://www.google.com/maps/search/?api1&queryWARUNG%20MAYAN%20YOGA&query_place_idChIJk0CNI4g60i0RaJsa5pKWuHA,Restaurant,False,False,False,False,False,False,False,0,Rendah,0,0,1,3
Warung Mooi Home Kitchen & Foodtruck on call,5.0,3,Jl. Srikandi Gg. Melur No.26,Buleleng Regency,,+62 878-5238-8881,https://www.google.com/maps/search/?api1&queryWarung%20Mooi%20Home%20Kitchen%20%26%20Foodtruck%20on%20call&query_place_idChIJRSyKllib0S0RC-hcpqSHIwM,Restaurant,False,False,True,False,False,False,False,1,Rendah,0,1,0,2
Warung muslim bu Wardi,5.0,1,Jl. Seririt- Singaraja,Buleleng Regency,,+62 857-3720-5100,https://www.google.com/maps/search/?api1&queryWarung%20muslim%20bu%20Wardi&query_place_idChIJ28SkbqSb0S0REtzUGN-JVas,Restaurant,True,True,False,False,False,False,False,2,Sedang,0,1,0,2
Warung nasi Jinggo + Canang Sari,5.0,1,V39F+HMP,Buleleng Regency,,,https://www.google.com/maps/search/?api1&queryWarung%20nasi%20Jinggo%20%2B%20Canang%20Sari&query_place_idChIJ2dYpcqWb0S0Rhuwmbh02eSQ,Restaurant,False,False,False,False,False,False,False,0,Rendah,0,0,1,3
Warung Nasi Jinggo Pak Yan Kacung,5.0,3,,Tabanan Regency,,+62 852-0572-6667,https://www.google.com/maps/search/?api1&queryWarung%20Nasi%20Jinggo%20Pak%20Yan%20Kacung&query_place_idChIJw6o0c5470i0RkGs_tQFiOJc,Restaurant,False,False,False,False,False,False,False,0,Rendah,0,1,0,2
Warung Nasi Sedap - Dauh Peken,5.0,7,Jl. P. Seribu No.6,Tabanan Regency,,+62 896-5645-8785,https://www.google.com/maps/search/?api1&queryWarung%20Nasi%20Sedap%20-%20Dauh%20Peken&query_place_idChIJHdDTD8070i0Rk2Xq1qdp86E,Restaurant,False,False,True,False,False,False,True,2,Sedang,0,1,0,2
Warung Petani's 2,5.0,1,F44C+8G3,Tabanan Regency,,,https://www.google.com/maps/search/?api1&queryWarung%20Petani's%202%2C%20Tabanan&query_place_idChIJjS4d3Vw60i0RliI8gVrcUow,Restaurant,False,False,True,False,False,False,False,1,Rendah,0,0,1,3
Warung Sate Bu Har,5.0,1,Baktiseraga No 33,Buleleng Regency,,,https://www.google.com/maps/search/?api1&queryWarung%20Sate%20Bu%20Har&query_place_idChIJk0r_Su2b0S0RtESJKC_VPJ4,Restaurant,False,False,False,False,False,False,False,0,Rendah,0,0,1,3
Warung Sundari Banyuwangi,5.0,4,Jl. Dr. Ir. Soekarno No.38,Tabanan Regency,,+62 852-0572-1163,https://www.google.com/maps/search/?api1&queryWarung%20Sundari%20Banyuwangi&query_place_idChIJd-O-H5w70i0RcwWaY5WJCPY,Restaurant,False,False,False,False,False,False,False,0,Rendah,0,1,0,2
WARUNG SUNSET,5.0,9,"V4FJ+HF4, Jl. Raya Jinengdalem",Buleleng Regency,,+62 858-2962-4540,https://www.google.com/maps/search/?api1&queryWARUNG%20SUNSET&query_place_idChIJ3bOfE-6R0S0RqgNV1iUyRVU,Restaurant,True,False,False,False,False,False,False,1,Rendah,0,1,0,2
Warung Widya Bali,5.0,9,Jl. P. Samosir No.17,Buleleng Regency,,+62 819-9978-8803,https://www.google.com/maps/search/?api1&queryWarung%20Widya%20Bali&query_place_idChIJY4Bq63mR0S0RJIkGnI5kw4k,Restaurant,False,False,True,False,False,False,True,2,Sedang,0,1,0,2
WASABI (Warung Sate Bisma) - Sate & Rawon,5.0,1,Jl. Bisma Bar. No.37,Buleleng Regency,,+62 895-2340-1856,https://www.google.com/maps/search/?api1&queryWASABI%20(Warung%20Sate%20Bisma)%20-%20Sate%20%26%20Rawon&query_place_idChIJmYdOPnKb0S0RoH9gwdcA0Cs,Restaurant,False,False,False,False,False,False,False,0,Rendah,0,1,0,2
Wisala Food Mart,5.0,3,V453+JJ4,Buleleng Regency,,+62 819-1567-2299,https://www.google.com/maps/search/?api1&queryWisala%20Food%20Mart&query_place_idChIJd0EeDXuQ0S0RKDp9HsLFMtI,Restaurant,False,False,False,False,False,False,False,0,Rendah,0,1,0,2
Sate Babi Buk Agung,5.0,1,Jl. Pulau Menjangan No.122,Buleleng Regency,,+62 812-3800-336,https://www.google.com/maps/search/?api1&querySate%20Babi%20Buk%20Agung&query_place_idChIJFQn_BUKR0S0R407LkZWhjeU,Satay restaurant,False,False,False,False,False,False,False,0,Rendah,0,1,0,2
Sate Celeng Kubuanyar Warung D'Jbrot,5.0,1,R3X4+R8Q,Buleleng Regency,,,https://www.google.com/maps/search/?api1&querySate%20Celeng%20Kubuanyar%20Warung%20D'Jbrot&query_place_idChIJn5MzuBeb0S0R_ihVZxzXMK0,Satay restaurant,False,False,False,False,False,False,False,0,Rendah,0,0,1,3
Warung Rindu Tipat Sate Babi,5.0,4,Jl. Srikandi,Buleleng Regency,,,https://www.google.com/maps/search/?api1&queryWarung%20Rindu%20Tipat%20Sate%20Babi&query_place_idChIJj9R410Cb0S0RMvKfb1C_xak,Satay restaurant,False,False,False,False,False,False,False,0,Rendah,0,0,1,3
Warung Sate Gule Kambing,5.0,1,"W438+XX4, Jl. Ratulangi",Singaraja,,+62 819-3461-0010,https://www.google.com/maps/search/?api1&queryWarung%20Sate%20Gule%20Kambing&query_place_idChIJF2y7QfKR0S0RIQOZeT2QtBg,Satay restaurant,False,False,False,False,False,False,False,0,Rendah,0,1,0,2
Warung sate madura,5.0,1,Jl. Setia Budi No.16,Buleleng Regency,,+62 812-4972-4830,https://www.google.com/maps/search/?api1&queryWarung%20sate%20madura&query_place_idChIJqcC6okWR0S0RG0ommHYML2c,Satay restaurant,False,False,False,False,False,False,False,0,Rendah,0,1,0,2
WR. SARI,5.0,3,"V4M8+W7P, Jalan Pulau Irian, Kelodan",Buleleng Regency,,+62 877-6281-7944,https://www.google.com/maps/search/?api1&queryWR.%20SARI&query_place_idChIJj3_fv0iR0S0RpSIAbSdrDJw,Seafood restaurant,False,False,False,False,False,False,True,1,Rendah,0,1,0,2
Blayag banjar jawa,5.0,4,Jl. Gajah Mada No.4,Buleleng Regency,,,https://www.google.com/maps/search/?api1&queryBlayag%20banjar%20jawa&query_place_idChIJp95_faCR0S0RPx_PDI0SPec,Small plates restaurant,False,False,False,False,False,False,False,0,Rendah,0,0,1,3
Warung Nasi Be Genyol Bu Socing,5.0,1,Jl. Anggrek No.6Dauh,Tabanan Regency,,,https://www.google.com/maps/search/?api1&queryWarung%20Nasi%20Be%20Genyol%20Bu%20Socing&query_place_idChIJSxCNT6070i0R7Aq3d19rRDw,Small plates restaurant,False,False,False,False,False,False,False,0,Rendah,0,0,1,3
slankus house,5.0,2,Jl. Ketut Cakra No.14,Buleleng Regency,,+62 857-3582-82669,https://www.google.com/maps/search/?api1&queryslankus%20house&query_place_idChIJKRwiURyb0S0RweCGxz9glW4,Snack bar,False,False,False,False,False,False,True,1,Rendah,0,1,0,2
Warung Tipat Ayu Pemaron Aneka Tipat,5.0,1,"Gang Sumbawa 18, Br Dinas Dauh Margi",Buleleng Regency,,,https://www.google.com/maps/search/?api1&queryWarung%20Tipat%20Ayu%20Pemaron%20Aneka%20Tipat%2C%20Lalapan%2C%20Sosis%20Goreng%20%26%20Ice%20Cream%20Halocoko&query_place_idChIJs4JkeACb0S0RQ3BJU5Hg9Lg,Snack bar,False,False,False,False,False,False,False,0,Rendah,0,0,1,3
Soto Ayam dan Sate Ayam Jalan Manggis Singaraja,5.0,1,"V3VQ+24V, Jl. Manggis",Buleleng Regency,,,https://www.google.com/maps/search/?api1&querySoto%20Ayam%20dan%20Sate%20Ayam%20Jalan%20Manggis%20Singaraja&query_place_idChIJJWaWWgCb0S0RouTlIgrJQXM,Soto ayam restaurant,False,False,False,False,False,False,False,0,Rendah,0,0,1,3
SOTO DGM (Dauh Gedung Mario),5.0,1,Jl. Sri Gunting No.1,Tabanan Regency,,+62 819-9939-3137,https://www.google.com/maps/search/?api1&querySOTO%20DGM%20(Dauh%20Gedung%20Mario)&query_place_idChIJ-T7jOHk70i0Rb5kDXQ7o8yc,Soto restaurant,False,False,False,False,False,False,False,0,Rendah,0,1,0,2
NASI GORENG ALA THAILAND 99,5.0,5,"F477+XRH, Jl. Rajawali No.7",Tabanan Regency,,+62 857-3330-3114,https://www.google.com/maps/search/?api1&queryNASI%20GORENG%20ALA%20THAILAND%2099&query_place_idChIJ-zksCgA70i0RNzxezAw765Y,Soup kitchen,False,False,False,False,False,False,True,1,Rendah,0,1,0,2
KYU KYU Brownie Chips,5.0,1,F4C7+VJ7,Tabanan Regency,,,https://www.google.com/maps/search/?api1&queryKYU%20KYU%20Brownie%20Chips&query_place_idChIJTdWqj6s70i0RSHjZssTILoo,Takeout Restaurant,False,False,False,False,True,False,True,2,Sedang,0,0,1,3
Koi-Tako Tabanan,5.0,1,Jl. Anggrek No.2,Tabanan Regency,,,https://www.google.com/maps/search/?api1&queryKoi-Tako%20Tabanan&query_place_idChIJRRjUWHI70i0Rl7UPhTLwxA4,Takoyaki restaurant,True,False,True,False,False,False,True,3,Sedang,0,0,1,3
Sok Tahu,5.0,2,F456+F2J,Tabanan Regency,,,https://www.google.com/maps/search/?api1&querySok%20Tahu&query_place_idChIJZ877Bqg70i0RRxJ9xynNjAY,Tofu restaurant,True,True,True,False,False,True,False,4,Tinggi,0,0,1,3
Tahu Goreng Jatra,5.0,1,"F468+C75, Jl. P. Buton",Tabanan Regency,,,https://www.google.com/maps/search/?api1&queryTahu%20Goreng%20Jatra&query_place_idChIJ7aOJv4U70i0RVnQoDp-UHgQ,Tofu restaurant,False,False,False,False,False,False,False,0,Rendah,0,0,1,3
Tahu Walek Mbok Eluk,5.0,2,"W439+3MQ, Gg. Onta",Buleleng Regency,,+62 813-3373-0649,https://www.google.com/maps/search/?api1&queryTahu%20Walek%20Mbok%20Eluk&query_place_idChIJEc-yTfmR0S0Rmu_0pOPAJrg,Tofu restaurant,False,False,False,False,False,False,False,0,Rendah,0,1,0,2
Sara restaurant &bar,4.0,1,"Jembatan, Jl. Surapati No.12 - 14",Buleleng Regency,,,https://www.google.com/maps/search/?api1&querySara%20restaurant%20%26bar&query_place_idChIJPz4myyKb0S0R_RbVlo41Lk8,Asian restaurant,False,False,False,False,False,False,False,0,Rendah,0,0,1,3
Warung Sempol Pak Iksan,4.0,1,Jl. Jalak Putih Utama No.65,Buleleng Regency,,,https://www.google.com/maps/search/?api1&queryWarung%20Sempol%20Pak%20Iksan&query_place_idChIJtRjoFgCb0S0RVE4aYkSiU9k,Asian restaurant,False,False,False,False,False,False,True,1,Rendah,0,0,1,3
Bakso Babi Versi Banjar,4.0,3,Gg. Dahlia No.1,Buleleng Regency,,+62 852-3805-3199,https://www.google.com/maps/search/?api1&queryBakso%20Babi%20Versi%20Banjar&query_place_idChIJP3pU7lqb0S0R14UR_LeRLr8,Bakso restaurant,False,False,False,False,False,False,False,0,Rendah,0,1,0,2
BAKSO HOKI petandakan,4.0,1,"V47F+Q4H, Jl. Pulau Menjangan",Buleleng Regency,,,https://www.google.com/maps/search/?api1&queryBAKSO%20HOKI%20petandakan&query_place_idChIJrfMrHNuR0S0R0GSiE7ohYXc,Bakso restaurant,False,False,False,False,False,False,False,0,Rendah,0,0,1,3
Bakso VEGA,4.0,3,V33F+6FP,Buleleng Regency,,+62 852-3848-5006,https://www.google.com/maps/search/?api1&queryBakso%20VEGA&query_place_idChIJu05TA0Wb0S0RtgSKXmwFn5o,Bakso restaurant,False,False,False,False,False,False,False,0,Rendah,0,1,0,2
Warung Bakso B2 Cabang Banyuatis,4.0,1,V38C+W87,Buleleng Regency,,+62 838-3232-8942,https://www.google.com/maps/search/?api1&queryWarung%20Bakso%20B2%20Cabang%20Banyuatis&query_place_idChIJBdCjliKb0S0Rvk2g1GEWvMU,Bakso restaurant,False,False,False,False,False,False,False,0,Rendah,0,1,0,2
Kedai_88,4.0,5,Jl. Kenyeri No.16,Tabanan Regency,,+62 895-7005-30203,https://www.google.com/maps/search/?api1&queryKedai_88&query_place_idChIJCUt6wVs60i0R_1o-CDWO3VA,Brunch restaurant,False,False,False,False,False,False,True,1,Rendah,0,1,0,2
Ayam Geprek Uleeg,4.0,4,"F42F+293, Jl. Dr. Ir. Soekarno",Tabanan Regency,http://www.instagram.com/ayamgeprekuleeg.tbnn,,https://www.google.com/maps/search/?api1&queryAyam%20Geprek%20Uleeg%2C%20Cabang%20Tabanan&query_place_idChIJb2Y_MrM70i0Rmf-mFUStVzw,Chicken restaurant,False,False,True,False,False,True,True,3,Sedang,1,0,2,1
Boboo Chicken Bali,4.0,2,Jl. Ratna No.2,Tabanan Regency,,+62 822-3656-5264,https://www.google.com/maps/search/?api1&queryBoboo%20Chicken%20Bali&query_place_idChIJPwb-LyE70i0RDCjqGlTgfjg,Chicken restaurant,False,False,False,False,False,False,True,1,Rendah,0,1,0,2
Warung Nasi Ayam Betutu,4.0,1,"V3WQ+CJ9, Jl. Erlangga Jl. Pelabuhan Buleleng",Buleleng Regency,,+62 878-6321-0520,https://www.google.com/maps/search/?api1&queryWarung%20Nasi%20Ayam%20Betutu&query_place_idChIJlUcMrfib0S0RpdGb8bVO8hw,Chicken restaurant,False,False,False,False,False,False,False,0,Rendah,0,1,0,2
AYAM KECAK,4.0,1,V3MR+QQJ,Buleleng Regency,,+62 878-6036-1898,https://www.google.com/maps/search/?api1&queryAYAM%20KECAK&query_place_idChIJAU8yw8qb0S0RJcyRd9-f8AY,Fast food restaurant,False,False,False,False,False,False,True,1,Rendah,0,1,0,2
Warung Ikan Asap,4.0,1,"F42C+GG2, Jl. Dr. Ir. Soekarno",Tabanan Regency,,+62 821-3666-4824,https://www.google.com/maps/search/?api1&queryWarung%20Ikan%20Asap&query_place_idChIJT_aC0l470i0R4ZpJOgwmyLo,Ikan bakar restaurant,False,False,False,False,False,False,False,0,Rendah,0,1,0,2
Kubu Lodek Tut Apuk,4.0,1,Jl. Setia Budi No.173,Buleleng Regency,,,https://www.google.com/maps/search/?api1&queryKubu%20Lodek%20Tut%20Apuk&query_place_idChIJGf-bFACR0S0RfcBtiPKPHu0,Indonesian restaurant,False,False,False,False,False,False,False,0,Rendah,0,0,1,3
Warung Tipat Bu Mangku,4.0,1,"V3PP+Q82, Jl. Angsana",Buleleng Regency,,,https://www.google.com/maps/search/?api1&queryWarung%20Tipat%20Bu%20Mangku&query_place_idChIJAUXB2bSb0S0Rhc2u3SfNogM,Indonesian restaurant,False,False,False,False,False,False,False,0,Rendah,0,0,1,3
Warung Lalapan Jawa Timur,4.0,1,Jl. Anyelir No.531,Tabanan Regency,,,https://www.google.com/maps/search/?api1&queryWarung%20Lalapan%20Jawa%20Timur&query_place_idChIJ5cnUSGk60i0RJKB1PVIQbtk,Javanese restaurant,False,False,False,False,False,False,True,1,Rendah,0,0,1,3
Warung Lalapan Muslim,4.0,5,"F43C+629, Jl. Jepun",Tabanan Regency,,+62 878-6154-7799,https://www.google.com/maps/search/?api1&queryWarung%20Lalapan%20Muslim&query_place_idChIJpfpF5kI60i0RZg7QBXF7AdI,Javanese restaurant,False,False,False,False,False,False,False,0,Rendah,0,1,0,2
Babi Guling Merta Nadi,4.0,4,Jl. Mawar No.80,Tabanan Regency,,+62 878-6108-1869,https://www.google.com/maps/search/?api1&queryBabi%20Guling%20Merta%20Nadi&query_place_idChIJyTSo1fA70i0RnIMUuzUyfd8,Nasi restaurant,False,False,False,False,False,False,False,0,Rendah,0,1,0,2
NASI GORENG SENDEKALA,4.0,4,Jl. Laksamana No.153,Buleleng Regency,,,https://www.google.com/maps/search/?api1&queryNASI%20GORENG%20SENDEKALA&query_place_idChIJM_CYRQCb0S0RamKfxXk596s,Nasi restaurant,True,False,False,False,False,False,False,1,Rendah,0,0,1,3
WARUNG MAKAN BELIMBING SARI,4.0,6,Jl. Sriamerta No.22,Buleleng Regency,,,https://www.google.com/maps/search/?api1&queryWARUNG%20MAKAN%20BELIMBING%20SARI&query_place_idChIJu47A0GSa0S0RpZynHV_thx0,Nasi restaurant,False,False,False,False,False,False,False,0,Rendah,0,0,1,3
Warung MAMI,4.0,1,Gg. VI No.18,Tabanan Regency,,+62 898-0553-985,https://www.google.com/maps/search/?api1&queryWarung%20MAMI&query_place_idChIJMy_F1wk70i0RcDC9nUfLofk,Nasi restaurant,False,False,False,False,False,False,True,1,Rendah,0,1,0,2
B'dlodd Resto,4.0,377,Jl. Natuna No.48,Buleleng Regency,,+62 817-7952-7674,https://www.google.com/maps/search/?api1&queryB'dlodd%20Resto&query_place_idChIJYaQMCUmX0S0RgpWBOCsxiGI,Restaurant,True,True,False,False,False,True,False,3,Sedang,0,1,0,2
Dagang Lindung,4.0,2,No Jl. Gajah Mada No.135,Tabanan Regency,,,https://www.google.com/maps/search/?api1&queryDagang%20Lindung&query_place_idChIJ5XEWx1460i0Rg3BZK-xCvkw,Restaurant,False,False,False,False,False,False,False,0,Rendah,0,0,1,3
Danke Cafe,4.0,226,Jl. Udayana,Buleleng Regency,,+62 811-3802-423,https://www.google.com/maps/search/?api1&queryDanke%20Cafe&query_place_idChIJsb_qxPub0S0RSW2p2wl61Qw,Restaurant,False,False,False,False,False,False,False,0,Rendah,0,1,0,2
Mawar Saron Restaurant,4.0,5,V384+VXQ Lovina Beach,Buleleng Regency,,+62 362 41745,https://www.google.com/maps/search/?api1&queryMawar%20Saron%20Restaurant&query_place_idChIJ3bW5aVea0S0RfgH42kts79E,Restaurant,False,False,False,False,False,False,False,0,Rendah,0,1,0,2
Orte Cafe Bali,4.0,190,Jl. Dewi Sartika Selatan No.11,Buleleng Regency,,,https://www.google.com/maps/search/?api1&queryOrte%20Cafe%20Bali&query_place_idChIJ0ZL7fzOb0S0Rg8f4T8ZmoNQ,Restaurant,True,False,False,False,False,False,True,2,Sedang,0,0,1,3
Upik Dermaga Resto,4.0,27,"V3WQ+8J8, Jalan Pelabuhan",Buleleng Regency,,+62 878-6307-4111,https://www.google.com/maps/search/?api1&queryUpik%20Dermaga%20Resto&query_place_idChIJz0hHCwaa0S0RqkzC1BJuo5g,Restaurant,False,False,False,False,False,False,False,0,Rendah,0,1,0,2
Warung Bamboo Lovina,4.0,6,,Buleleng Regency,,,https://www.google.com/maps/search/?api1&queryWarung%20Bamboo%20Lovina&query_place_idChIJobsitP2a0S0RHiJu4WYONZw,Restaurant,True,False,False,False,False,False,False,1,Rendah,0,0,1,3
Warung Dadi Wahana Bermain Anak,4.0,356,"Perumahan Griya Dhadi Idaman, Jl. Jepun No.No",Tabanan Regency,,+62 877-6189-7816,https://www.google.com/maps/search/?api1&queryWarung%20Dadi%20Wahana%20Bermain%20Anak&query_place_idChIJJZpDryI70i0RbORo1ZY03gk,Restaurant,True,False,True,False,False,False,False,2,Sedang,0,1,0,2
Warung Luh Gembrong,4.0,26,Jalan Tanjung No.22,Buleleng Regency,http://www.instagram.com/warungluhgembrong/,+62 812-3627-0055,https://www.google.com/maps/search/?api1&queryWarung%20Luh%20Gembrong&query_place_idChIJfzIKN6ib0S0R-29ETo1qETs,Restaurant,True,False,True,False,False,False,True,3,Sedang,1,1,2,1
warung makan ibu putu,4.0,1,Jl. Mawar No.Kec No.85,Tabanan Regency,,+62 822-4704-1826,https://www.google.com/maps/search/?api1&querywarung%20makan%20ibu%20putu&query_place_idChIJs0Vyv0A60i0RgYGd9Zq8VS4,Restaurant,False,False,False,False,False,False,False,0,Rendah,0,1,0,2
Warung Nusantara Sambangan,4.0,1,"V3CH+J2X, Jl. Laksamana-Baktiseraga",Buleleng Regency,,,https://www.google.com/maps/search/?api1&queryWarung%20Nusantara%20Sambangan&query_place_idChIJpatQOGSa0S0R0AAiz-1Hh90,Restaurant,False,False,False,False,False,False,False,0,Rendah,0,0,1,3
Warung Pak Made,4.0,2,"R3WX+WMW, Jl. I Gst. Ketut Jejer",Buleleng Regency,,+62 852-3889-2082,https://www.google.com/maps/search/?api1&queryWarung%20Pak%20Made&query_place_idChIJNQ3oonSQ0S0RpizBe8qdSqc,Restaurant,False,False,False,False,False,False,False,0,Rendah,0,1,0,2
warung soto sate babi men sadri,4.0,3,Jl. Gajah Mada No.72,Buleleng Regency,,+62 877-5705-5533,https://www.google.com/maps/search/?api1&querywarung%20soto%20sate%20babi%20men%20sadri&query_place_idChIJJRAFjpiR0S0R8abJkAVpO30,Restaurant,False,False,False,False,False,False,True,1,Rendah,0,1,0,2
Warung Nasi Kuning,3.0,2,"V32P+FMQ, Jl. Sahadewa Jl. Ki Barak Panji",Buleleng Regency,,,https://www.google.com/maps/search/?api1&queryWarung%20Nasi%20Kuning&query_place_idChIJy45XJVeb0S0RP6KRhcxEaAM,Breakfast restaurant,False,False,False,False,False,False,False,0,Rendah,0,0,1,3
Lalapan Seafood Cak Dhyo,3.0,3,"W429+8F9, Jl. Samratulangi",Buleleng Regency,,+62 859-6720-6263,https://www.google.com/maps/search/?api1&queryLalapan%20Seafood%20Cak%20Dhyo&query_place_idChIJtf5PcACR0S0R75kcfzIISAs,Chicken restaurant,True,False,False,False,False,False,True,2,Sedang,0,1,0,2
wareg syobak ayam,3.0,2,"V4Q5+695, Jl. Pulau Obi",Buleleng Regency,,+62 859-5387-8935,https://www.google.com/maps/search/?api1&querywareg%20syobak%20ayam&query_place_idChIJreN_dL2Q0S0RA_QODO8vjGo,Chicken restaurant,False,False,False,False,False,False,True,1,Rendah,0,1,0,2
Depot Selamet,3.0,2,"No. 48 B, Jl. Mawar Br. Gerokgak Gede",Tabanan Regency,,+62 361 812121,https://www.google.com/maps/search/?api1&queryDepot%20Selamet&query_place_idChIJR3rOalE70i0RteIKDXLZwkQ,Chinese restaurant,True,False,False,False,False,True,False,2,Sedang,0,1,0,2
Warung Dedek,3.0,2,"V3PP+WHF, Jl. Tasbih",Buleleng Regency,,,https://www.google.com/maps/search/?api1&queryWarung%20Dedek&query_place_idChIJeyLy7Qya0S0RYiFT2xlmvUA,Diner,False,False,False,False,False,False,False,0,Rendah,0,0,1,3
Nasi Goreng Khaira,3.0,1,"V3PR+MGP, Jl. Ngurah Rai",Buleleng Regency,,,https://www.google.com/maps/search/?api1&queryNasi%20Goreng%20Khaira&query_place_idChIJSxMY34Wb0S0RdDvHqj1awps,Indonesian restaurant,False,False,False,False,False,False,True,1,Rendah,0,0,1,3
Siobak Babi khelok 2,3.0,10,Jl. A. Yani No.290B,Buleleng Regency,,,https://www.google.com/maps/search/?api1&querySiobak%20Babi%20khelok%202&query_place_idChIJyaKsfQCb0S0RwwKoYSwxB5U,Indonesian restaurant,False,False,False,False,False,False,True,1,Rendah,0,0,1,3
Blue Fin Sushi,3.0,1,Jl. Udayana No.1,Buleleng Regency,,+62 812-2536-7107,https://www.google.com/maps/search/?api1&queryBlue%20Fin%20Sushi&query_place_idChIJPxwwmPmb0S0RuwzGSTVMYMc,Japanese restaurant,True,False,False,False,False,False,True,2,Sedang,0,1,0,2
PUTRA HARTA JAYA,3.0,1,W426+VPW,Buleleng Regency,,+62 877-5065-0065,https://www.google.com/maps/search/?api1&queryPUTRA%20HARTA%20JAYA&query_place_idChIJPXbgzN6R0S0Rxw6E0wxWAL0,Padang restaurant,False,False,False,False,False,False,False,0,Rendah,0,1,0,2
Babi Guling Bunda Corrine,3.0,1,Jl. Gempol,Buleleng Regency,,+62 859-2101-3446,https://www.google.com/maps/search/?api1&queryBabi%20Guling%20Bunda%20Corrine&query_place_idChIJueF1v7CR0S0RTaddnGBA7R8,Restaurant,False,False,False,False,False,False,False,0,Rendah,0,1,0,2
Rumah makan lagege 9,3.0,1,Jl. Angling Darma perum lestari utama No.25,Buleleng Regency,,,https://www.google.com/maps/search/?api1&queryRumah%20makan%20lagege%209%2Clalapan%20Chinese%20food&query_place_idChIJ_-5KCG-b0S0RS5OkcaW9pn8,Restaurant,False,False,False,False,False,False,False,0,Rendah,0,0,1,3
Sfc,3.0,4,Jl. Mawar No.80,Tabanan Regency,,,https://www.google.com/maps/search/?api1&querySfc&query_place_idChIJKTCV3EA60i0RkRe2_DMBbC8,Restaurant,False,False,False,False,False,False,False,0,Rendah,0,0,1,3
WARUNG LALAPAN DUA PUTRI,3.0,2,,Tabanan Regency,,,https://www.google.com/maps/search/?api1&queryWARUNG%20LALAPAN%20DUA%20PUTRI&query_place_idChIJs-ocTWE60i0RqQ2cbzpdUNU,Restaurant,False,False,False,False,False,False,True,1,Rendah,0,0,1,3
Warung Nasi Campur Bali,3.0,1,R4X5+PGH,Buleleng Regency,,+62 877-6285-1572,https://www.google.com/maps/search/?api1&queryWarung%20Nasi%20Campur%20Bali&query_place_idChIJq6qqqm2Q0S0R8_hAKTAmsvQ,Restaurant,False,False,False,False,False,False,False,0,Rendah,0,1,0,2
Warung Semeton Bali Wow 2,3.0,1,"W46H+5GX, Jl. Raya Kerobokan",Buleleng Regency,,+62 819-1562-4625,https://www.google.com/maps/search/?api1&queryWarung%20Semeton%20Bali%20Wow%202&query_place_idChIJ4Y64kauX0S0RKEdb8sCE2FI,Restaurant,False,False,True,False,False,False,False,1,Rendah,0,1,0,2
Warung suroboyoan sksd,3.0,2,Jl. Jelantik Gingsir No.44,Buleleng Regency,,+62 878-6451-2159,https://www.google.com/maps/search/?api1&queryWarung%20suroboyoan%20sksd&query_place_idChIJpaJ6amqR0S0ReAatattKmKg,Restaurant,False,False,False,False,False,False,False,0,Rendah,0,1,0,2
Warung Sate Madura 2 Junior Sakera,3.0,1,"W45G+XMQ, Jl. Raya Kerobokan",Buleleng Regency,,+62 853-3766-5236,https://www.google.com/maps/search/?api1&queryWarung%20Sate%20Madura%202%20Junior%20Sakera&query_place_idChIJRV5t0hyX0S0RTL6sIrXUiVY,Satay restaurant,False,False,False,False,False,False,False,0,Rendah,0,1,0,2
Warung Nenik,3.0,1,"V32P+QJC, jln kibarak panji sakti",Buleleng Regency,,,https://www.google.com/maps/search/?api1&queryWarung%20Nenik&query_place_idChIJR5bGvZua0S0RyfQGiwHz0-g,Small plates restaurant,False,False,False,False,False,False,False,0,Rendah,0,0,1,3
JAYA FRIED CHICKEN,2.0,4,"V424+9HF, Jl. Raya Sukasada",Buleleng Regency,,,https://www.google.com/maps/search/?api1&queryJAYA%20FRIED%20CHICKEN&query_place_idChIJ_SPy8G2Q0S0RFCyrOjURb4k,Restaurant,False,False,False,False,False,False,False,0,Rendah,0,0,1,3
Warung Bakso & Mie Ayam BUJAHROK,1.0,1,"V3XX+C6G, Jl. Surapati",Buleleng Regency,,+62 853-3745-3448,https://www.google.com/maps/search/?api1&queryWarung%20Bakso%20%26%20Mie%20Ayam%20BUJAHROK&query_place_idChIJQ5zr1NeR0S0Rba1a0Lt4oio,Bakso restaurant,False,False,False,False,False,False,False,0,Rendah,0,1,0,2
Winarti Catering Tabanan,1.0,3,Jl. Yeh Gangga I No.8,Tabanan Regency,,+62 878-6051-2998,https://www.google.com/maps/search/?api1&queryWinarti%20Catering%20Tabanan&query_place_idChIJMdWRLaM70i0RBRMUTmU8NJo,Family restaurant,True,False,True,False,False,False,False,2,Sedang,0,1,0,2
Babi Guling Singaraja,1.0,1,"V396+38G, Jl. Seririt- Singaraja",Buleleng Regency,,+62 822-4750-1418,https://www.google.com/maps/search/?api1&queryBabi%20Guling%20Singaraja&query_place_idChIJebDuHQCb0S0RaCC0373RHAE,Indonesian restaurant,False,False,False,False,False,False,True,1,Rendah,0,1,0,2
Nasi Goreng Jakarta & Lalapan,1.0,1,"V39F+X9M, Jl. Serma Karma",Buleleng Regency,,,https://www.google.com/maps/search/?api1&queryNasi%20Goreng%20Jakarta%20%26%20Lalapan&query_place_idChIJETKwGgKb0S0Ra5NPiFRk3Ds,Indonesian restaurant,False,False,False,False,False,False,False,0,Rendah,0,0,1,3
SMALLS BURGER,1.0,1,,Buleleng Regency,,,https://www.google.com/maps/search/?api1&querySMALLS%20BURGER&query_place_idChIJh7nwHPma0S0RVs6xVsLeYdI,Restaurant,False,False,False,False,False,False,False,0,Rendah,0,0,1,3
Warung Nasi Kuning Buk Lin,1.0,1,"V39M+JXG, Gg. Durian",Buleleng Regency,,,https://www.google.com/maps/search/?api1&queryWarung%20Nasi%20Kuning%20Buk%20Lin&query_place_idChIJlxjHvyKb0S0RLeVTQeltyW0,Restaurant,False,False,False,False,False,False,False,0,Rendah,0,0,1,3
Warung Banyuwangi,1.0,1,"V3HP+256 kolam Renang Yonif Raider 900, Jl. Sudirman",Buleleng Regency,,,https://www.google.com/maps/search/?api1&queryWarung%20Banyuwangi&query_place_idChIJf10WbYqb0S0RqEPAs0KWQb8,Tegal restaurant,False,False,False,False,False,False,False,0,Rendah,0,0,1,3
